solid NACA4412
  facet normal -9.943782e-01 -1.058863e-01 0.000000e+00
    outer loop
      vertex 0.00000000 0.00000000 0.00000000
      vertex 0.00000000 0.00000000 0.10000000
      vertex -0.00029850 0.00280320 0.10000000
    endloop
  endfacet
  facet normal -9.943782e-01 -1.058863e-01 0.000000e+00
    outer loop
      vertex 0.00000000 0.00000000 0.00000000
      vertex -0.00029850 0.00280320 0.10000000
      vertex -0.00029850 0.00280320 0.00000000
    endloop
  endfacet
  facet normal -9.972152e-01 7.457730e-02 0.000000e+00
    outer loop
      vertex -0.00029850 0.00280320 0.00000000
      vertex -0.00029850 0.00280320 0.10000000
      vertex -0.00008418 0.00566903 0.10000000
    endloop
  endfacet
  facet normal -9.972152e-01 7.457730e-02 0.000000e+00
    outer loop
      vertex -0.00029850 0.00280320 0.00000000
      vertex -0.00008418 0.00566903 0.10000000
      vertex -0.00008418 0.00566903 0.00000000
    endloop
  endfacet
  facet normal -9.703932e-01 2.415306e-01 0.000000e+00
    outer loop
      vertex -0.00008418 0.00566903 0.00000000
      vertex -0.00008418 0.00566903 0.10000000
      vertex 0.00064436 0.00859604 0.10000000
    endloop
  endfacet
  facet normal -9.703932e-01 2.415306e-01 0.000000e+00
    outer loop
      vertex -0.00008418 0.00566903 0.00000000
      vertex 0.00064436 0.00859604 0.10000000
      vertex 0.00064436 0.00859604 0.00000000
    endloop
  endfacet
  facet normal -9.231365e-01 3.844723e-01 0.000000e+00
    outer loop
      vertex 0.00064436 0.00859604 0.00000000
      vertex 0.00064436 0.00859604 0.10000000
      vertex 0.00188797 0.01158202 0.10000000
    endloop
  endfacet
  facet normal -9.231365e-01 3.844723e-01 0.000000e+00
    outer loop
      vertex 0.00064436 0.00859604 0.00000000
      vertex 0.00188797 0.01158202 0.10000000
      vertex 0.00188797 0.01158202 0.00000000
    endloop
  endfacet
  facet normal -8.656851e-01 5.005890e-01 0.000000e+00
    outer loop
      vertex 0.00188797 0.01158202 0.00000000
      vertex 0.00188797 0.01158202 0.10000000
      vertex 0.00364702 0.01462399 0.10000000
    endloop
  endfacet
  facet normal -8.656851e-01 5.005890e-01 0.000000e+00
    outer loop
      vertex 0.00188797 0.01158202 0.00000000
      vertex 0.00364702 0.01462399 0.10000000
      vertex 0.00364702 0.01462399 0.00000000
    endloop
  endfacet
  facet normal -8.057627e-01 5.922385e-01 0.000000e+00
    outer loop
      vertex 0.00364702 0.01462399 0.00000000
      vertex 0.00364702 0.01462399 0.10000000
      vertex 0.00592132 0.01771827 0.10000000
    endloop
  endfacet
  facet normal -8.057627e-01 5.922385e-01 0.000000e+00
    outer loop
      vertex 0.00364702 0.01462399 0.00000000
      vertex 0.00592132 0.01771827 0.10000000
      vertex 0.00592132 0.01771827 0.00000000
    endloop
  endfacet
  facet normal -7.479028e-01 6.638082e-01 0.000000e+00
    outer loop
      vertex 0.00592132 0.01771827 0.00000000
      vertex 0.00592132 0.01771827 0.10000000
      vertex 0.00871016 0.02086041 0.10000000
    endloop
  endfacet
  facet normal -7.479028e-01 6.638082e-01 0.000000e+00
    outer loop
      vertex 0.00592132 0.01771827 0.00000000
      vertex 0.00871016 0.02086041 0.10000000
      vertex 0.00871016 0.02086041 0.00000000
    endloop
  endfacet
  facet normal -6.942167e-01 7.197661e-01 0.000000e+00
    outer loop
      vertex 0.00871016 0.02086041 0.00000000
      vertex 0.00871016 0.02086041 0.10000000
      vertex 0.01201227 0.02404531 0.10000000
    endloop
  endfacet
  facet normal -6.942167e-01 7.197661e-01 0.000000e+00
    outer loop
      vertex 0.00871016 0.02086041 0.00000000
      vertex 0.01201227 0.02404531 0.10000000
      vertex 0.01201227 0.02404531 0.00000000
    endloop
  endfacet
  facet normal -6.453598e-01 7.638787e-01 0.000000e+00
    outer loop
      vertex 0.01201227 0.02404531 0.00000000
      vertex 0.01201227 0.02404531 0.10000000
      vertex 0.01582585 0.02726720 0.10000000
    endloop
  endfacet
  facet normal -6.453598e-01 7.638787e-01 0.000000e+00
    outer loop
      vertex 0.01201227 0.02404531 0.00000000
      vertex 0.01582585 0.02726720 0.10000000
      vertex 0.01582585 0.02726720 0.00000000
    endloop
  endfacet
  facet normal -6.012385e-01 7.990696e-01 0.000000e+00
    outer loop
      vertex 0.01582585 0.02726720 0.00000000
      vertex 0.01582585 0.02726720 0.10000000
      vertex 0.02014850 0.03051966 0.10000000
    endloop
  endfacet
  facet normal -6.012385e-01 7.990696e-01 0.000000e+00
    outer loop
      vertex 0.01582585 0.02726720 0.00000000
      vertex 0.02014850 0.03051966 0.10000000
      vertex 0.02014850 0.03051966 0.00000000
    endloop
  endfacet
  facet normal -5.614296e-01 8.275245e-01 0.000000e+00
    outer loop
      vertex 0.02014850 0.03051966 0.00000000
      vertex 0.02014850 0.03051966 0.10000000
      vertex 0.02497727 0.03379571 0.10000000
    endloop
  endfacet
  facet normal -5.614296e-01 8.275245e-01 0.000000e+00
    outer loop
      vertex 0.02014850 0.03051966 0.00000000
      vertex 0.02497727 0.03379571 0.10000000
      vertex 0.02497727 0.03379571 0.00000000
    endloop
  endfacet
  facet normal -5.254027e-01 8.508537e-01 0.000000e+00
    outer loop
      vertex 0.02497727 0.03379571 0.00000000
      vertex 0.02497727 0.03379571 0.10000000
      vertex 0.03030861 0.03708781 0.10000000
    endloop
  endfacet
  facet normal -5.254027e-01 8.508537e-01 0.000000e+00
    outer loop
      vertex 0.02497727 0.03379571 0.00000000
      vertex 0.03030861 0.03708781 0.10000000
      vertex 0.03030861 0.03708781 0.00000000
    endloop
  endfacet
  facet normal -4.926271e-01 8.702405e-01 0.000000e+00
    outer loop
      vertex 0.03030861 0.03708781 0.00000000
      vertex 0.03030861 0.03708781 0.10000000
      vertex 0.03613837 0.04038794 0.10000000
    endloop
  endfacet
  facet normal -4.926271e-01 8.702405e-01 0.000000e+00
    outer loop
      vertex 0.03030861 0.03708781 0.00000000
      vertex 0.03613837 0.04038794 0.10000000
      vertex 0.03613837 0.04038794 0.00000000
    endloop
  endfacet
  facet normal -4.626177e-01 8.865579e-01 0.000000e+00
    outer loop
      vertex 0.03613837 0.04038794 0.00000000
      vertex 0.03613837 0.04038794 0.10000000
      vertex 0.04246183 0.04368760 0.10000000
    endloop
  endfacet
  facet normal -4.626177e-01 8.865579e-01 0.000000e+00
    outer loop
      vertex 0.03613837 0.04038794 0.00000000
      vertex 0.04246183 0.04368760 0.10000000
      vertex 0.04246183 0.04368760 0.00000000
    endloop
  endfacet
  facet normal -4.349501e-01 9.004546e-01 0.000000e+00
    outer loop
      vertex 0.04246183 0.04368760 0.00000000
      vertex 0.04246183 0.04368760 0.10000000
      vertex 0.04927361 0.04697792 0.10000000
    endloop
  endfacet
  facet normal -4.349501e-01 9.004546e-01 0.000000e+00
    outer loop
      vertex 0.04246183 0.04368760 0.00000000
      vertex 0.04927361 0.04697792 0.10000000
      vertex 0.04927361 0.04697792 0.00000000
    endloop
  endfacet
  facet normal -4.092618e-01 9.124170e-01 0.000000e+00
    outer loop
      vertex 0.04927361 0.04697792 0.00000000
      vertex 0.04927361 0.04697792 0.10000000
      vertex 0.05656774 0.05024968 0.10000000
    endloop
  endfacet
  facet normal -4.092618e-01 9.124170e-01 0.000000e+00
    outer loop
      vertex 0.04927361 0.04697792 0.00000000
      vertex 0.05656774 0.05024968 0.10000000
      vertex 0.05656774 0.05024968 0.00000000
    endloop
  endfacet
  facet normal -3.852471e-01 9.228134e-01 0.000000e+00
    outer loop
      vertex 0.05656774 0.05024968 0.00000000
      vertex 0.05656774 0.05024968 0.10000000
      vertex 0.06433762 0.05349337 0.10000000
    endloop
  endfacet
  facet normal -3.852471e-01 9.228134e-01 0.000000e+00
    outer loop
      vertex 0.05656774 0.05024968 0.00000000
      vertex 0.06433762 0.05349337 0.10000000
      vertex 0.06433762 0.05349337 0.00000000
    endloop
  endfacet
  facet normal -3.626501e-01 9.319254e-01 0.000000e+00
    outer loop
      vertex 0.06433762 0.05349337 0.00000000
      vertex 0.06433762 0.05349337 0.10000000
      vertex 0.07257600 0.05669927 0.10000000
    endloop
  endfacet
  facet normal -3.626501e-01 9.319254e-01 0.000000e+00
    outer loop
      vertex 0.06433762 0.05349337 0.00000000
      vertex 0.07257600 0.05669927 0.10000000
      vertex 0.07257600 0.05669927 0.00000000
    endloop
  endfacet
  facet normal -3.412570e-01 9.399700e-01 0.000000e+00
    outer loop
      vertex 0.07257600 0.05669927 0.00000000
      vertex 0.07257600 0.05669927 0.10000000
      vertex 0.08127504 0.05985746 0.10000000
    endloop
  endfacet
  facet normal -3.412570e-01 9.399700e-01 0.000000e+00
    outer loop
      vertex 0.07257600 0.05669927 0.00000000
      vertex 0.08127504 0.05985746 0.10000000
      vertex 0.08127504 0.05985746 0.00000000
    endloop
  endfacet
  facet normal -3.208897e-01 9.471166e-01 0.000000e+00
    outer loop
      vertex 0.08127504 0.05985746 0.00000000
      vertex 0.08127504 0.05985746 0.10000000
      vertex 0.09042621 0.06295794 0.10000000
    endloop
  endfacet
  facet normal -3.208897e-01 9.471166e-01 0.000000e+00
    outer loop
      vertex 0.08127504 0.05985746 0.00000000
      vertex 0.09042621 0.06295794 0.10000000
      vertex 0.09042621 0.06295794 0.00000000
    endloop
  endfacet
  facet normal -3.014000e-01 9.534978e-01 0.000000e+00
    outer loop
      vertex 0.09042621 0.06295794 0.00000000
      vertex 0.09042621 0.06295794 0.10000000
      vertex 0.10002040 0.06599066 0.10000000
    endloop
  endfacet
  facet normal -3.014000e-01 9.534978e-01 0.000000e+00
    outer loop
      vertex 0.09042621 0.06295794 0.00000000
      vertex 0.10002040 0.06599066 0.10000000
      vertex 0.10002040 0.06599066 0.00000000
    endloop
  endfacet
  facet normal -2.826644e-01 9.592189e-01 0.000000e+00
    outer loop
      vertex 0.10002040 0.06599066 0.00000000
      vertex 0.10002040 0.06599066 0.10000000
      vertex 0.11004784 0.06894556 0.10000000
    endloop
  endfacet
  facet normal -2.826644e-01 9.592189e-01 0.000000e+00
    outer loop
      vertex 0.10002040 0.06599066 0.00000000
      vertex 0.11004784 0.06894556 0.10000000
      vertex 0.11004784 0.06894556 0.00000000
    endloop
  endfacet
  facet normal -2.645802e-01 9.643637e-01 0.000000e+00
    outer loop
      vertex 0.11004784 0.06894556 0.00000000
      vertex 0.11004784 0.06894556 0.10000000
      vertex 0.12049816 0.07181268 0.10000000
    endloop
  endfacet
  facet normal -2.645802e-01 9.643637e-01 0.000000e+00
    outer loop
      vertex 0.11004784 0.06894556 0.00000000
      vertex 0.12049816 0.07181268 0.10000000
      vertex 0.12049816 0.07181268 0.00000000
    endloop
  endfacet
  facet normal -2.470617e-01 9.689998e-01 0.000000e+00
    outer loop
      vertex 0.12049816 0.07181268 0.00000000
      vertex 0.12049816 0.07181268 0.10000000
      vertex 0.13136035 0.07458217 0.10000000
    endloop
  endfacet
  facet normal -2.470617e-01 9.689998e-01 0.000000e+00
    outer loop
      vertex 0.12049816 0.07181268 0.00000000
      vertex 0.13136035 0.07458217 0.10000000
      vertex 0.13136035 0.07458217 0.00000000
    endloop
  endfacet
  facet normal -2.300377e-01 9.731817e-01 0.000000e+00
    outer loop
      vertex 0.13136035 0.07458217 0.00000000
      vertex 0.13136035 0.07458217 0.10000000
      vertex 0.14262282 0.07724436 0.10000000
    endloop
  endfacet
  facet normal -2.300377e-01 9.731817e-01 0.000000e+00
    outer loop
      vertex 0.13136035 0.07458217 0.00000000
      vertex 0.14262282 0.07724436 0.10000000
      vertex 0.14262282 0.07724436 0.00000000
    endloop
  endfacet
  facet normal -2.134492e-01 9.769542e-01 0.000000e+00
    outer loop
      vertex 0.14262282 0.07724436 0.00000000
      vertex 0.14262282 0.07724436 0.10000000
      vertex 0.15427339 0.07978982 0.10000000
    endloop
  endfacet
  facet normal -2.134492e-01 9.769542e-01 0.000000e+00
    outer loop
      vertex 0.14262282 0.07724436 0.00000000
      vertex 0.15427339 0.07978982 0.10000000
      vertex 0.15427339 0.07978982 0.00000000
    endloop
  endfacet
  facet normal -1.972469e-01 9.803538e-01 0.000000e+00
    outer loop
      vertex 0.15427339 0.07978982 0.00000000
      vertex 0.15427339 0.07978982 0.10000000
      vertex 0.16629931 0.08220944 0.10000000
    endloop
  endfacet
  facet normal -1.972469e-01 9.803538e-01 0.000000e+00
    outer loop
      vertex 0.15427339 0.07978982 0.00000000
      vertex 0.16629931 0.08220944 0.10000000
      vertex 0.16629931 0.08220944 0.00000000
    endloop
  endfacet
  facet normal -1.813903e-01 9.834112e-01 0.000000e+00
    outer loop
      vertex 0.16629931 0.08220944 0.00000000
      vertex 0.16629931 0.08220944 0.10000000
      vertex 0.17868728 0.08449440 0.10000000
    endloop
  endfacet
  facet normal -1.813903e-01 9.834112e-01 0.000000e+00
    outer loop
      vertex 0.16629931 0.08220944 0.00000000
      vertex 0.17868728 0.08449440 0.10000000
      vertex 0.17868728 0.08449440 0.00000000
    endloop
  endfacet
  facet normal -1.658458e-01 9.861517e-01 0.000000e+00
    outer loop
      vertex 0.17868728 0.08449440 0.00000000
      vertex 0.17868728 0.08449440 0.10000000
      vertex 0.19142346 0.08663630 0.10000000
    endloop
  endfacet
  facet normal -1.658458e-01 9.861517e-01 0.000000e+00
    outer loop
      vertex 0.17868728 0.08449440 0.00000000
      vertex 0.19142346 0.08663630 0.10000000
      vertex 0.19142346 0.08663630 0.00000000
    endloop
  endfacet
  facet normal -1.505859e-01 9.885969e-01 0.000000e+00
    outer loop
      vertex 0.19142346 0.08663630 0.00000000
      vertex 0.19142346 0.08663630 0.10000000
      vertex 0.20449351 0.08862717 0.10000000
    endloop
  endfacet
  facet normal -1.505859e-01 9.885969e-01 0.000000e+00
    outer loop
      vertex 0.19142346 0.08663630 0.00000000
      vertex 0.20449351 0.08862717 0.10000000
      vertex 0.20449351 0.08862717 0.00000000
    endloop
  endfacet
  facet normal -1.355879e-01 9.907653e-01 0.000000e+00
    outer loop
      vertex 0.20449351 0.08862717 0.00000000
      vertex 0.20449351 0.08862717 0.10000000
      vertex 0.21788263 0.09045949 0.10000000
    endloop
  endfacet
  facet normal -1.355879e-01 9.907653e-01 0.000000e+00
    outer loop
      vertex 0.20449351 0.08862717 0.00000000
      vertex 0.21788263 0.09045949 0.10000000
      vertex 0.21788263 0.09045949 0.00000000
    endloop
  endfacet
  facet normal -1.208334e-01 9.926728e-01 0.000000e+00
    outer loop
      vertex 0.21788263 0.09045949 0.00000000
      vertex 0.21788263 0.09045949 0.10000000
      vertex 0.23157553 0.09212627 0.10000000
    endloop
  endfacet
  facet normal -1.208334e-01 9.926728e-01 0.000000e+00
    outer loop
      vertex 0.21788263 0.09045949 0.00000000
      vertex 0.23157553 0.09212627 0.10000000
      vertex 0.23157553 0.09212627 0.00000000
    endloop
  endfacet
  facet normal -1.063078e-01 9.943333e-01 0.000000e+00
    outer loop
      vertex 0.23157553 0.09212627 0.00000000
      vertex 0.23157553 0.09212627 0.10000000
      vertex 0.24555655 0.09362103 0.10000000
    endloop
  endfacet
  facet normal -1.063078e-01 9.943333e-01 0.000000e+00
    outer loop
      vertex 0.23157553 0.09212627 0.00000000
      vertex 0.24555655 0.09362103 0.10000000
      vertex 0.24555655 0.09362103 0.00000000
    endloop
  endfacet
  facet normal -9.199908e-02 9.957591e-01 0.000000e+00
    outer loop
      vertex 0.24555655 0.09362103 0.00000000
      vertex 0.24555655 0.09362103 0.10000000
      vertex 0.25980959 0.09493788 0.10000000
    endloop
  endfacet
  facet normal -9.199908e-02 9.957591e-01 0.000000e+00
    outer loop
      vertex 0.24555655 0.09362103 0.00000000
      vertex 0.25980959 0.09493788 0.10000000
      vertex 0.25980959 0.09493788 0.00000000
    endloop
  endfacet
  facet normal -7.789793e-02 9.969613e-01 0.000000e+00
    outer loop
      vertex 0.25980959 0.09493788 0.00000000
      vertex 0.25980959 0.09493788 0.10000000
      vertex 0.27431823 0.09607152 0.10000000
    endloop
  endfacet
  facet normal -7.789793e-02 9.969613e-01 0.000000e+00
    outer loop
      vertex 0.25980959 0.09493788 0.00000000
      vertex 0.27431823 0.09607152 0.10000000
      vertex 0.27431823 0.09607152 0.00000000
    endloop
  endfacet
  facet normal -6.399702e-02 9.979501e-01 0.000000e+00
    outer loop
      vertex 0.27431823 0.09607152 0.00000000
      vertex 0.27431823 0.09607152 0.10000000
      vertex 0.28906571 0.09701725 0.10000000
    endloop
  endfacet
  facet normal -6.399702e-02 9.979501e-01 0.000000e+00
    outer loop
      vertex 0.27431823 0.09607152 0.00000000
      vertex 0.28906571 0.09701725 0.10000000
      vertex 0.28906571 0.09701725 0.00000000
    endloop
  endfacet
  facet normal -5.029074e-02 9.987346e-01 0.000000e+00
    outer loop
      vertex 0.28906571 0.09701725 0.00000000
      vertex 0.28906571 0.09701725 0.10000000
      vertex 0.30403499 0.09777102 0.10000000
    endloop
  endfacet
  facet normal -5.029074e-02 9.987346e-01 0.000000e+00
    outer loop
      vertex 0.28906571 0.09701725 0.00000000
      vertex 0.30403499 0.09777102 0.10000000
      vertex 0.30403499 0.09777102 0.00000000
    endloop
  endfacet
  facet normal -3.677488e-02 9.993236e-01 0.000000e+00
    outer loop
      vertex 0.30403499 0.09777102 0.00000000
      vertex 0.30403499 0.09777102 0.10000000
      vertex 0.31920878 0.09832941 0.10000000
    endloop
  endfacet
  facet normal -3.677488e-02 9.993236e-01 0.000000e+00
    outer loop
      vertex 0.30403499 0.09777102 0.00000000
      vertex 0.31920878 0.09832941 0.10000000
      vertex 0.31920878 0.09832941 0.00000000
    endloop
  endfacet
  facet normal -2.344637e-02 9.997251e-01 0.000000e+00
    outer loop
      vertex 0.31920878 0.09832941 0.00000000
      vertex 0.31920878 0.09832941 0.10000000
      vertex 0.33456957 0.09868966 0.10000000
    endloop
  endfacet
  facet normal -2.344637e-02 9.997251e-01 0.000000e+00
    outer loop
      vertex 0.31920878 0.09832941 0.00000000
      vertex 0.33456957 0.09868966 0.10000000
      vertex 0.33456957 0.09868966 0.00000000
    endloop
  endfacet
  facet normal -1.030306e-02 9.999469e-01 0.000000e+00
    outer loop
      vertex 0.33456957 0.09868966 0.00000000
      vertex 0.33456957 0.09868966 0.10000000
      vertex 0.35009965 0.09884968 0.10000000
    endloop
  endfacet
  facet normal -1.030306e-02 9.999469e-01 0.000000e+00
    outer loop
      vertex 0.33456957 0.09868966 0.00000000
      vertex 0.35009965 0.09884968 0.10000000
      vertex 0.35009965 0.09884968 0.00000000
    endloop
  endfacet
  facet normal 2.656463e-03 9.999965e-01 -0.000000e+00
    outer loop
      vertex 0.35009965 0.09884968 0.00000000
      vertex 0.35009965 0.09884968 0.10000000
      vertex 0.36578121 0.09880802 0.10000000
    endloop
  endfacet
  facet normal 2.656463e-03 9.999965e-01 0.000000e+00
    outer loop
      vertex 0.35009965 0.09884968 0.00000000
      vertex 0.36578121 0.09880802 0.10000000
      vertex 0.36578121 0.09880802 0.00000000
    endloop
  endfacet
  facet normal 1.543304e-02 9.998809e-01 -0.000000e+00
    outer loop
      vertex 0.36578121 0.09880802 0.00000000
      vertex 0.36578121 0.09880802 0.10000000
      vertex 0.38159627 0.09856392 0.10000000
    endloop
  endfacet
  facet normal 1.543304e-02 9.998809e-01 0.000000e+00
    outer loop
      vertex 0.36578121 0.09880802 0.00000000
      vertex 0.38159627 0.09856392 0.10000000
      vertex 0.38159627 0.09856392 0.00000000
    endloop
  endfacet
  facet normal 2.802706e-02 9.996072e-01 -0.000000e+00
    outer loop
      vertex 0.38159627 0.09856392 0.00000000
      vertex 0.38159627 0.09856392 0.10000000
      vertex 0.39752683 0.09811726 0.10000000
    endloop
  endfacet
  facet normal 2.802706e-02 9.996072e-01 0.000000e+00
    outer loop
      vertex 0.38159627 0.09856392 0.00000000
      vertex 0.39752683 0.09811726 0.10000000
      vertex 0.39752683 0.09811726 0.00000000
    endloop
  endfacet
  facet normal 3.939199e-02 9.992238e-01 -0.000000e+00
    outer loop
      vertex 0.39752683 0.09811726 0.00000000
      vertex 0.39752683 0.09811726 0.10000000
      vertex 0.41334431 0.09749369 0.10000000
    endloop
  endfacet
  facet normal 3.939199e-02 9.992238e-01 0.000000e+00
    outer loop
      vertex 0.39752683 0.09811726 0.00000000
      vertex 0.41334431 0.09749369 0.10000000
      vertex 0.41334431 0.09749369 0.00000000
    endloop
  endfacet
  facet normal 4.750119e-02 9.988712e-01 -0.000000e+00
    outer loop
      vertex 0.41334431 0.09749369 0.00000000
      vertex 0.41334431 0.09749369 0.10000000
      vertex 0.42920684 0.09673935 0.10000000
    endloop
  endfacet
  facet normal 4.750119e-02 9.988712e-01 0.000000e+00
    outer loop
      vertex 0.41334431 0.09749369 0.00000000
      vertex 0.42920684 0.09673935 0.10000000
      vertex 0.42920684 0.09673935 0.00000000
    endloop
  endfacet
  facet normal 5.525836e-02 9.984721e-01 -0.000000e+00
    outer loop
      vertex 0.42920684 0.09673935 0.00000000
      vertex 0.42920684 0.09673935 0.10000000
      vertex 0.44513646 0.09585776 0.10000000
    endloop
  endfacet
  facet normal 5.525836e-02 9.984721e-01 0.000000e+00
    outer loop
      vertex 0.42920684 0.09673935 0.00000000
      vertex 0.44513646 0.09585776 0.10000000
      vertex 0.44513646 0.09585776 0.00000000
    endloop
  endfacet
  facet normal 6.281969e-02 9.980249e-01 -0.000000e+00
    outer loop
      vertex 0.44513646 0.09585776 0.00000000
      vertex 0.44513646 0.09585776 0.10000000
      vertex 0.46111639 0.09485192 0.10000000
    endloop
  endfacet
  facet normal 6.281969e-02 9.980249e-01 0.000000e+00
    outer loop
      vertex 0.44513646 0.09585776 0.00000000
      vertex 0.46111639 0.09485192 0.10000000
      vertex 0.46111639 0.09485192 0.00000000
    endloop
  endfacet
  facet normal 7.019165e-02 9.975335e-01 -0.000000e+00
    outer loop
      vertex 0.46111639 0.09485192 0.00000000
      vertex 0.46111639 0.09485192 0.10000000
      vertex 0.47712982 0.09372513 0.10000000
    endloop
  endfacet
  facet normal 7.019165e-02 9.975335e-01 0.000000e+00
    outer loop
      vertex 0.46111639 0.09485192 0.00000000
      vertex 0.47712982 0.09372513 0.10000000
      vertex 0.47712982 0.09372513 0.00000000
    endloop
  endfacet
  facet normal 7.738061e-02 9.970016e-01 -0.000000e+00
    outer loop
      vertex 0.47712982 0.09372513 0.00000000
      vertex 0.47712982 0.09372513 0.10000000
      vertex 0.49316001 0.09248097 0.10000000
    endloop
  endfacet
  facet normal 7.738061e-02 9.970016e-01 0.000000e+00
    outer loop
      vertex 0.47712982 0.09372513 0.00000000
      vertex 0.49316001 0.09248097 0.10000000
      vertex 0.49316001 0.09248097 0.00000000
    endloop
  endfacet
  facet normal 8.439279e-02 9.964326e-01 -0.000000e+00
    outer loop
      vertex 0.49316001 0.09248097 0.00000000
      vertex 0.49316001 0.09248097 0.10000000
      vertex 0.50919023 0.09112330 0.10000000
    endloop
  endfacet
  facet normal 8.439279e-02 9.964326e-01 0.000000e+00
    outer loop
      vertex 0.49316001 0.09248097 0.00000000
      vertex 0.50919023 0.09112330 0.10000000
      vertex 0.50919023 0.09112330 0.00000000
    endloop
  endfacet
  facet normal 9.123431e-02 9.958295e-01 -0.000000e+00
    outer loop
      vertex 0.50919023 0.09112330 0.00000000
      vertex 0.50919023 0.09112330 0.10000000
      vertex 0.52520379 0.08965619 0.10000000
    endloop
  endfacet
  facet normal 9.123431e-02 9.958295e-01 0.000000e+00
    outer loop
      vertex 0.50919023 0.09112330 0.00000000
      vertex 0.52520379 0.08965619 0.10000000
      vertex 0.52520379 0.08965619 0.00000000
    endloop
  endfacet
  facet normal 9.791114e-02 9.951952e-01 -0.000000e+00
    outer loop
      vertex 0.52520379 0.08965619 0.00000000
      vertex 0.52520379 0.08965619 0.10000000
      vertex 0.54118413 0.08808398 0.10000000
    endloop
  endfacet
  facet normal 9.791114e-02 9.951952e-01 0.000000e+00
    outer loop
      vertex 0.52520379 0.08965619 0.00000000
      vertex 0.54118413 0.08808398 0.10000000
      vertex 0.54118413 0.08808398 0.00000000
    endloop
  endfacet
  facet normal 1.044291e-01 9.945323e-01 -0.000000e+00
    outer loop
      vertex 0.54118413 0.08808398 0.00000000
      vertex 0.54118413 0.08808398 0.10000000
      vertex 0.55711473 0.08641122 0.10000000
    endloop
  endfacet
  facet normal 1.044291e-01 9.945323e-01 0.000000e+00
    outer loop
      vertex 0.54118413 0.08808398 0.00000000
      vertex 0.55711473 0.08641122 0.10000000
      vertex 0.55711473 0.08641122 0.00000000
    endloop
  endfacet
  facet normal 1.107939e-01 9.938434e-01 -0.000000e+00
    outer loop
      vertex 0.55711473 0.08641122 0.00000000
      vertex 0.55711473 0.08641122 0.10000000
      vertex 0.57297920 0.08464264 0.10000000
    endloop
  endfacet
  facet normal 1.107939e-01 9.938434e-01 0.000000e+00
    outer loop
      vertex 0.55711473 0.08641122 0.00000000
      vertex 0.57297920 0.08464264 0.10000000
      vertex 0.57297920 0.08464264 0.00000000
    endloop
  endfacet
  facet normal 1.170110e-01 9.931306e-01 -0.000000e+00
    outer loop
      vertex 0.57297920 0.08464264 0.00000000
      vertex 0.57297920 0.08464264 0.10000000
      vertex 0.58876130 0.08278319 0.10000000
    endloop
  endfacet
  facet normal 1.170110e-01 9.931306e-01 0.000000e+00
    outer loop
      vertex 0.57297920 0.08464264 0.00000000
      vertex 0.58876130 0.08278319 0.10000000
      vertex 0.58876130 0.08278319 0.00000000
    endloop
  endfacet
  facet normal 1.230856e-01 9.923961e-01 -0.000000e+00
    outer loop
      vertex 0.58876130 0.08278319 0.00000000
      vertex 0.58876130 0.08278319 0.10000000
      vertex 0.60444490 0.08083797 0.10000000
    endloop
  endfacet
  facet normal 1.230856e-01 9.923961e-01 0.000000e+00
    outer loop
      vertex 0.58876130 0.08278319 0.00000000
      vertex 0.60444490 0.08083797 0.10000000
      vertex 0.60444490 0.08083797 0.00000000
    endloop
  endfacet
  facet normal 1.290228e-01 9.916416e-01 -0.000000e+00
    outer loop
      vertex 0.60444490 0.08083797 0.00000000
      vertex 0.60444490 0.08083797 0.10000000
      vertex 0.62001405 0.07881227 0.10000000
    endloop
  endfacet
  facet normal 1.290228e-01 9.916416e-01 0.000000e+00
    outer loop
      vertex 0.60444490 0.08083797 0.00000000
      vertex 0.62001405 0.07881227 0.10000000
      vertex 0.62001405 0.07881227 0.00000000
    endloop
  endfacet
  facet normal 1.348273e-01 9.908691e-01 -0.000000e+00
    outer loop
      vertex 0.62001405 0.07881227 0.00000000
      vertex 0.62001405 0.07881227 0.10000000
      vertex 0.63545296 0.07671150 0.10000000
    endloop
  endfacet
  facet normal 1.348273e-01 9.908691e-01 0.000000e+00
    outer loop
      vertex 0.62001405 0.07881227 0.00000000
      vertex 0.63545296 0.07671150 0.10000000
      vertex 0.63545296 0.07671150 0.00000000
    endloop
  endfacet
  facet normal 1.405036e-01 9.900802e-01 -0.000000e+00
    outer loop
      vertex 0.63545296 0.07671150 0.00000000
      vertex 0.63545296 0.07671150 0.10000000
      vertex 0.65074604 0.07454124 0.10000000
    endloop
  endfacet
  facet normal 1.405036e-01 9.900802e-01 0.000000e+00
    outer loop
      vertex 0.63545296 0.07671150 0.00000000
      vertex 0.65074604 0.07454124 0.10000000
      vertex 0.65074604 0.07454124 0.00000000
    endloop
  endfacet
  facet normal 1.460559e-01 9.892763e-01 -0.000000e+00
    outer loop
      vertex 0.65074604 0.07454124 0.00000000
      vertex 0.65074604 0.07454124 0.10000000
      vertex 0.66587790 0.07230718 0.10000000
    endloop
  endfacet
  facet normal 1.460559e-01 9.892763e-01 0.000000e+00
    outer loop
      vertex 0.65074604 0.07454124 0.00000000
      vertex 0.66587790 0.07230718 0.10000000
      vertex 0.66587790 0.07230718 0.00000000
    endloop
  endfacet
  facet normal 1.514879e-01 9.884591e-01 -0.000000e+00
    outer loop
      vertex 0.66587790 0.07230718 0.00000000
      vertex 0.66587790 0.07230718 0.10000000
      vertex 0.68083337 0.07001516 0.10000000
    endloop
  endfacet
  facet normal 1.514879e-01 9.884591e-01 0.000000e+00
    outer loop
      vertex 0.66587790 0.07230718 0.00000000
      vertex 0.68083337 0.07001516 0.10000000
      vertex 0.68083337 0.07001516 0.00000000
    endloop
  endfacet
  facet normal 1.568030e-01 9.876299e-01 -0.000000e+00
    outer loop
      vertex 0.68083337 0.07001516 0.00000000
      vertex 0.68083337 0.07001516 0.10000000
      vertex 0.69559750 0.06767110 0.10000000
    endloop
  endfacet
  facet normal 1.568030e-01 9.876299e-01 0.000000e+00
    outer loop
      vertex 0.68083337 0.07001516 0.00000000
      vertex 0.69559750 0.06767110 0.10000000
      vertex 0.69559750 0.06767110 0.00000000
    endloop
  endfacet
  facet normal 1.620044e-01 9.867900e-01 -0.000000e+00
    outer loop
      vertex 0.69559750 0.06767110 0.00000000
      vertex 0.69559750 0.06767110 0.10000000
      vertex 0.71015559 0.06528105 0.10000000
    endloop
  endfacet
  facet normal 1.620044e-01 9.867900e-01 0.000000e+00
    outer loop
      vertex 0.69559750 0.06767110 0.00000000
      vertex 0.71015559 0.06528105 0.10000000
      vertex 0.71015559 0.06528105 0.00000000
    endloop
  endfacet
  facet normal 1.670945e-01 9.859409e-01 -0.000000e+00
    outer loop
      vertex 0.71015559 0.06528105 0.00000000
      vertex 0.71015559 0.06528105 0.10000000
      vertex 0.72449321 0.06285116 0.10000000
    endloop
  endfacet
  facet normal 1.670945e-01 9.859409e-01 0.000000e+00
    outer loop
      vertex 0.71015559 0.06528105 0.00000000
      vertex 0.72449321 0.06285116 0.10000000
      vertex 0.72449321 0.06285116 0.00000000
    endloop
  endfacet
  facet normal 1.720756e-01 9.850838e-01 -0.000000e+00
    outer loop
      vertex 0.72449321 0.06285116 0.00000000
      vertex 0.72449321 0.06285116 0.10000000
      vertex 0.73859618 0.06038763 0.10000000
    endloop
  endfacet
  facet normal 1.720756e-01 9.850838e-01 0.000000e+00
    outer loop
      vertex 0.72449321 0.06285116 0.00000000
      vertex 0.73859618 0.06038763 0.10000000
      vertex 0.73859618 0.06038763 0.00000000
    endloop
  endfacet
  facet normal 1.769494e-01 9.842200e-01 -0.000000e+00
    outer loop
      vertex 0.73859618 0.06038763 0.00000000
      vertex 0.73859618 0.06038763 0.10000000
      vertex 0.75245061 0.05789679 0.10000000
    endloop
  endfacet
  facet normal 1.769494e-01 9.842200e-01 0.000000e+00
    outer loop
      vertex 0.73859618 0.06038763 0.00000000
      vertex 0.75245061 0.05789679 0.10000000
      vertex 0.75245061 0.05789679 0.00000000
    endloop
  endfacet
  facet normal 1.817172e-01 9.833508e-01 -0.000000e+00
    outer loop
      vertex 0.75245061 0.05789679 0.00000000
      vertex 0.75245061 0.05789679 0.10000000
      vertex 0.76604292 0.05538502 0.10000000
    endloop
  endfacet
  facet normal 1.817172e-01 9.833508e-01 0.000000e+00
    outer loop
      vertex 0.75245061 0.05789679 0.00000000
      vertex 0.76604292 0.05538502 0.10000000
      vertex 0.76604292 0.05538502 0.00000000
    endloop
  endfacet
  facet normal 1.863799e-01 9.824778e-01 -0.000000e+00
    outer loop
      vertex 0.76604292 0.05538502 0.00000000
      vertex 0.76604292 0.05538502 0.10000000
      vertex 0.77935980 0.05285875 0.10000000
    endloop
  endfacet
  facet normal 1.863799e-01 9.824778e-01 0.000000e+00
    outer loop
      vertex 0.76604292 0.05538502 0.00000000
      vertex 0.77935980 0.05285875 0.10000000
      vertex 0.77935980 0.05285875 0.00000000
    endloop
  endfacet
  facet normal 1.909378e-01 9.816021e-01 -0.000000e+00
    outer loop
      vertex 0.77935980 0.05285875 0.00000000
      vertex 0.77935980 0.05285875 0.10000000
      vertex 0.79238830 0.05032450 0.10000000
    endloop
  endfacet
  facet normal 1.909378e-01 9.816021e-01 0.000000e+00
    outer loop
      vertex 0.77935980 0.05285875 0.00000000
      vertex 0.79238830 0.05032450 0.10000000
      vertex 0.79238830 0.05032450 0.00000000
    endloop
  endfacet
  facet normal 1.953908e-01 9.807255e-01 -0.000000e+00
    outer loop
      vertex 0.79238830 0.05032450 0.00000000
      vertex 0.79238830 0.05032450 0.10000000
      vertex 0.80511576 0.04778879 0.10000000
    endloop
  endfacet
  facet normal 1.953908e-01 9.807255e-01 0.000000e+00
    outer loop
      vertex 0.79238830 0.05032450 0.00000000
      vertex 0.80511576 0.04778879 0.10000000
      vertex 0.80511576 0.04778879 0.00000000
    endloop
  endfacet
  facet normal 1.997385e-01 9.798492e-01 -0.000000e+00
    outer loop
      vertex 0.80511576 0.04778879 0.00000000
      vertex 0.80511576 0.04778879 0.10000000
      vertex 0.81752988 0.04525822 0.10000000
    endloop
  endfacet
  facet normal 1.997385e-01 9.798492e-01 0.000000e+00
    outer loop
      vertex 0.80511576 0.04778879 0.00000000
      vertex 0.81752988 0.04525822 0.10000000
      vertex 0.81752988 0.04525822 0.00000000
    endloop
  endfacet
  facet normal 2.039798e-01 9.789751e-01 -0.000000e+00
    outer loop
      vertex 0.81752988 0.04525822 0.00000000
      vertex 0.81752988 0.04525822 0.10000000
      vertex 0.82961872 0.04273938 0.10000000
    endloop
  endfacet
  facet normal 2.039798e-01 9.789751e-01 0.000000e+00
    outer loop
      vertex 0.81752988 0.04525822 0.00000000
      vertex 0.82961872 0.04273938 0.10000000
      vertex 0.82961872 0.04273938 0.00000000
    endloop
  endfacet
  facet normal 2.081134e-01 9.781047e-01 -0.000000e+00
    outer loop
      vertex 0.82961872 0.04273938 0.00000000
      vertex 0.82961872 0.04273938 0.10000000
      vertex 0.84137066 0.04023890 0.10000000
    endloop
  endfacet
  facet normal 2.081134e-01 9.781047e-01 0.000000e+00
    outer loop
      vertex 0.82961872 0.04273938 0.00000000
      vertex 0.84137066 0.04023890 0.10000000
      vertex 0.84137066 0.04023890 0.00000000
    endloop
  endfacet
  facet normal 2.121374e-01 9.772399e-01 -0.000000e+00
    outer loop
      vertex 0.84137066 0.04023890 0.00000000
      vertex 0.84137066 0.04023890 0.10000000
      vertex 0.85277449 0.03776338 0.10000000
    endloop
  endfacet
  facet normal 2.121374e-01 9.772399e-01 0.000000e+00
    outer loop
      vertex 0.84137066 0.04023890 0.00000000
      vertex 0.85277449 0.03776338 0.10000000
      vertex 0.85277449 0.03776338 0.00000000
    endloop
  endfacet
  facet normal 2.160497e-01 9.763824e-01 -0.000000e+00
    outer loop
      vertex 0.85277449 0.03776338 0.00000000
      vertex 0.85277449 0.03776338 0.10000000
      vertex 0.86381936 0.03531942 0.10000000
    endloop
  endfacet
  facet normal 2.160497e-01 9.763824e-01 0.000000e+00
    outer loop
      vertex 0.85277449 0.03776338 0.00000000
      vertex 0.86381936 0.03531942 0.10000000
      vertex 0.86381936 0.03531942 0.00000000
    endloop
  endfacet
  facet normal 2.198477e-01 9.755342e-01 -0.000000e+00
    outer loop
      vertex 0.86381936 0.03531942 0.00000000
      vertex 0.86381936 0.03531942 0.10000000
      vertex 0.87449479 0.03291359 0.10000000
    endloop
  endfacet
  facet normal 2.198477e-01 9.755342e-01 0.000000e+00
    outer loop
      vertex 0.86381936 0.03531942 0.00000000
      vertex 0.87449479 0.03291359 0.10000000
      vertex 0.87449479 0.03291359 0.00000000
    endloop
  endfacet
  facet normal 2.235286e-01 9.746974e-01 -0.000000e+00
    outer loop
      vertex 0.87449479 0.03291359 0.00000000
      vertex 0.87449479 0.03291359 0.10000000
      vertex 0.88479071 0.03055241 0.10000000
    endloop
  endfacet
  facet normal 2.235286e-01 9.746974e-01 0.000000e+00
    outer loop
      vertex 0.87449479 0.03291359 0.00000000
      vertex 0.88479071 0.03055241 0.10000000
      vertex 0.88479071 0.03055241 0.00000000
    endloop
  endfacet
  facet normal 2.270892e-01 9.738740e-01 -0.000000e+00
    outer loop
      vertex 0.88479071 0.03055241 0.00000000
      vertex 0.88479071 0.03055241 0.10000000
      vertex 0.89469744 0.02824235 0.10000000
    endloop
  endfacet
  facet normal 2.270892e-01 9.738740e-01 0.000000e+00
    outer loop
      vertex 0.88479071 0.03055241 0.00000000
      vertex 0.89469744 0.02824235 0.10000000
      vertex 0.89469744 0.02824235 0.00000000
    endloop
  endfacet
  facet normal 2.305261e-01 9.730661e-01 -0.000000e+00
    outer loop
      vertex 0.89469744 0.02824235 0.00000000
      vertex 0.89469744 0.02824235 0.10000000
      vertex 0.90420571 0.02598977 0.10000000
    endloop
  endfacet
  facet normal 2.305261e-01 9.730661e-01 0.000000e+00
    outer loop
      vertex 0.89469744 0.02824235 0.00000000
      vertex 0.90420571 0.02598977 0.10000000
      vertex 0.90420571 0.02598977 0.00000000
    endloop
  endfacet
  facet normal 2.338357e-01 9.722761e-01 -0.000000e+00
    outer loop
      vertex 0.90420571 0.02598977 0.00000000
      vertex 0.90420571 0.02598977 0.10000000
      vertex 0.91330666 0.02380096 0.10000000
    endloop
  endfacet
  facet normal 2.338357e-01 9.722761e-01 0.000000e+00
    outer loop
      vertex 0.90420571 0.02598977 0.00000000
      vertex 0.91330666 0.02380096 0.10000000
      vertex 0.91330666 0.02380096 0.00000000
    endloop
  endfacet
  facet normal 2.370140e-01 9.715062e-01 -0.000000e+00
    outer loop
      vertex 0.91330666 0.02380096 0.00000000
      vertex 0.91330666 0.02380096 0.10000000
      vertex 0.92199185 0.02168208 0.10000000
    endloop
  endfacet
  facet normal 2.370140e-01 9.715062e-01 0.000000e+00
    outer loop
      vertex 0.91330666 0.02380096 0.00000000
      vertex 0.92199185 0.02168208 0.10000000
      vertex 0.92199185 0.02168208 0.00000000
    endloop
  endfacet
  facet normal 2.400572e-01 9.707587e-01 -0.000000e+00
    outer loop
      vertex 0.92199185 0.02168208 0.00000000
      vertex 0.92199185 0.02168208 0.10000000
      vertex 0.93025325 0.01963913 0.10000000
    endloop
  endfacet
  facet normal 2.400572e-01 9.707587e-01 0.000000e+00
    outer loop
      vertex 0.92199185 0.02168208 0.00000000
      vertex 0.93025325 0.01963913 0.10000000
      vertex 0.93025325 0.01963913 0.00000000
    endloop
  endfacet
  facet normal 2.429611e-01 9.700360e-01 -0.000000e+00
    outer loop
      vertex 0.93025325 0.01963913 0.00000000
      vertex 0.93025325 0.01963913 0.10000000
      vertex 0.93808325 0.01767798 0.10000000
    endloop
  endfacet
  facet normal 2.429611e-01 9.700360e-01 0.000000e+00
    outer loop
      vertex 0.93025325 0.01963913 0.00000000
      vertex 0.93808325 0.01767798 0.10000000
      vertex 0.93808325 0.01767798 0.00000000
    endloop
  endfacet
  facet normal 2.457216e-01 9.693404e-01 -0.000000e+00
    outer loop
      vertex 0.93808325 0.01767798 0.00000000
      vertex 0.93808325 0.01767798 0.10000000
      vertex 0.94547469 0.01580430 0.10000000
    endloop
  endfacet
  facet normal 2.457216e-01 9.693404e-01 0.000000e+00
    outer loop
      vertex 0.93808325 0.01767798 0.00000000
      vertex 0.94547469 0.01580430 0.10000000
      vertex 0.94547469 0.01580430 0.00000000
    endloop
  endfacet
  facet normal 2.483345e-01 9.686743e-01 -0.000000e+00
    outer loop
      vertex 0.94547469 0.01580430 0.00000000
      vertex 0.94547469 0.01580430 0.10000000
      vertex 0.95242082 0.01402355 0.10000000
    endloop
  endfacet
  facet normal 2.483345e-01 9.686743e-01 0.000000e+00
    outer loop
      vertex 0.94547469 0.01580430 0.00000000
      vertex 0.95242082 0.01402355 0.10000000
      vertex 0.95242082 0.01402355 0.00000000
    endloop
  endfacet
  facet normal 2.507957e-01 9.680400e-01 -0.000000e+00
    outer loop
      vertex 0.95242082 0.01402355 0.00000000
      vertex 0.95242082 0.01402355 0.10000000
      vertex 0.95891533 0.01234098 0.10000000
    endloop
  endfacet
  facet normal 2.507957e-01 9.680400e-01 0.000000e+00
    outer loop
      vertex 0.95242082 0.01402355 0.00000000
      vertex 0.95891533 0.01234098 0.10000000
      vertex 0.95891533 0.01234098 0.00000000
    endloop
  endfacet
  facet normal 2.531010e-01 9.674398e-01 -0.000000e+00
    outer loop
      vertex 0.95891533 0.01234098 0.00000000
      vertex 0.95891533 0.01234098 0.10000000
      vertex 0.96495234 0.01076158 0.10000000
    endloop
  endfacet
  facet normal 2.531010e-01 9.674398e-01 0.000000e+00
    outer loop
      vertex 0.95891533 0.01234098 0.00000000
      vertex 0.96495234 0.01076158 0.10000000
      vertex 0.96495234 0.01076158 0.00000000
    endloop
  endfacet
  facet normal 2.552466e-01 9.668760e-01 -0.000000e+00
    outer loop
      vertex 0.96495234 0.01076158 0.00000000
      vertex 0.96495234 0.01076158 0.10000000
      vertex 0.97052640 0.00929008 0.10000000
    endloop
  endfacet
  facet normal 2.552466e-01 9.668760e-01 0.000000e+00
    outer loop
      vertex 0.96495234 0.01076158 0.00000000
      vertex 0.97052640 0.00929008 0.10000000
      vertex 0.97052640 0.00929008 0.00000000
    endloop
  endfacet
  facet normal 2.572284e-01 9.663506e-01 -0.000000e+00
    outer loop
      vertex 0.97052640 0.00929008 0.00000000
      vertex 0.97052640 0.00929008 0.10000000
      vertex 0.97563252 0.00793091 0.10000000
    endloop
  endfacet
  facet normal 2.572284e-01 9.663506e-01 0.000000e+00
    outer loop
      vertex 0.97052640 0.00929008 0.00000000
      vertex 0.97563252 0.00793091 0.10000000
      vertex 0.97563252 0.00793091 0.00000000
    endloop
  endfacet
  facet normal 2.590429e-01 9.658658e-01 -0.000000e+00
    outer loop
      vertex 0.97563252 0.00793091 0.00000000
      vertex 0.97563252 0.00793091 0.10000000
      vertex 0.98026611 0.00668819 0.10000000
    endloop
  endfacet
  facet normal 2.590429e-01 9.658658e-01 0.000000e+00
    outer loop
      vertex 0.97563252 0.00793091 0.00000000
      vertex 0.98026611 0.00668819 0.10000000
      vertex 0.98026611 0.00668819 0.00000000
    endloop
  endfacet
  facet normal 2.606866e-01 9.654235e-01 -0.000000e+00
    outer loop
      vertex 0.98026611 0.00668819 0.00000000
      vertex 0.98026611 0.00668819 0.10000000
      vertex 0.98442304 0.00556572 0.10000000
    endloop
  endfacet
  facet normal 2.606866e-01 9.654235e-01 0.000000e+00
    outer loop
      vertex 0.98026611 0.00668819 0.00000000
      vertex 0.98442304 0.00556572 0.10000000
      vertex 0.98442304 0.00556572 0.00000000
    endloop
  endfacet
  facet normal 2.621563e-01 9.650254e-01 -0.000000e+00
    outer loop
      vertex 0.98442304 0.00556572 0.00000000
      vertex 0.98442304 0.00556572 0.10000000
      vertex 0.98809961 0.00456695 0.10000000
    endloop
  endfacet
  facet normal 2.621563e-01 9.650254e-01 0.000000e+00
    outer loop
      vertex 0.98442304 0.00556572 0.00000000
      vertex 0.98809961 0.00456695 0.10000000
      vertex 0.98809961 0.00456695 0.00000000
    endloop
  endfacet
  facet normal 2.634490e-01 9.646733e-01 -0.000000e+00
    outer loop
      vertex 0.98809961 0.00456695 0.00000000
      vertex 0.98809961 0.00456695 0.10000000
      vertex 0.99129257 0.00369497 0.10000000
    endloop
  endfacet
  facet normal 2.634490e-01 9.646733e-01 0.000000e+00
    outer loop
      vertex 0.98809961 0.00456695 0.00000000
      vertex 0.99129257 0.00369497 0.10000000
      vertex 0.99129257 0.00369497 0.00000000
    endloop
  endfacet
  facet normal 2.645621e-01 9.643686e-01 -0.000000e+00
    outer loop
      vertex 0.99129257 0.00369497 0.00000000
      vertex 0.99129257 0.00369497 0.10000000
      vertex 0.99399908 0.00295247 0.10000000
    endloop
  endfacet
  facet normal 2.645621e-01 9.643686e-01 0.000000e+00
    outer loop
      vertex 0.99129257 0.00369497 0.00000000
      vertex 0.99399908 0.00295247 0.10000000
      vertex 0.99399908 0.00295247 0.00000000
    endloop
  endfacet
  facet normal 2.654934e-01 9.641127e-01 -0.000000e+00
    outer loop
      vertex 0.99399908 0.00295247 0.00000000
      vertex 0.99399908 0.00295247 0.10000000
      vertex 0.99621675 0.00234178 0.10000000
    endloop
  endfacet
  facet normal 2.654934e-01 9.641127e-01 0.000000e+00
    outer loop
      vertex 0.99399908 0.00295247 0.00000000
      vertex 0.99621675 0.00234178 0.10000000
      vertex 0.99621675 0.00234178 0.00000000
    endloop
  endfacet
  facet normal 2.662407e-01 9.639066e-01 -0.000000e+00
    outer loop
      vertex 0.99621675 0.00234178 0.00000000
      vertex 0.99621675 0.00234178 0.10000000
      vertex 0.99794364 0.00186479 0.10000000
    endloop
  endfacet
  facet normal 2.662407e-01 9.639066e-01 0.000000e+00
    outer loop
      vertex 0.99621675 0.00234178 0.00000000
      vertex 0.99794364 0.00186479 0.10000000
      vertex 0.99794364 0.00186479 0.00000000
    endloop
  endfacet
  facet normal 2.668027e-01 9.637512e-01 -0.000000e+00
    outer loop
      vertex 0.99794364 0.00186479 0.00000000
      vertex 0.99794364 0.00186479 0.10000000
      vertex 0.99917822 0.00152302 0.10000000
    endloop
  endfacet
  facet normal 2.668027e-01 9.637512e-01 0.000000e+00
    outer loop
      vertex 0.99794364 0.00186479 0.00000000
      vertex 0.99917822 0.00152302 0.10000000
      vertex 0.99917822 0.00152302 0.00000000
    endloop
  endfacet
  facet normal 2.671780e-01 9.636472e-01 -0.000000e+00
    outer loop
      vertex 0.99917822 0.00152302 0.00000000
      vertex 0.99917822 0.00152302 0.10000000
      vertex 0.99991939 0.00131752 0.10000000
    endloop
  endfacet
  facet normal 2.671780e-01 9.636472e-01 0.000000e+00
    outer loop
      vertex 0.99917822 0.00152302 0.00000000
      vertex 0.99991939 0.00131752 0.10000000
      vertex 0.99991939 0.00131752 0.00000000
    endloop
  endfacet
  facet normal 9.981337e-01 6.106584e-02 -0.000000e+00
    outer loop
      vertex 0.99991939 0.00131752 0.00000000
      vertex 0.99991939 0.00131752 0.10000000
      vertex 1.00000000 0.00000000 0.10000000
    endloop
  endfacet
  facet normal 9.981337e-01 6.106584e-02 0.000000e+00
    outer loop
      vertex 0.99991939 0.00131752 0.00000000
      vertex 1.00000000 0.00000000 0.10000000
      vertex 1.00000000 0.00000000 0.00000000
    endloop
  endfacet
  facet normal 9.472992e-01 -3.203501e-01 0.000000e+00
    outer loop
      vertex 1.00000000 0.00000000 0.00000000
      vertex 1.00000000 0.00000000 0.10000000
      vertex 0.99957715 -0.00125040 0.10000000
    endloop
  endfacet
  facet normal 9.472992e-01 -3.203501e-01 0.000000e+00
    outer loop
      vertex 1.00000000 0.00000000 0.00000000
      vertex 0.99957715 -0.00125040 0.10000000
      vertex 0.99957715 -0.00125040 0.00000000
    endloop
  endfacet
  facet normal 5.714581e-03 -9.999837e-01 0.000000e+00
    outer loop
      vertex 0.99957715 -0.00125040 0.00000000
      vertex 0.99957715 -0.00125040 0.10000000
      vertex 0.99880846 -0.00125480 0.10000000
    endloop
  endfacet
  facet normal 5.714581e-03 -9.999837e-01 0.000000e+00
    outer loop
      vertex 0.99957715 -0.00125040 0.00000000
      vertex 0.99880846 -0.00125480 0.10000000
      vertex 0.99880846 -0.00125480 0.00000000
    endloop
  endfacet
  facet normal 5.772766e-03 -9.999833e-01 0.000000e+00
    outer loop
      vertex 0.99880846 -0.00125480 0.00000000
      vertex 0.99880846 -0.00125480 0.10000000
      vertex 0.99752828 -0.00126219 0.10000000
    endloop
  endfacet
  facet normal 5.772766e-03 -9.999833e-01 0.000000e+00
    outer loop
      vertex 0.99880846 -0.00125480 0.00000000
      vertex 0.99752828 -0.00126219 0.10000000
      vertex 0.99752828 -0.00126219 0.00000000
    endloop
  endfacet
  facet normal 5.860601e-03 -9.999828e-01 0.000000e+00
    outer loop
      vertex 0.99752828 -0.00126219 0.00000000
      vertex 0.99752828 -0.00126219 0.10000000
      vertex 0.99573806 -0.00127268 0.10000000
    endloop
  endfacet
  facet normal 5.860601e-03 -9.999828e-01 0.000000e+00
    outer loop
      vertex 0.99752828 -0.00126219 0.00000000
      vertex 0.99573806 -0.00127268 0.10000000
      vertex 0.99573806 -0.00127268 0.00000000
    endloop
  endfacet
  facet normal 5.978748e-03 -9.999821e-01 0.000000e+00
    outer loop
      vertex 0.99573806 -0.00127268 0.00000000
      vertex 0.99573806 -0.00127268 0.10000000
      vertex 0.99343981 -0.00128642 0.10000000
    endloop
  endfacet
  facet normal 5.978748e-03 -9.999821e-01 0.000000e+00
    outer loop
      vertex 0.99573806 -0.00127268 0.00000000
      vertex 0.99343981 -0.00128642 0.10000000
      vertex 0.99343981 -0.00128642 0.00000000
    endloop
  endfacet
  facet normal 6.128067e-03 -9.999812e-01 0.000000e+00
    outer loop
      vertex 0.99343981 -0.00128642 0.00000000
      vertex 0.99343981 -0.00128642 0.10000000
      vertex 0.99063613 -0.00130360 0.10000000
    endloop
  endfacet
  facet normal 6.128067e-03 -9.999812e-01 0.000000e+00
    outer loop
      vertex 0.99343981 -0.00128642 0.00000000
      vertex 0.99063613 -0.00130360 0.10000000
      vertex 0.99063613 -0.00130360 0.00000000
    endloop
  endfacet
  facet normal 6.309605e-03 -9.999801e-01 0.000000e+00
    outer loop
      vertex 0.99063613 -0.00130360 0.00000000
      vertex 0.99063613 -0.00130360 0.10000000
      vertex 0.98733017 -0.00132446 0.10000000
    endloop
  endfacet
  facet normal 6.309605e-03 -9.999801e-01 0.000000e+00
    outer loop
      vertex 0.99063613 -0.00130360 0.00000000
      vertex 0.98733017 -0.00132446 0.10000000
      vertex 0.98733017 -0.00132446 0.00000000
    endloop
  endfacet
  facet normal 6.524575e-03 -9.999787e-01 0.000000e+00
    outer loop
      vertex 0.98733017 -0.00132446 0.00000000
      vertex 0.98733017 -0.00132446 0.10000000
      vertex 0.98352566 -0.00134928 0.10000000
    endloop
  endfacet
  facet normal 6.524575e-03 -9.999787e-01 0.000000e+00
    outer loop
      vertex 0.98733017 -0.00132446 0.00000000
      vertex 0.98352566 -0.00134928 0.10000000
      vertex 0.98352566 -0.00134928 0.00000000
    endloop
  endfacet
  facet normal 6.774332e-03 -9.999771e-01 0.000000e+00
    outer loop
      vertex 0.98352566 -0.00134928 0.00000000
      vertex 0.98352566 -0.00134928 0.10000000
      vertex 0.97922687 -0.00137841 0.10000000
    endloop
  endfacet
  facet normal 6.774332e-03 -9.999771e-01 0.000000e+00
    outer loop
      vertex 0.98352566 -0.00134928 0.00000000
      vertex 0.97922687 -0.00137841 0.10000000
      vertex 0.97922687 -0.00137841 0.00000000
    endloop
  endfacet
  facet normal 7.060352e-03 -9.999751e-01 0.000000e+00
    outer loop
      vertex 0.97922687 -0.00137841 0.00000000
      vertex 0.97922687 -0.00137841 0.10000000
      vertex 0.97443860 -0.00141221 0.10000000
    endloop
  endfacet
  facet normal 7.060352e-03 -9.999751e-01 0.000000e+00
    outer loop
      vertex 0.97922687 -0.00137841 0.00000000
      vertex 0.97443860 -0.00141221 0.10000000
      vertex 0.97443860 -0.00141221 0.00000000
    endloop
  endfacet
  facet normal 7.384194e-03 -9.999727e-01 0.000000e+00
    outer loop
      vertex 0.97443860 -0.00141221 0.00000000
      vertex 0.97443860 -0.00141221 0.10000000
      vertex 0.96916622 -0.00145115 0.10000000
    endloop
  endfacet
  facet normal 7.384194e-03 -9.999727e-01 0.000000e+00
    outer loop
      vertex 0.97443860 -0.00141221 0.00000000
      vertex 0.96916622 -0.00145115 0.10000000
      vertex 0.96916622 -0.00145115 0.00000000
    endloop
  endfacet
  facet normal 7.747476e-03 -9.999700e-01 0.000000e+00
    outer loop
      vertex 0.96916622 -0.00145115 0.00000000
      vertex 0.96916622 -0.00145115 0.10000000
      vertex 0.96341559 -0.00149570 0.10000000
    endloop
  endfacet
  facet normal 7.747476e-03 -9.999700e-01 0.000000e+00
    outer loop
      vertex 0.96916622 -0.00145115 0.00000000
      vertex 0.96341559 -0.00149570 0.10000000
      vertex 0.96341559 -0.00149570 0.00000000
    endloop
  endfacet
  facet normal 8.151836e-03 -9.999668e-01 0.000000e+00
    outer loop
      vertex 0.96341559 -0.00149570 0.00000000
      vertex 0.96341559 -0.00149570 0.10000000
      vertex 0.95719313 -0.00154643 0.10000000
    endloop
  endfacet
  facet normal 8.151836e-03 -9.999668e-01 0.000000e+00
    outer loop
      vertex 0.96341559 -0.00149570 0.00000000
      vertex 0.95719313 -0.00154643 0.10000000
      vertex 0.95719313 -0.00154643 0.00000000
    endloop
  endfacet
  facet normal 8.598896e-03 -9.999630e-01 0.000000e+00
    outer loop
      vertex 0.95719313 -0.00154643 0.00000000
      vertex 0.95719313 -0.00154643 0.10000000
      vertex 0.95050572 -0.00160394 0.10000000
    endloop
  endfacet
  facet normal 8.598896e-03 -9.999630e-01 0.000000e+00
    outer loop
      vertex 0.95719313 -0.00154643 0.00000000
      vertex 0.95050572 -0.00160394 0.10000000
      vertex 0.95050572 -0.00160394 0.00000000
    endloop
  endfacet
  facet normal 9.090224e-03 -9.999587e-01 0.000000e+00
    outer loop
      vertex 0.95050572 -0.00160394 0.00000000
      vertex 0.95050572 -0.00160394 0.10000000
      vertex 0.94336076 -0.00166889 0.10000000
    endloop
  endfacet
  facet normal 9.090224e-03 -9.999587e-01 0.000000e+00
    outer loop
      vertex 0.95050572 -0.00160394 0.00000000
      vertex 0.94336076 -0.00166889 0.10000000
      vertex 0.94336076 -0.00166889 0.00000000
    endloop
  endfacet
  facet normal 9.627292e-03 -9.999537e-01 0.000000e+00
    outer loop
      vertex 0.94336076 -0.00166889 0.00000000
      vertex 0.94336076 -0.00166889 0.10000000
      vertex 0.93576613 -0.00174201 0.10000000
    endloop
  endfacet
  facet normal 9.627292e-03 -9.999537e-01 0.000000e+00
    outer loop
      vertex 0.94336076 -0.00166889 0.00000000
      vertex 0.93576613 -0.00174201 0.10000000
      vertex 0.93576613 -0.00174201 0.00000000
    endloop
  endfacet
  facet normal 1.021144e-02 -9.999479e-01 0.000000e+00
    outer loop
      vertex 0.93576613 -0.00174201 0.00000000
      vertex 0.93576613 -0.00174201 0.10000000
      vertex 0.92773017 -0.00182407 0.10000000
    endloop
  endfacet
  facet normal 1.021144e-02 -9.999479e-01 0.000000e+00
    outer loop
      vertex 0.93576613 -0.00174201 0.00000000
      vertex 0.92773017 -0.00182407 0.10000000
      vertex 0.92773017 -0.00182407 0.00000000
    endloop
  endfacet
  facet normal 1.084382e-02 -9.999412e-01 0.000000e+00
    outer loop
      vertex 0.92773017 -0.00182407 0.00000000
      vertex 0.92773017 -0.00182407 0.10000000
      vertex 0.91926168 -0.00191591 0.10000000
    endloop
  endfacet
  facet normal 1.084382e-02 -9.999412e-01 0.000000e+00
    outer loop
      vertex 0.92773017 -0.00182407 0.00000000
      vertex 0.91926168 -0.00191591 0.10000000
      vertex 0.91926168 -0.00191591 0.00000000
    endloop
  endfacet
  facet normal 1.152536e-02 -9.999336e-01 0.000000e+00
    outer loop
      vertex 0.91926168 -0.00191591 0.00000000
      vertex 0.91926168 -0.00191591 0.10000000
      vertex 0.91036992 -0.00201839 0.10000000
    endloop
  endfacet
  facet normal 1.152536e-02 -9.999336e-01 0.000000e+00
    outer loop
      vertex 0.91926168 -0.00191591 0.00000000
      vertex 0.91036992 -0.00201839 0.10000000
      vertex 0.91036992 -0.00201839 0.00000000
    endloop
  endfacet
  facet normal 1.225676e-02 -9.999249e-01 0.000000e+00
    outer loop
      vertex 0.91036992 -0.00201839 0.00000000
      vertex 0.91036992 -0.00201839 0.10000000
      vertex 0.90106455 -0.00213246 0.10000000
    endloop
  endfacet
  facet normal 1.225676e-02 -9.999249e-01 0.000000e+00
    outer loop
      vertex 0.91036992 -0.00201839 0.00000000
      vertex 0.90106455 -0.00213246 0.10000000
      vertex 0.90106455 -0.00213246 0.00000000
    endloop
  endfacet
  facet normal 1.303836e-02 -9.999150e-01 0.000000e+00
    outer loop
      vertex 0.90106455 -0.00213246 0.00000000
      vertex 0.90106455 -0.00213246 0.10000000
      vertex 0.89135566 -0.00225905 0.10000000
    endloop
  endfacet
  facet normal 1.303836e-02 -9.999150e-01 0.000000e+00
    outer loop
      vertex 0.90106455 -0.00213246 0.00000000
      vertex 0.89135566 -0.00225905 0.10000000
      vertex 0.89135566 -0.00225905 0.00000000
    endloop
  endfacet
  facet normal 1.387020e-02 -9.999038e-01 0.000000e+00
    outer loop
      vertex 0.89135566 -0.00225905 0.00000000
      vertex 0.89135566 -0.00225905 0.10000000
      vertex 0.88125374 -0.00239918 0.10000000
    endloop
  endfacet
  facet normal 1.387020e-02 -9.999038e-01 0.000000e+00
    outer loop
      vertex 0.89135566 -0.00225905 0.00000000
      vertex 0.88125374 -0.00239918 0.10000000
      vertex 0.88125374 -0.00239918 0.00000000
    endloop
  endfacet
  facet normal 1.475190e-02 -9.998912e-01 0.000000e+00
    outer loop
      vertex 0.88125374 -0.00239918 0.00000000
      vertex 0.88125374 -0.00239918 0.10000000
      vertex 0.87076966 -0.00255386 0.10000000
    endloop
  endfacet
  facet normal 1.475190e-02 -9.998912e-01 0.000000e+00
    outer loop
      vertex 0.88125374 -0.00239918 0.00000000
      vertex 0.87076966 -0.00255386 0.10000000
      vertex 0.87076966 -0.00255386 0.00000000
    endloop
  endfacet
  facet normal 1.568269e-02 -9.998770e-01 0.000000e+00
    outer loop
      vertex 0.87076966 -0.00255386 0.00000000
      vertex 0.87076966 -0.00255386 0.10000000
      vertex 0.85991468 -0.00272412 0.10000000
    endloop
  endfacet
  facet normal 1.568269e-02 -9.998770e-01 0.000000e+00
    outer loop
      vertex 0.87076966 -0.00255386 0.00000000
      vertex 0.85991468 -0.00272412 0.10000000
      vertex 0.85991468 -0.00272412 0.00000000
    endloop
  endfacet
  facet normal 1.666131e-02 -9.998612e-01 0.000000e+00
    outer loop
      vertex 0.85991468 -0.00272412 0.00000000
      vertex 0.85991468 -0.00272412 0.10000000
      vertex 0.84870039 -0.00291099 0.10000000
    endloop
  endfacet
  facet normal 1.666131e-02 -9.998612e-01 0.000000e+00
    outer loop
      vertex 0.85991468 -0.00272412 0.00000000
      vertex 0.84870039 -0.00291099 0.10000000
      vertex 0.84870039 -0.00291099 0.00000000
    endloop
  endfacet
  facet normal 1.768603e-02 -9.998436e-01 0.000000e+00
    outer loop
      vertex 0.84870039 -0.00291099 0.00000000
      vertex 0.84870039 -0.00291099 0.10000000
      vertex 0.83713875 -0.00311550 0.10000000
    endloop
  endfacet
  facet normal 1.768603e-02 -9.998436e-01 0.000000e+00
    outer loop
      vertex 0.84870039 -0.00291099 0.00000000
      vertex 0.83713875 -0.00311550 0.10000000
      vertex 0.83713875 -0.00311550 0.00000000
    endloop
  endfacet
  facet normal 1.875458e-02 -9.998241e-01 0.000000e+00
    outer loop
      vertex 0.83713875 -0.00311550 0.00000000
      vertex 0.83713875 -0.00311550 0.10000000
      vertex 0.82524202 -0.00333866 0.10000000
    endloop
  endfacet
  facet normal 1.875458e-02 -9.998241e-01 0.000000e+00
    outer loop
      vertex 0.83713875 -0.00311550 0.00000000
      vertex 0.82524202 -0.00333866 0.10000000
      vertex 0.82524202 -0.00333866 0.00000000
    endloop
  endfacet
  facet normal 1.986416e-02 -9.998027e-01 0.000000e+00
    outer loop
      vertex 0.82524202 -0.00333866 0.00000000
      vertex 0.82524202 -0.00333866 0.10000000
      vertex 0.81302278 -0.00358143 0.10000000
    endloop
  endfacet
  facet normal 1.986416e-02 -9.998027e-01 0.000000e+00
    outer loop
      vertex 0.82524202 -0.00333866 0.00000000
      vertex 0.81302278 -0.00358143 0.10000000
      vertex 0.81302278 -0.00358143 0.00000000
    endloop
  endfacet
  facet normal 2.101140e-02 -9.997792e-01 0.000000e+00
    outer loop
      vertex 0.81302278 -0.00358143 0.00000000
      vertex 0.81302278 -0.00358143 0.10000000
      vertex 0.80049393 -0.00384474 0.10000000
    endloop
  endfacet
  facet normal 2.101140e-02 -9.997792e-01 0.000000e+00
    outer loop
      vertex 0.81302278 -0.00358143 0.00000000
      vertex 0.80049393 -0.00384474 0.10000000
      vertex 0.80049393 -0.00384474 0.00000000
    endloop
  endfacet
  facet normal 2.219231e-02 -9.997537e-01 0.000000e+00
    outer loop
      vertex 0.80049393 -0.00384474 0.00000000
      vertex 0.80049393 -0.00384474 0.10000000
      vertex 0.78766861 -0.00412943 0.10000000
    endloop
  endfacet
  facet normal 2.219231e-02 -9.997537e-01 0.000000e+00
    outer loop
      vertex 0.80049393 -0.00384474 0.00000000
      vertex 0.78766861 -0.00412943 0.10000000
      vertex 0.78766861 -0.00412943 0.00000000
    endloop
  endfacet
  facet normal 2.340234e-02 -9.997261e-01 0.000000e+00
    outer loop
      vertex 0.78766861 -0.00412943 0.00000000
      vertex 0.78766861 -0.00412943 0.10000000
      vertex 0.77456026 -0.00443628 0.10000000
    endloop
  endfacet
  facet normal 2.340234e-02 -9.997261e-01 0.000000e+00
    outer loop
      vertex 0.78766861 -0.00412943 0.00000000
      vertex 0.77456026 -0.00443628 0.10000000
      vertex 0.77456026 -0.00443628 0.00000000
    endloop
  endfacet
  facet normal 2.463630e-02 -9.996965e-01 0.000000e+00
    outer loop
      vertex 0.77456026 -0.00443628 0.00000000
      vertex 0.77456026 -0.00443628 0.10000000
      vertex 0.76118255 -0.00476596 0.10000000
    endloop
  endfacet
  facet normal 2.463630e-02 -9.996965e-01 0.000000e+00
    outer loop
      vertex 0.77456026 -0.00443628 0.00000000
      vertex 0.76118255 -0.00476596 0.10000000
      vertex 0.76118255 -0.00476596 0.00000000
    endloop
  endfacet
  facet normal 2.588838e-02 -9.996648e-01 0.000000e+00
    outer loop
      vertex 0.76118255 -0.00476596 0.00000000
      vertex 0.76118255 -0.00476596 0.10000000
      vertex 0.74754939 -0.00511902 0.10000000
    endloop
  endfacet
  facet normal 2.588838e-02 -9.996648e-01 0.000000e+00
    outer loop
      vertex 0.76118255 -0.00476596 0.00000000
      vertex 0.74754939 -0.00511902 0.10000000
      vertex 0.74754939 -0.00511902 0.00000000
    endloop
  endfacet
  facet normal 2.715215e-02 -9.996313e-01 0.000000e+00
    outer loop
      vertex 0.74754939 -0.00511902 0.00000000
      vertex 0.74754939 -0.00511902 0.10000000
      vertex 0.73367489 -0.00549588 0.10000000
    endloop
  endfacet
  facet normal 2.715215e-02 -9.996313e-01 0.000000e+00
    outer loop
      vertex 0.74754939 -0.00511902 0.00000000
      vertex 0.73367489 -0.00549588 0.10000000
      vertex 0.73367489 -0.00549588 0.00000000
    endloop
  endfacet
  facet normal 2.842058e-02 -9.995961e-01 0.000000e+00
    outer loop
      vertex 0.73367489 -0.00549588 0.00000000
      vertex 0.73367489 -0.00549588 0.10000000
      vertex 0.71957340 -0.00589681 0.10000000
    endloop
  endfacet
  facet normal 2.842058e-02 -9.995961e-01 0.000000e+00
    outer loop
      vertex 0.73367489 -0.00549588 0.00000000
      vertex 0.71957340 -0.00589681 0.10000000
      vertex 0.71957340 -0.00589681 0.00000000
    endloop
  endfacet
  facet normal 2.968599e-02 -9.995593e-01 0.000000e+00
    outer loop
      vertex 0.71957340 -0.00589681 0.00000000
      vertex 0.71957340 -0.00589681 0.10000000
      vertex 0.70525942 -0.00632192 0.10000000
    endloop
  endfacet
  facet normal 2.968599e-02 -9.995593e-01 0.000000e+00
    outer loop
      vertex 0.71957340 -0.00589681 0.00000000
      vertex 0.70525942 -0.00632192 0.10000000
      vertex 0.70525942 -0.00632192 0.00000000
    endloop
  endfacet
  facet normal 3.094014e-02 -9.995212e-01 0.000000e+00
    outer loop
      vertex 0.70525942 -0.00632192 0.00000000
      vertex 0.70525942 -0.00632192 0.10000000
      vertex 0.69074763 -0.00677114 0.10000000
    endloop
  endfacet
  facet normal 3.094014e-02 -9.995212e-01 0.000000e+00
    outer loop
      vertex 0.70525942 -0.00632192 0.00000000
      vertex 0.69074763 -0.00677114 0.10000000
      vertex 0.69074763 -0.00677114 0.00000000
    endloop
  endfacet
  facet normal 3.217420e-02 -9.994823e-01 0.000000e+00
    outer loop
      vertex 0.69074763 -0.00677114 0.00000000
      vertex 0.69074763 -0.00677114 0.10000000
      vertex 0.67605285 -0.00724417 0.10000000
    endloop
  endfacet
  facet normal 3.217420e-02 -9.994823e-01 0.000000e+00
    outer loop
      vertex 0.69074763 -0.00677114 0.00000000
      vertex 0.67605285 -0.00724417 0.10000000
      vertex 0.67605285 -0.00724417 0.00000000
    endloop
  endfacet
  facet normal 3.337876e-02 -9.994428e-01 0.000000e+00
    outer loop
      vertex 0.67605285 -0.00724417 0.00000000
      vertex 0.67605285 -0.00724417 0.10000000
      vertex 0.66119006 -0.00774055 0.10000000
    endloop
  endfacet
  facet normal 3.337876e-02 -9.994428e-01 0.000000e+00
    outer loop
      vertex 0.67605285 -0.00724417 0.00000000
      vertex 0.66119006 -0.00774055 0.10000000
      vertex 0.66119006 -0.00774055 0.00000000
    endloop
  endfacet
  facet normal 3.454390e-02 -9.994032e-01 0.000000e+00
    outer loop
      vertex 0.66119006 -0.00774055 0.00000000
      vertex 0.66119006 -0.00774055 0.10000000
      vertex 0.64617433 -0.00825956 0.10000000
    endloop
  endfacet
  facet normal 3.454390e-02 -9.994032e-01 0.000000e+00
    outer loop
      vertex 0.66119006 -0.00774055 0.00000000
      vertex 0.64617433 -0.00825956 0.10000000
      vertex 0.64617433 -0.00825956 0.00000000
    endloop
  endfacet
  facet normal 3.565917e-02 -9.993640e-01 0.000000e+00
    outer loop
      vertex 0.64617433 -0.00825956 0.00000000
      vertex 0.64617433 -0.00825956 0.10000000
      vertex 0.63102085 -0.00880027 0.10000000
    endloop
  endfacet
  facet normal 3.565917e-02 -9.993640e-01 0.000000e+00
    outer loop
      vertex 0.64617433 -0.00825956 0.00000000
      vertex 0.63102085 -0.00880027 0.10000000
      vertex 0.63102085 -0.00880027 0.00000000
    endloop
  endfacet
  facet normal 3.671366e-02 -9.993258e-01 0.000000e+00
    outer loop
      vertex 0.63102085 -0.00880027 0.00000000
      vertex 0.63102085 -0.00880027 0.10000000
      vertex 0.61574488 -0.00936148 0.10000000
    endloop
  endfacet
  facet normal 3.671366e-02 -9.993258e-01 0.000000e+00
    outer loop
      vertex 0.63102085 -0.00880027 0.00000000
      vertex 0.61574488 -0.00936148 0.10000000
      vertex 0.61574488 -0.00936148 0.00000000
    endloop
  endfacet
  facet normal 3.769601e-02 -9.992893e-01 0.000000e+00
    outer loop
      vertex 0.61574488 -0.00936148 0.00000000
      vertex 0.61574488 -0.00936148 0.10000000
      vertex 0.60036176 -0.00994178 0.10000000
    endloop
  endfacet
  facet normal 3.769601e-02 -9.992893e-01 0.000000e+00
    outer loop
      vertex 0.61574488 -0.00936148 0.00000000
      vertex 0.60036176 -0.00994178 0.10000000
      vertex 0.60036176 -0.00994178 0.00000000
    endloop
  endfacet
  facet normal 3.859445e-02 -9.992550e-01 0.000000e+00
    outer loop
      vertex 0.60036176 -0.00994178 0.00000000
      vertex 0.60036176 -0.00994178 0.10000000
      vertex 0.58488688 -0.01053947 0.10000000
    endloop
  endfacet
  facet normal 3.859445e-02 -9.992550e-01 0.000000e+00
    outer loop
      vertex 0.60036176 -0.00994178 0.00000000
      vertex 0.58488688 -0.01053947 0.10000000
      vertex 0.58488688 -0.01053947 0.00000000
    endloop
  endfacet
  facet normal 3.939682e-02 -9.992236e-01 0.000000e+00
    outer loop
      vertex 0.58488688 -0.01053947 0.00000000
      vertex 0.58488688 -0.01053947 0.10000000
      vertex 0.56933563 -0.01115261 0.10000000
    endloop
  endfacet
  facet normal 3.939682e-02 -9.992236e-01 0.000000e+00
    outer loop
      vertex 0.58488688 -0.01053947 0.00000000
      vertex 0.56933563 -0.01115261 0.10000000
      vertex 0.56933563 -0.01115261 0.00000000
    endloop
  endfacet
  facet normal 4.009067e-02 -9.991960e-01 0.000000e+00
    outer loop
      vertex 0.56933563 -0.01115261 0.00000000
      vertex 0.56933563 -0.01115261 0.10000000
      vertex 0.55372347 -0.01177902 0.10000000
    endloop
  endfacet
  facet normal 4.009067e-02 -9.991960e-01 0.000000e+00
    outer loop
      vertex 0.56933563 -0.01115261 0.00000000
      vertex 0.55372347 -0.01177902 0.10000000
      vertex 0.55372347 -0.01177902 0.00000000
    endloop
  endfacet
  facet normal 4.066322e-02 -9.991729e-01 0.000000e+00
    outer loop
      vertex 0.55372347 -0.01177902 0.00000000
      vertex 0.55372347 -0.01177902 0.10000000
      vertex 0.53806583 -0.01241624 0.10000000
    endloop
  endfacet
  facet normal 4.066322e-02 -9.991729e-01 0.000000e+00
    outer loop
      vertex 0.55372347 -0.01177902 0.00000000
      vertex 0.53806583 -0.01241624 0.10000000
      vertex 0.53806583 -0.01241624 0.00000000
    endloop
  endfacet
  facet normal 4.110144e-02 -9.991550e-01 0.000000e+00
    outer loop
      vertex 0.53806583 -0.01241624 0.00000000
      vertex 0.53806583 -0.01241624 0.10000000
      vertex 0.52237812 -0.01306157 0.10000000
    endloop
  endfacet
  facet normal 4.110144e-02 -9.991550e-01 0.000000e+00
    outer loop
      vertex 0.53806583 -0.01241624 0.00000000
      vertex 0.52237812 -0.01306157 0.10000000
      vertex 0.52237812 -0.01306157 0.00000000
    endloop
  endfacet
  facet normal 4.139206e-02 -9.991430e-01 0.000000e+00
    outer loop
      vertex 0.52237812 -0.01306157 0.00000000
      vertex 0.52237812 -0.01306157 0.10000000
      vertex 0.50667574 -0.01371208 0.10000000
    endloop
  endfacet
  facet normal 4.139206e-02 -9.991430e-01 0.000000e+00
    outer loop
      vertex 0.52237812 -0.01306157 0.00000000
      vertex 0.50667574 -0.01371208 0.10000000
      vertex 0.50667574 -0.01371208 0.00000000
    endloop
  endfacet
  facet normal 4.152165e-02 -9.991376e-01 0.000000e+00
    outer loop
      vertex 0.50667574 -0.01371208 0.00000000
      vertex 0.50667574 -0.01371208 0.10000000
      vertex 0.49097402 -0.01436460 0.10000000
    endloop
  endfacet
  facet normal 4.152165e-02 -9.991376e-01 0.000000e+00
    outer loop
      vertex 0.50667574 -0.01371208 0.00000000
      vertex 0.49097402 -0.01436460 0.10000000
      vertex 0.49097402 -0.01436460 0.00000000
    endloop
  endfacet
  facet normal 4.147659e-02 -9.991395e-01 0.000000e+00
    outer loop
      vertex 0.49097402 -0.01436460 0.00000000
      vertex 0.49097402 -0.01436460 0.10000000
      vertex 0.47528826 -0.01501576 0.10000000
    endloop
  endfacet
  facet normal 4.147659e-02 -9.991395e-01 0.000000e+00
    outer loop
      vertex 0.49097402 -0.01436460 0.00000000
      vertex 0.47528826 -0.01501576 0.10000000
      vertex 0.47528826 -0.01501576 0.00000000
    endloop
  endfacet
  facet normal 4.124312e-02 -9.991491e-01 0.000000e+00
    outer loop
      vertex 0.47528826 -0.01501576 0.00000000
      vertex 0.47528826 -0.01501576 0.10000000
      vertex 0.45963366 -0.01566195 0.10000000
    endloop
  endfacet
  facet normal 4.124312e-02 -9.991491e-01 0.000000e+00
    outer loop
      vertex 0.47528826 -0.01501576 0.00000000
      vertex 0.45963366 -0.01566195 0.10000000
      vertex 0.45963366 -0.01566195 0.00000000
    endloop
  endfacet
  facet normal 4.080738e-02 -9.991670e-01 0.000000e+00
    outer loop
      vertex 0.45963366 -0.01566195 0.00000000
      vertex 0.45963366 -0.01566195 0.10000000
      vertex 0.44402534 -0.01629942 0.10000000
    endloop
  endfacet
  facet normal 4.080738e-02 -9.991670e-01 0.000000e+00
    outer loop
      vertex 0.45963366 -0.01566195 0.00000000
      vertex 0.44402534 -0.01629942 0.10000000
      vertex 0.44402534 -0.01629942 0.00000000
    endloop
  endfacet
  facet normal 4.015537e-02 -9.991934e-01 0.000000e+00
    outer loop
      vertex 0.44402534 -0.01629942 0.00000000
      vertex 0.44402534 -0.01629942 0.10000000
      vertex 0.42847832 -0.01692422 0.10000000
    endloop
  endfacet
  facet normal 4.015537e-02 -9.991934e-01 0.000000e+00
    outer loop
      vertex 0.44402534 -0.01629942 0.00000000
      vertex 0.42847832 -0.01692422 0.10000000
      vertex 0.42847832 -0.01692422 0.00000000
    endloop
  endfacet
  facet normal 3.927301e-02 -9.992285e-01 0.000000e+00
    outer loop
      vertex 0.42847832 -0.01692422 0.00000000
      vertex 0.42847832 -0.01692422 0.10000000
      vertex 0.41300751 -0.01753227 0.10000000
    endloop
  endfacet
  facet normal 3.927301e-02 -9.992285e-01 0.000000e+00
    outer loop
      vertex 0.42847832 -0.01692422 0.00000000
      vertex 0.41300751 -0.01753227 0.10000000
      vertex 0.41300751 -0.01753227 0.00000000
    endloop
  endfacet
  facet normal 3.829240e-02 -9.992666e-01 0.000000e+00
    outer loop
      vertex 0.41300751 -0.01753227 0.00000000
      vertex 0.41300751 -0.01753227 0.10000000
      vertex 0.39766651 -0.01812014 0.10000000
    endloop
  endfacet
  facet normal 3.829240e-02 -9.992666e-01 0.000000e+00
    outer loop
      vertex 0.41300751 -0.01753227 0.00000000
      vertex 0.39766651 -0.01812014 0.10000000
      vertex 0.39766651 -0.01812014 0.00000000
    endloop
  endfacet
  facet normal 4.015022e-02 -9.991937e-01 0.000000e+00
    outer loop
      vertex 0.39766651 -0.01812014 0.00000000
      vertex 0.39766651 -0.01812014 0.10000000
      vertex 0.38264479 -0.01872376 0.10000000
    endloop
  endfacet
  facet normal 4.015022e-02 -9.991937e-01 0.000000e+00
    outer loop
      vertex 0.39766651 -0.01812014 0.00000000
      vertex 0.38264479 -0.01872376 0.10000000
      vertex 0.38264479 -0.01872376 0.00000000
    endloop
  endfacet
  facet normal 4.268722e-02 -9.990885e-01 0.000000e+00
    outer loop
      vertex 0.38264479 -0.01872376 0.00000000
      vertex 0.38264479 -0.01872376 0.10000000
      vertex 0.36774498 -0.01936037 0.10000000
    endloop
  endfacet
  facet normal 4.268722e-02 -9.990885e-01 0.000000e+00
    outer loop
      vertex 0.38264479 -0.01872376 0.00000000
      vertex 0.36774498 -0.01936037 0.10000000
      vertex 0.36774498 -0.01936037 0.00000000
    endloop
  endfacet
  facet normal 4.489246e-02 -9.989918e-01 0.000000e+00
    outer loop
      vertex 0.36774498 -0.01936037 0.00000000
      vertex 0.36774498 -0.01936037 0.10000000
      vertex 0.35297997 -0.02002388 0.10000000
    endloop
  endfacet
  facet normal 4.489246e-02 -9.989918e-01 0.000000e+00
    outer loop
      vertex 0.36774498 -0.01936037 0.00000000
      vertex 0.35297997 -0.02002388 0.10000000
      vertex 0.35297997 -0.02002388 0.00000000
    endloop
  endfacet
  facet normal 4.674703e-02 -9.989068e-01 0.000000e+00
    outer loop
      vertex 0.35297997 -0.02002388 0.00000000
      vertex 0.35297997 -0.02002388 0.10000000
      vertex 0.33836247 -0.02070795 0.10000000
    endloop
  endfacet
  facet normal 4.674703e-02 -9.989068e-01 0.000000e+00
    outer loop
      vertex 0.35297997 -0.02002388 0.00000000
      vertex 0.33836247 -0.02070795 0.10000000
      vertex 0.33836247 -0.02070795 0.00000000
    endloop
  endfacet
  facet normal 4.823189e-02 -9.988362e-01 0.000000e+00
    outer loop
      vertex 0.33836247 -0.02070795 0.00000000
      vertex 0.33836247 -0.02070795 0.10000000
      vertex 0.32390500 -0.02140607 0.10000000
    endloop
  endfacet
  facet normal 4.823189e-02 -9.988362e-01 0.000000e+00
    outer loop
      vertex 0.33836247 -0.02070795 0.00000000
      vertex 0.32390500 -0.02140607 0.10000000
      vertex 0.32390500 -0.02140607 0.00000000
    endloop
  endfacet
  facet normal 4.932768e-02 -9.987826e-01 0.000000e+00
    outer loop
      vertex 0.32390500 -0.02140607 0.00000000
      vertex 0.32390500 -0.02140607 0.10000000
      vertex 0.30961988 -0.02211158 0.10000000
    endloop
  endfacet
  facet normal 4.932768e-02 -9.987826e-01 0.000000e+00
    outer loop
      vertex 0.32390500 -0.02140607 0.00000000
      vertex 0.30961988 -0.02211158 0.10000000
      vertex 0.30961988 -0.02211158 0.00000000
    endloop
  endfacet
  facet normal 5.001463e-02 -9.987485e-01 0.000000e+00
    outer loop
      vertex 0.30961988 -0.02211158 0.00000000
      vertex 0.30961988 -0.02211158 0.10000000
      vertex 0.29551927 -0.02281770 0.10000000
    endloop
  endfacet
  facet normal 5.001463e-02 -9.987485e-01 0.000000e+00
    outer loop
      vertex 0.30961988 -0.02211158 0.00000000
      vertex 0.29551927 -0.02281770 0.10000000
      vertex 0.29551927 -0.02281770 0.00000000
    endloop
  endfacet
  facet normal 5.027230e-02 -9.987355e-01 0.000000e+00
    outer loop
      vertex 0.29551927 -0.02281770 0.00000000
      vertex 0.29551927 -0.02281770 0.10000000
      vertex 0.28161516 -0.02351758 0.10000000
    endloop
  endfacet
  facet normal 5.027230e-02 -9.987355e-01 0.000000e+00
    outer loop
      vertex 0.29551927 -0.02281770 0.00000000
      vertex 0.28161516 -0.02351758 0.10000000
      vertex 0.28161516 -0.02351758 0.00000000
    endloop
  endfacet
  facet normal 5.007943e-02 -9.987452e-01 0.000000e+00
    outer loop
      vertex 0.28161516 -0.02351758 0.00000000
      vertex 0.28161516 -0.02351758 0.10000000
      vertex 0.26791933 -0.02420432 0.10000000
    endloop
  endfacet
  facet normal 5.007943e-02 -9.987452e-01 0.000000e+00
    outer loop
      vertex 0.28161516 -0.02351758 0.00000000
      vertex 0.26791933 -0.02420432 0.10000000
      vertex 0.26791933 -0.02420432 0.00000000
    endloop
  endfacet
  facet normal 4.941360e-02 -9.987784e-01 0.000000e+00
    outer loop
      vertex 0.26791933 -0.02420432 0.00000000
      vertex 0.26791933 -0.02420432 0.10000000
      vertex 0.25444345 -0.02487103 0.10000000
    endloop
  endfacet
  facet normal 4.941360e-02 -9.987784e-01 0.000000e+00
    outer loop
      vertex 0.26791933 -0.02420432 0.00000000
      vertex 0.25444345 -0.02487103 0.10000000
      vertex 0.25444345 -0.02487103 0.00000000
    endloop
  endfacet
  facet normal 4.825092e-02 -9.988352e-01 0.000000e+00
    outer loop
      vertex 0.25444345 -0.02487103 0.00000000
      vertex 0.25444345 -0.02487103 0.10000000
      vertex 0.24119900 -0.02551083 0.10000000
    endloop
  endfacet
  facet normal 4.825092e-02 -9.988352e-01 0.000000e+00
    outer loop
      vertex 0.25444345 -0.02487103 0.00000000
      vertex 0.24119900 -0.02551083 0.10000000
      vertex 0.24119900 -0.02551083 0.00000000
    endloop
  endfacet
  facet normal 4.656563e-02 -9.989152e-01 0.000000e+00
    outer loop
      vertex 0.24119900 -0.02551083 0.00000000
      vertex 0.24119900 -0.02551083 0.10000000
      vertex 0.22819731 -0.02611692 0.10000000
    endloop
  endfacet
  facet normal 4.656563e-02 -9.989152e-01 0.000000e+00
    outer loop
      vertex 0.24119900 -0.02551083 0.00000000
      vertex 0.22819731 -0.02611692 0.10000000
      vertex 0.22819731 -0.02611692 0.00000000
    endloop
  endfacet
  facet normal 4.432962e-02 -9.990170e-01 0.000000e+00
    outer loop
      vertex 0.22819731 -0.02611692 0.00000000
      vertex 0.22819731 -0.02611692 0.10000000
      vertex 0.21544958 -0.02668258 0.10000000
    endloop
  endfacet
  facet normal 4.432962e-02 -9.990170e-01 0.000000e+00
    outer loop
      vertex 0.22819731 -0.02611692 0.00000000
      vertex 0.21544958 -0.02668258 0.10000000
      vertex 0.21544958 -0.02668258 0.00000000
    endloop
  endfacet
  facet normal 4.151184e-02 -9.991380e-01 0.000000e+00
    outer loop
      vertex 0.21544958 -0.02668258 0.00000000
      vertex 0.21544958 -0.02668258 0.10000000
      vertex 0.20296686 -0.02720120 0.10000000
    endloop
  endfacet
  facet normal 4.151184e-02 -9.991380e-01 0.000000e+00
    outer loop
      vertex 0.21544958 -0.02668258 0.00000000
      vertex 0.20296686 -0.02720120 0.10000000
      vertex 0.20296686 -0.02720120 0.00000000
    endloop
  endfacet
  facet normal 3.807764e-02 -9.992748e-01 0.000000e+00
    outer loop
      vertex 0.20296686 -0.02720120 0.00000000
      vertex 0.20296686 -0.02720120 0.10000000
      vertex 0.19076005 -0.02766635 0.10000000
    endloop
  endfacet
  facet normal 3.807764e-02 -9.992748e-01 0.000000e+00
    outer loop
      vertex 0.20296686 -0.02720120 0.00000000
      vertex 0.19076005 -0.02766635 0.10000000
      vertex 0.19076005 -0.02766635 0.00000000
    endloop
  endfacet
  facet normal 3.398795e-02 -9.994222e-01 0.000000e+00
    outer loop
      vertex 0.19076005 -0.02766635 0.00000000
      vertex 0.19076005 -0.02766635 0.10000000
      vertex 0.17883995 -0.02807172 0.10000000
    endloop
  endfacet
  facet normal 3.398795e-02 -9.994222e-01 0.000000e+00
    outer loop
      vertex 0.19076005 -0.02766635 0.00000000
      vertex 0.17883995 -0.02807172 0.10000000
      vertex 0.17883995 -0.02807172 0.00000000
    endloop
  endfacet
  facet normal 2.919828e-02 -9.995736e-01 0.000000e+00
    outer loop
      vertex 0.17883995 -0.02807172 0.00000000
      vertex 0.17883995 -0.02807172 0.10000000
      vertex 0.16721720 -0.02841123 0.10000000
    endloop
  endfacet
  facet normal 2.919828e-02 -9.995736e-01 0.000000e+00
    outer loop
      vertex 0.17883995 -0.02807172 0.00000000
      vertex 0.16721720 -0.02841123 0.10000000
      vertex 0.16721720 -0.02841123 0.00000000
    endloop
  endfacet
  facet normal 2.365759e-02 -9.997201e-01 0.000000e+00
    outer loop
      vertex 0.16721720 -0.02841123 0.00000000
      vertex 0.16721720 -0.02841123 0.10000000
      vertex 0.15590229 -0.02867899 0.10000000
    endloop
  endfacet
  facet normal 2.365759e-02 -9.997201e-01 0.000000e+00
    outer loop
      vertex 0.16721720 -0.02841123 0.00000000
      vertex 0.15590229 -0.02867899 0.10000000
      vertex 0.15590229 -0.02867899 0.00000000
    endloop
  endfacet
  facet normal 1.730684e-02 -9.998502e-01 0.000000e+00
    outer loop
      vertex 0.15590229 -0.02867899 0.00000000
      vertex 0.15590229 -0.02867899 0.10000000
      vertex 0.14490562 -0.02886934 0.10000000
    endloop
  endfacet
  facet normal 1.730684e-02 -9.998502e-01 0.000000e+00
    outer loop
      vertex 0.15590229 -0.02867899 0.00000000
      vertex 0.14490562 -0.02886934 0.10000000
      vertex 0.14490562 -0.02886934 0.00000000
    endloop
  endfacet
  facet normal 1.007724e-02 -9.999492e-01 0.000000e+00
    outer loop
      vertex 0.14490562 -0.02886934 0.00000000
      vertex 0.14490562 -0.02886934 0.10000000
      vertex 0.13423739 -0.02897685 0.10000000
    endloop
  endfacet
  facet normal 1.007724e-02 -9.999492e-01 0.000000e+00
    outer loop
      vertex 0.14490562 -0.02886934 0.00000000
      vertex 0.13423739 -0.02897685 0.10000000
      vertex 0.13423739 -0.02897685 0.00000000
    endloop
  endfacet
  facet normal 1.888219e-03 -9.999982e-01 0.000000e+00
    outer loop
      vertex 0.13423739 -0.02897685 0.00000000
      vertex 0.13423739 -0.02897685 0.10000000
      vertex 0.12390771 -0.02899635 0.10000000
    endloop
  endfacet
  facet normal 1.888219e-03 -9.999982e-01 0.000000e+00
    outer loop
      vertex 0.13423739 -0.02897685 0.00000000
      vertex 0.12390771 -0.02899635 0.10000000
      vertex 0.12390771 -0.02899635 0.00000000
    endloop
  endfacet
  facet normal -7.355215e-03 -9.999730e-01 0.000000e+00
    outer loop
      vertex 0.12390771 -0.02899635 0.00000000
      vertex 0.12390771 -0.02899635 0.10000000
      vertex 0.11392650 -0.02892294 0.10000000
    endloop
  endfacet
  facet normal -7.355215e-03 -9.999730e-01 0.000000e+00
    outer loop
      vertex 0.12390771 -0.02899635 0.00000000
      vertex 0.11392650 -0.02892294 0.10000000
      vertex 0.11392650 -0.02892294 0.00000000
    endloop
  endfacet
  facet normal -1.776563e-02 -9.998422e-01 0.000000e+00
    outer loop
      vertex 0.11392650 -0.02892294 0.00000000
      vertex 0.11392650 -0.02892294 0.10000000
      vertex 0.10430353 -0.02875195 0.10000000
    endloop
  endfacet
  facet normal -1.776563e-02 -9.998422e-01 0.000000e+00
    outer loop
      vertex 0.11392650 -0.02892294 0.00000000
      vertex 0.10430353 -0.02875195 0.10000000
      vertex 0.10430353 -0.02875195 0.00000000
    endloop
  endfacet
  facet normal -2.947712e-02 -9.995655e-01 0.000000e+00
    outer loop
      vertex 0.10430353 -0.02875195 0.00000000
      vertex 0.10430353 -0.02875195 0.10000000
      vertex 0.09504838 -0.02847902 0.10000000
    endloop
  endfacet
  facet normal -2.947712e-02 -9.995655e-01 0.000000e+00
    outer loop
      vertex 0.10430353 -0.02875195 0.00000000
      vertex 0.09504838 -0.02847902 0.10000000
      vertex 0.09504838 -0.02847902 0.00000000
    endloop
  endfacet
  facet normal -4.265021e-02 -9.990901e-01 0.000000e+00
    outer loop
      vertex 0.09504838 -0.02847902 0.00000000
      vertex 0.09504838 -0.02847902 0.10000000
      vertex 0.08617046 -0.02810003 0.10000000
    endloop
  endfacet
  facet normal -4.265021e-02 -9.990901e-01 0.000000e+00
    outer loop
      vertex 0.09504838 -0.02847902 0.00000000
      vertex 0.08617046 -0.02810003 0.10000000
      vertex 0.08617046 -0.02810003 0.00000000
    endloop
  endfacet
  facet normal -5.747802e-02 -9.983468e-01 0.000000e+00
    outer loop
      vertex 0.08617046 -0.02810003 0.00000000
      vertex 0.08617046 -0.02810003 0.10000000
      vertex 0.07767897 -0.02761114 0.10000000
    endloop
  endfacet
  facet normal -5.747802e-02 -9.983468e-01 0.000000e+00
    outer loop
      vertex 0.08617046 -0.02810003 0.00000000
      vertex 0.07767897 -0.02761114 0.10000000
      vertex 0.07767897 -0.02761114 0.00000000
    endloop
  endfacet
  facet normal -7.419394e-02 -9.972438e-01 0.000000e+00
    outer loop
      vertex 0.07767897 -0.02761114 0.00000000
      vertex 0.07767897 -0.02761114 0.10000000
      vertex 0.06958288 -0.02700880 0.10000000
    endloop
  endfacet
  facet normal -7.419394e-02 -9.972438e-01 0.000000e+00
    outer loop
      vertex 0.07767897 -0.02761114 0.00000000
      vertex 0.06958288 -0.02700880 0.10000000
      vertex 0.06958288 -0.02700880 0.00000000
    endloop
  endfacet
  facet normal -9.308129e-02 -9.956585e-01 0.000000e+00
    outer loop
      vertex 0.06958288 -0.02700880 0.00000000
      vertex 0.06958288 -0.02700880 0.10000000
      vertex 0.06189094 -0.02628971 0.10000000
    endloop
  endfacet
  facet normal -9.308129e-02 -9.956585e-01 0.000000e+00
    outer loop
      vertex 0.06958288 -0.02700880 0.00000000
      vertex 0.06189094 -0.02628971 0.10000000
      vertex 0.06189094 -0.02628971 0.00000000
    endloop
  endfacet
  facet normal -1.144854e-01 -9.934249e-01 0.000000e+00
    outer loop
      vertex 0.06189094 -0.02628971 0.00000000
      vertex 0.06189094 -0.02628971 0.10000000
      vertex 0.05461163 -0.02545082 0.10000000
    endloop
  endfacet
  facet normal -1.144854e-01 -9.934249e-01 0.000000e+00
    outer loop
      vertex 0.06189094 -0.02628971 0.00000000
      vertex 0.05461163 -0.02545082 0.10000000
      vertex 0.05461163 -0.02545082 0.00000000
    endloop
  endfacet
  facet normal -1.388286e-01 -9.903164e-01 0.000000e+00
    outer loop
      vertex 0.05461163 -0.02545082 0.00000000
      vertex 0.05461163 -0.02545082 0.10000000
      vertex 0.04775317 -0.02448935 0.10000000
    endloop
  endfacet
  facet normal -1.388286e-01 -9.903164e-01 0.000000e+00
    outer loop
      vertex 0.05461163 -0.02545082 0.00000000
      vertex 0.04775317 -0.02448935 0.10000000
      vertex 0.04775317 -0.02448935 0.00000000
    endloop
  endfacet
  facet normal -1.666279e-01 -9.860198e-01 0.000000e+00
    outer loop
      vertex 0.04775317 -0.02448935 0.00000000
      vertex 0.04775317 -0.02448935 0.10000000
      vertex 0.04132346 -0.02340279 0.10000000
    endloop
  endfacet
  facet normal -1.666279e-01 -9.860198e-01 0.000000e+00
    outer loop
      vertex 0.04775317 -0.02448935 0.00000000
      vertex 0.04132346 -0.02340279 0.10000000
      vertex 0.04132346 -0.02340279 0.00000000
    endloop
  endfacet
  facet normal -1.985164e-01 -9.800976e-01 0.000000e+00
    outer loop
      vertex 0.04132346 -0.02340279 0.00000000
      vertex 0.04132346 -0.02340279 0.10000000
      vertex 0.03533011 -0.02218886 0.10000000
    endloop
  endfacet
  facet normal -1.985164e-01 -9.800976e-01 0.000000e+00
    outer loop
      vertex 0.04132346 -0.02340279 0.00000000
      vertex 0.03533011 -0.02218886 0.10000000
      vertex 0.03533011 -0.02218886 0.00000000
    endloop
  endfacet
  facet normal -2.352648e-01 -9.719313e-01 0.000000e+00
    outer loop
      vertex 0.03533011 -0.02218886 0.00000000
      vertex 0.03533011 -0.02218886 0.10000000
      vertex 0.02978038 -0.02084549 0.10000000
    endloop
  endfacet
  facet normal -2.352648e-01 -9.719313e-01 0.000000e+00
    outer loop
      vertex 0.03533011 -0.02218886 0.00000000
      vertex 0.02978038 -0.02084549 0.10000000
      vertex 0.02978038 -0.02084549 0.00000000
    endloop
  endfacet
  facet normal -2.777999e-01 -9.606389e-01 0.000000e+00
    outer loop
      vertex 0.02978038 -0.02084549 0.00000000
      vertex 0.02978038 -0.02084549 0.10000000
      vertex 0.02468118 -0.01937089 0.10000000
    endloop
  endfacet
  facet normal -2.777999e-01 -9.606389e-01 0.000000e+00
    outer loop
      vertex 0.02978038 -0.02084549 0.00000000
      vertex 0.02468118 -0.01937089 0.10000000
      vertex 0.02468118 -0.01937089 0.00000000
    endloop
  endfacet
  facet normal -3.272071e-01 -9.449527e-01 0.000000e+00
    outer loop
      vertex 0.02468118 -0.01937089 0.00000000
      vertex 0.02468118 -0.01937089 0.10000000
      vertex 0.02003902 -0.01776346 0.10000000
    endloop
  endfacet
  facet normal -3.272071e-01 -9.449527e-01 0.000000e+00
    outer loop
      vertex 0.02468118 -0.01937089 0.00000000
      vertex 0.02003902 -0.01776346 0.10000000
      vertex 0.02003902 -0.01776346 0.00000000
    endloop
  endfacet
  facet normal -3.846901e-01 -9.230458e-01 0.000000e+00
    outer loop
      vertex 0.02003902 -0.01776346 0.00000000
      vertex 0.02003902 -0.01776346 0.10000000
      vertex 0.01586005 -0.01602183 0.10000000
    endloop
  endfacet
  facet normal -3.846901e-01 -9.230458e-01 0.000000e+00
    outer loop
      vertex 0.02003902 -0.01776346 0.00000000
      vertex 0.01586005 -0.01602183 0.10000000
      vertex 0.01586005 -0.01602183 0.00000000
    endloop
  endfacet
  facet normal -4.514353e-01 -8.923038e-01 0.000000e+00
    outer loop
      vertex 0.01586005 -0.01602183 0.00000000
      vertex 0.01586005 -0.01602183 0.10000000
      vertex 0.01214998 -0.01414483 0.10000000
    endloop
  endfacet
  facet normal -4.514353e-01 -8.923038e-01 0.000000e+00
    outer loop
      vertex 0.01586005 -0.01602183 0.00000000
      vertex 0.01214998 -0.01414483 0.10000000
      vertex 0.01214998 -0.01414483 0.00000000
    endloop
  endfacet
  facet normal -5.282811e-01 -8.490695e-01 0.000000e+00
    outer loop
      vertex 0.01214998 -0.01414483 0.00000000
      vertex 0.01214998 -0.01414483 0.10000000
      vertex 0.00891409 -0.01213149 0.10000000
    endloop
  endfacet
  facet normal -5.282811e-01 -8.490695e-01 0.000000e+00
    outer loop
      vertex 0.01214998 -0.01414483 0.00000000
      vertex 0.00891409 -0.01213149 0.10000000
      vertex 0.00891409 -0.01213149 0.00000000
    endloop
  endfacet
  facet normal -6.150425e-01 -7.884939e-01 0.000000e+00
    outer loop
      vertex 0.00891409 -0.01213149 0.00000000
      vertex 0.00891409 -0.01213149 0.10000000
      vertex 0.00615722 -0.00998107 0.10000000
    endloop
  endfacet
  facet normal -6.150425e-01 -7.884939e-01 0.000000e+00
    outer loop
      vertex 0.00891409 -0.01213149 0.00000000
      vertex 0.00615722 -0.00998107 0.10000000
      vertex 0.00615722 -0.00998107 0.00000000
    endloop
  endfacet
  facet normal -7.093644e-01 -7.048420e-01 0.000000e+00
    outer loop
      vertex 0.00615722 -0.00998107 0.00000000
      vertex 0.00615722 -0.00998107 0.10000000
      vertex 0.00388372 -0.00769299 0.10000000
    endloop
  endfacet
  facet normal -7.093644e-01 -7.048420e-01 0.000000e+00
    outer loop
      vertex 0.00615722 -0.00998107 0.00000000
      vertex 0.00388372 -0.00769299 0.10000000
      vertex 0.00388372 -0.00769299 0.00000000
    endloop
  endfacet
  facet normal -8.052844e-01 -5.928888e-01 0.000000e+00
    outer loop
      vertex 0.00388372 -0.00769299 0.00000000
      vertex 0.00388372 -0.00769299 0.10000000
      vertex 0.00209750 -0.00526687 0.10000000
    endloop
  endfacet
  facet normal -8.052844e-01 -5.928888e-01 0.000000e+00
    outer loop
      vertex 0.00388372 -0.00769299 0.00000000
      vertex 0.00209750 -0.00526687 0.10000000
      vertex 0.00209750 -0.00526687 0.00000000
    endloop
  endfacet
  facet normal -8.925569e-01 -4.509348e-01 0.000000e+00
    outer loop
      vertex 0.00209750 -0.00526687 0.00000000
      vertex 0.00209750 -0.00526687 0.10000000
      vertex 0.00080196 -0.00270254 0.10000000
    endloop
  endfacet
  facet normal -8.925569e-01 -4.509348e-01 0.000000e+00
    outer loop
      vertex 0.00209750 -0.00526687 0.00000000
      vertex 0.00080196 -0.00270254 0.10000000
      vertex 0.00080196 -0.00270254 0.00000000
    endloop
  endfacet
  facet normal -9.586817e-01 -2.844809e-01 0.000000e+00
    outer loop
      vertex 0.00080196 -0.00270254 0.00000000
      vertex 0.00080196 -0.00270254 0.10000000
      vertex 0.00000000 0.00000000 0.10000000
    endloop
  endfacet
  facet normal -9.586817e-01 -2.844809e-01 0.000000e+00
    outer loop
      vertex 0.00080196 -0.00270254 0.00000000
      vertex 0.00000000 0.00000000 0.10000000
      vertex 0.00000000 0.00000000 0.00000000
    endloop
  endfacet
  facet normal 0.000000e+00 0.000000e+00 0.000000e+00
    outer loop
      vertex 0.00000000 0.00000000 0.00000000
      vertex 0.00000000 0.00000000 0.10000000
      vertex 0.00000000 0.00000000 0.10000000
    endloop
  endfacet
  facet normal 0.000000e+00 0.000000e+00 0.000000e+00
    outer loop
      vertex 0.00000000 0.00000000 0.00000000
      vertex 0.00000000 0.00000000 0.10000000
      vertex 0.00000000 0.00000000 0.00000000
    endloop
  endfacet
  facet normal 0.000000e+00 0.000000e+00 1.000000e+00
    outer loop
      vertex 0.49748744 0.01997463 0.00000000
      vertex -0.00029850 0.00280320 0.00000000
      vertex 0.00000000 0.00000000 0.00000000
    endloop
  endfacet
  facet normal 0.000000e+00 0.000000e+00 1.000000e+00
    outer loop
      vertex 0.49748744 0.01997463 0.00000000
      vertex -0.00008418 0.00566903 0.00000000
      vertex -0.00029850 0.00280320 0.00000000
    endloop
  endfacet
  facet normal 0.000000e+00 0.000000e+00 1.000000e+00
    outer loop
      vertex 0.49748744 0.01997463 0.00000000
      vertex 0.00064436 0.00859604 0.00000000
      vertex -0.00008418 0.00566903 0.00000000
    endloop
  endfacet
  facet normal 0.000000e+00 0.000000e+00 1.000000e+00
    outer loop
      vertex 0.49748744 0.01997463 0.00000000
      vertex 0.00188797 0.01158202 0.00000000
      vertex 0.00064436 0.00859604 0.00000000
    endloop
  endfacet
  facet normal 0.000000e+00 0.000000e+00 1.000000e+00
    outer loop
      vertex 0.49748744 0.01997463 0.00000000
      vertex 0.00364702 0.01462399 0.00000000
      vertex 0.00188797 0.01158202 0.00000000
    endloop
  endfacet
  facet normal 0.000000e+00 0.000000e+00 1.000000e+00
    outer loop
      vertex 0.49748744 0.01997463 0.00000000
      vertex 0.00592132 0.01771827 0.00000000
      vertex 0.00364702 0.01462399 0.00000000
    endloop
  endfacet
  facet normal 0.000000e+00 0.000000e+00 1.000000e+00
    outer loop
      vertex 0.49748744 0.01997463 0.00000000
      vertex 0.00871016 0.02086041 0.00000000
      vertex 0.00592132 0.01771827 0.00000000
    endloop
  endfacet
  facet normal 0.000000e+00 0.000000e+00 1.000000e+00
    outer loop
      vertex 0.49748744 0.01997463 0.00000000
      vertex 0.01201227 0.02404531 0.00000000
      vertex 0.00871016 0.02086041 0.00000000
    endloop
  endfacet
  facet normal 0.000000e+00 0.000000e+00 1.000000e+00
    outer loop
      vertex 0.49748744 0.01997463 0.00000000
      vertex 0.01582585 0.02726720 0.00000000
      vertex 0.01201227 0.02404531 0.00000000
    endloop
  endfacet
  facet normal 0.000000e+00 0.000000e+00 1.000000e+00
    outer loop
      vertex 0.49748744 0.01997463 0.00000000
      vertex 0.02014850 0.03051966 0.00000000
      vertex 0.01582585 0.02726720 0.00000000
    endloop
  endfacet
  facet normal 0.000000e+00 0.000000e+00 1.000000e+00
    outer loop
      vertex 0.49748744 0.01997463 0.00000000
      vertex 0.02497727 0.03379571 0.00000000
      vertex 0.02014850 0.03051966 0.00000000
    endloop
  endfacet
  facet normal 0.000000e+00 0.000000e+00 1.000000e+00
    outer loop
      vertex 0.49748744 0.01997463 0.00000000
      vertex 0.03030861 0.03708781 0.00000000
      vertex 0.02497727 0.03379571 0.00000000
    endloop
  endfacet
  facet normal 0.000000e+00 0.000000e+00 1.000000e+00
    outer loop
      vertex 0.49748744 0.01997463 0.00000000
      vertex 0.03613837 0.04038794 0.00000000
      vertex 0.03030861 0.03708781 0.00000000
    endloop
  endfacet
  facet normal 0.000000e+00 0.000000e+00 1.000000e+00
    outer loop
      vertex 0.49748744 0.01997463 0.00000000
      vertex 0.04246183 0.04368760 0.00000000
      vertex 0.03613837 0.04038794 0.00000000
    endloop
  endfacet
  facet normal 0.000000e+00 0.000000e+00 1.000000e+00
    outer loop
      vertex 0.49748744 0.01997463 0.00000000
      vertex 0.04927361 0.04697792 0.00000000
      vertex 0.04246183 0.04368760 0.00000000
    endloop
  endfacet
  facet normal 0.000000e+00 0.000000e+00 1.000000e+00
    outer loop
      vertex 0.49748744 0.01997463 0.00000000
      vertex 0.05656774 0.05024968 0.00000000
      vertex 0.04927361 0.04697792 0.00000000
    endloop
  endfacet
  facet normal 0.000000e+00 0.000000e+00 1.000000e+00
    outer loop
      vertex 0.49748744 0.01997463 0.00000000
      vertex 0.06433762 0.05349337 0.00000000
      vertex 0.05656774 0.05024968 0.00000000
    endloop
  endfacet
  facet normal 0.000000e+00 0.000000e+00 1.000000e+00
    outer loop
      vertex 0.49748744 0.01997463 0.00000000
      vertex 0.07257600 0.05669927 0.00000000
      vertex 0.06433762 0.05349337 0.00000000
    endloop
  endfacet
  facet normal 0.000000e+00 0.000000e+00 1.000000e+00
    outer loop
      vertex 0.49748744 0.01997463 0.00000000
      vertex 0.08127504 0.05985746 0.00000000
      vertex 0.07257600 0.05669927 0.00000000
    endloop
  endfacet
  facet normal 0.000000e+00 0.000000e+00 1.000000e+00
    outer loop
      vertex 0.49748744 0.01997463 0.00000000
      vertex 0.09042621 0.06295794 0.00000000
      vertex 0.08127504 0.05985746 0.00000000
    endloop
  endfacet
  facet normal 0.000000e+00 0.000000e+00 1.000000e+00
    outer loop
      vertex 0.49748744 0.01997463 0.00000000
      vertex 0.10002040 0.06599066 0.00000000
      vertex 0.09042621 0.06295794 0.00000000
    endloop
  endfacet
  facet normal 0.000000e+00 0.000000e+00 1.000000e+00
    outer loop
      vertex 0.49748744 0.01997463 0.00000000
      vertex 0.11004784 0.06894556 0.00000000
      vertex 0.10002040 0.06599066 0.00000000
    endloop
  endfacet
  facet normal 0.000000e+00 0.000000e+00 1.000000e+00
    outer loop
      vertex 0.49748744 0.01997463 0.00000000
      vertex 0.12049816 0.07181268 0.00000000
      vertex 0.11004784 0.06894556 0.00000000
    endloop
  endfacet
  facet normal 0.000000e+00 0.000000e+00 1.000000e+00
    outer loop
      vertex 0.49748744 0.01997463 0.00000000
      vertex 0.13136035 0.07458217 0.00000000
      vertex 0.12049816 0.07181268 0.00000000
    endloop
  endfacet
  facet normal 0.000000e+00 0.000000e+00 1.000000e+00
    outer loop
      vertex 0.49748744 0.01997463 0.00000000
      vertex 0.14262282 0.07724436 0.00000000
      vertex 0.13136035 0.07458217 0.00000000
    endloop
  endfacet
  facet normal 0.000000e+00 0.000000e+00 1.000000e+00
    outer loop
      vertex 0.49748744 0.01997463 0.00000000
      vertex 0.15427339 0.07978982 0.00000000
      vertex 0.14262282 0.07724436 0.00000000
    endloop
  endfacet
  facet normal 0.000000e+00 0.000000e+00 1.000000e+00
    outer loop
      vertex 0.49748744 0.01997463 0.00000000
      vertex 0.16629931 0.08220944 0.00000000
      vertex 0.15427339 0.07978982 0.00000000
    endloop
  endfacet
  facet normal 0.000000e+00 0.000000e+00 1.000000e+00
    outer loop
      vertex 0.49748744 0.01997463 0.00000000
      vertex 0.17868728 0.08449440 0.00000000
      vertex 0.16629931 0.08220944 0.00000000
    endloop
  endfacet
  facet normal 0.000000e+00 0.000000e+00 1.000000e+00
    outer loop
      vertex 0.49748744 0.01997463 0.00000000
      vertex 0.19142346 0.08663630 0.00000000
      vertex 0.17868728 0.08449440 0.00000000
    endloop
  endfacet
  facet normal 0.000000e+00 0.000000e+00 1.000000e+00
    outer loop
      vertex 0.49748744 0.01997463 0.00000000
      vertex 0.20449351 0.08862717 0.00000000
      vertex 0.19142346 0.08663630 0.00000000
    endloop
  endfacet
  facet normal 0.000000e+00 0.000000e+00 1.000000e+00
    outer loop
      vertex 0.49748744 0.01997463 0.00000000
      vertex 0.21788263 0.09045949 0.00000000
      vertex 0.20449351 0.08862717 0.00000000
    endloop
  endfacet
  facet normal 0.000000e+00 0.000000e+00 1.000000e+00
    outer loop
      vertex 0.49748744 0.01997463 0.00000000
      vertex 0.23157553 0.09212627 0.00000000
      vertex 0.21788263 0.09045949 0.00000000
    endloop
  endfacet
  facet normal 0.000000e+00 0.000000e+00 1.000000e+00
    outer loop
      vertex 0.49748744 0.01997463 0.00000000
      vertex 0.24555655 0.09362103 0.00000000
      vertex 0.23157553 0.09212627 0.00000000
    endloop
  endfacet
  facet normal 0.000000e+00 0.000000e+00 1.000000e+00
    outer loop
      vertex 0.49748744 0.01997463 0.00000000
      vertex 0.25980959 0.09493788 0.00000000
      vertex 0.24555655 0.09362103 0.00000000
    endloop
  endfacet
  facet normal 0.000000e+00 0.000000e+00 1.000000e+00
    outer loop
      vertex 0.49748744 0.01997463 0.00000000
      vertex 0.27431823 0.09607152 0.00000000
      vertex 0.25980959 0.09493788 0.00000000
    endloop
  endfacet
  facet normal 0.000000e+00 0.000000e+00 1.000000e+00
    outer loop
      vertex 0.49748744 0.01997463 0.00000000
      vertex 0.28906571 0.09701725 0.00000000
      vertex 0.27431823 0.09607152 0.00000000
    endloop
  endfacet
  facet normal 0.000000e+00 0.000000e+00 1.000000e+00
    outer loop
      vertex 0.49748744 0.01997463 0.00000000
      vertex 0.30403499 0.09777102 0.00000000
      vertex 0.28906571 0.09701725 0.00000000
    endloop
  endfacet
  facet normal 0.000000e+00 0.000000e+00 1.000000e+00
    outer loop
      vertex 0.49748744 0.01997463 0.00000000
      vertex 0.31920878 0.09832941 0.00000000
      vertex 0.30403499 0.09777102 0.00000000
    endloop
  endfacet
  facet normal 0.000000e+00 0.000000e+00 1.000000e+00
    outer loop
      vertex 0.49748744 0.01997463 0.00000000
      vertex 0.33456957 0.09868966 0.00000000
      vertex 0.31920878 0.09832941 0.00000000
    endloop
  endfacet
  facet normal 0.000000e+00 0.000000e+00 1.000000e+00
    outer loop
      vertex 0.49748744 0.01997463 0.00000000
      vertex 0.35009965 0.09884968 0.00000000
      vertex 0.33456957 0.09868966 0.00000000
    endloop
  endfacet
  facet normal 0.000000e+00 0.000000e+00 1.000000e+00
    outer loop
      vertex 0.49748744 0.01997463 0.00000000
      vertex 0.36578121 0.09880802 0.00000000
      vertex 0.35009965 0.09884968 0.00000000
    endloop
  endfacet
  facet normal 0.000000e+00 0.000000e+00 1.000000e+00
    outer loop
      vertex 0.49748744 0.01997463 0.00000000
      vertex 0.38159627 0.09856392 0.00000000
      vertex 0.36578121 0.09880802 0.00000000
    endloop
  endfacet
  facet normal 0.000000e+00 0.000000e+00 1.000000e+00
    outer loop
      vertex 0.49748744 0.01997463 0.00000000
      vertex 0.39752683 0.09811726 0.00000000
      vertex 0.38159627 0.09856392 0.00000000
    endloop
  endfacet
  facet normal 0.000000e+00 0.000000e+00 1.000000e+00
    outer loop
      vertex 0.49748744 0.01997463 0.00000000
      vertex 0.41334431 0.09749369 0.00000000
      vertex 0.39752683 0.09811726 0.00000000
    endloop
  endfacet
  facet normal 0.000000e+00 0.000000e+00 1.000000e+00
    outer loop
      vertex 0.49748744 0.01997463 0.00000000
      vertex 0.42920684 0.09673935 0.00000000
      vertex 0.41334431 0.09749369 0.00000000
    endloop
  endfacet
  facet normal 0.000000e+00 0.000000e+00 1.000000e+00
    outer loop
      vertex 0.49748744 0.01997463 0.00000000
      vertex 0.44513646 0.09585776 0.00000000
      vertex 0.42920684 0.09673935 0.00000000
    endloop
  endfacet
  facet normal 0.000000e+00 0.000000e+00 1.000000e+00
    outer loop
      vertex 0.49748744 0.01997463 0.00000000
      vertex 0.46111639 0.09485192 0.00000000
      vertex 0.44513646 0.09585776 0.00000000
    endloop
  endfacet
  facet normal 0.000000e+00 0.000000e+00 1.000000e+00
    outer loop
      vertex 0.49748744 0.01997463 0.00000000
      vertex 0.47712982 0.09372513 0.00000000
      vertex 0.46111639 0.09485192 0.00000000
    endloop
  endfacet
  facet normal 0.000000e+00 0.000000e+00 1.000000e+00
    outer loop
      vertex 0.49748744 0.01997463 0.00000000
      vertex 0.49316001 0.09248097 0.00000000
      vertex 0.47712982 0.09372513 0.00000000
    endloop
  endfacet
  facet normal 0.000000e+00 -0.000000e+00 1.000000e+00
    outer loop
      vertex 0.49748744 0.01997463 0.00000000
      vertex 0.50919023 0.09112330 0.00000000
      vertex 0.49316001 0.09248097 0.00000000
    endloop
  endfacet
  facet normal 0.000000e+00 0.000000e+00 1.000000e+00
    outer loop
      vertex 0.49748744 0.01997463 0.00000000
      vertex 0.52520379 0.08965619 0.00000000
      vertex 0.50919023 0.09112330 0.00000000
    endloop
  endfacet
  facet normal 0.000000e+00 0.000000e+00 1.000000e+00
    outer loop
      vertex 0.49748744 0.01997463 0.00000000
      vertex 0.54118413 0.08808398 0.00000000
      vertex 0.52520379 0.08965619 0.00000000
    endloop
  endfacet
  facet normal 0.000000e+00 0.000000e+00 1.000000e+00
    outer loop
      vertex 0.49748744 0.01997463 0.00000000
      vertex 0.55711473 0.08641122 0.00000000
      vertex 0.54118413 0.08808398 0.00000000
    endloop
  endfacet
  facet normal 0.000000e+00 0.000000e+00 1.000000e+00
    outer loop
      vertex 0.49748744 0.01997463 0.00000000
      vertex 0.57297920 0.08464264 0.00000000
      vertex 0.55711473 0.08641122 0.00000000
    endloop
  endfacet
  facet normal 0.000000e+00 0.000000e+00 1.000000e+00
    outer loop
      vertex 0.49748744 0.01997463 0.00000000
      vertex 0.58876130 0.08278319 0.00000000
      vertex 0.57297920 0.08464264 0.00000000
    endloop
  endfacet
  facet normal 0.000000e+00 0.000000e+00 1.000000e+00
    outer loop
      vertex 0.49748744 0.01997463 0.00000000
      vertex 0.60444490 0.08083797 0.00000000
      vertex 0.58876130 0.08278319 0.00000000
    endloop
  endfacet
  facet normal 0.000000e+00 0.000000e+00 1.000000e+00
    outer loop
      vertex 0.49748744 0.01997463 0.00000000
      vertex 0.62001405 0.07881227 0.00000000
      vertex 0.60444490 0.08083797 0.00000000
    endloop
  endfacet
  facet normal 0.000000e+00 0.000000e+00 1.000000e+00
    outer loop
      vertex 0.49748744 0.01997463 0.00000000
      vertex 0.63545296 0.07671150 0.00000000
      vertex 0.62001405 0.07881227 0.00000000
    endloop
  endfacet
  facet normal 0.000000e+00 0.000000e+00 1.000000e+00
    outer loop
      vertex 0.49748744 0.01997463 0.00000000
      vertex 0.65074604 0.07454124 0.00000000
      vertex 0.63545296 0.07671150 0.00000000
    endloop
  endfacet
  facet normal 0.000000e+00 0.000000e+00 1.000000e+00
    outer loop
      vertex 0.49748744 0.01997463 0.00000000
      vertex 0.66587790 0.07230718 0.00000000
      vertex 0.65074604 0.07454124 0.00000000
    endloop
  endfacet
  facet normal 0.000000e+00 0.000000e+00 1.000000e+00
    outer loop
      vertex 0.49748744 0.01997463 0.00000000
      vertex 0.68083337 0.07001516 0.00000000
      vertex 0.66587790 0.07230718 0.00000000
    endloop
  endfacet
  facet normal 0.000000e+00 0.000000e+00 1.000000e+00
    outer loop
      vertex 0.49748744 0.01997463 0.00000000
      vertex 0.69559750 0.06767110 0.00000000
      vertex 0.68083337 0.07001516 0.00000000
    endloop
  endfacet
  facet normal 0.000000e+00 0.000000e+00 1.000000e+00
    outer loop
      vertex 0.49748744 0.01997463 0.00000000
      vertex 0.71015559 0.06528105 0.00000000
      vertex 0.69559750 0.06767110 0.00000000
    endloop
  endfacet
  facet normal 0.000000e+00 0.000000e+00 1.000000e+00
    outer loop
      vertex 0.49748744 0.01997463 0.00000000
      vertex 0.72449321 0.06285116 0.00000000
      vertex 0.71015559 0.06528105 0.00000000
    endloop
  endfacet
  facet normal 0.000000e+00 0.000000e+00 1.000000e+00
    outer loop
      vertex 0.49748744 0.01997463 0.00000000
      vertex 0.73859618 0.06038763 0.00000000
      vertex 0.72449321 0.06285116 0.00000000
    endloop
  endfacet
  facet normal 0.000000e+00 0.000000e+00 1.000000e+00
    outer loop
      vertex 0.49748744 0.01997463 0.00000000
      vertex 0.75245061 0.05789679 0.00000000
      vertex 0.73859618 0.06038763 0.00000000
    endloop
  endfacet
  facet normal 0.000000e+00 0.000000e+00 1.000000e+00
    outer loop
      vertex 0.49748744 0.01997463 0.00000000
      vertex 0.76604292 0.05538502 0.00000000
      vertex 0.75245061 0.05789679 0.00000000
    endloop
  endfacet
  facet normal 0.000000e+00 0.000000e+00 1.000000e+00
    outer loop
      vertex 0.49748744 0.01997463 0.00000000
      vertex 0.77935980 0.05285875 0.00000000
      vertex 0.76604292 0.05538502 0.00000000
    endloop
  endfacet
  facet normal 0.000000e+00 0.000000e+00 1.000000e+00
    outer loop
      vertex 0.49748744 0.01997463 0.00000000
      vertex 0.79238830 0.05032450 0.00000000
      vertex 0.77935980 0.05285875 0.00000000
    endloop
  endfacet
  facet normal 0.000000e+00 0.000000e+00 1.000000e+00
    outer loop
      vertex 0.49748744 0.01997463 0.00000000
      vertex 0.80511576 0.04778879 0.00000000
      vertex 0.79238830 0.05032450 0.00000000
    endloop
  endfacet
  facet normal 0.000000e+00 0.000000e+00 1.000000e+00
    outer loop
      vertex 0.49748744 0.01997463 0.00000000
      vertex 0.81752988 0.04525822 0.00000000
      vertex 0.80511576 0.04778879 0.00000000
    endloop
  endfacet
  facet normal 0.000000e+00 0.000000e+00 1.000000e+00
    outer loop
      vertex 0.49748744 0.01997463 0.00000000
      vertex 0.82961872 0.04273938 0.00000000
      vertex 0.81752988 0.04525822 0.00000000
    endloop
  endfacet
  facet normal 0.000000e+00 0.000000e+00 1.000000e+00
    outer loop
      vertex 0.49748744 0.01997463 0.00000000
      vertex 0.84137066 0.04023890 0.00000000
      vertex 0.82961872 0.04273938 0.00000000
    endloop
  endfacet
  facet normal 0.000000e+00 0.000000e+00 1.000000e+00
    outer loop
      vertex 0.49748744 0.01997463 0.00000000
      vertex 0.85277449 0.03776338 0.00000000
      vertex 0.84137066 0.04023890 0.00000000
    endloop
  endfacet
  facet normal 0.000000e+00 0.000000e+00 1.000000e+00
    outer loop
      vertex 0.49748744 0.01997463 0.00000000
      vertex 0.86381936 0.03531942 0.00000000
      vertex 0.85277449 0.03776338 0.00000000
    endloop
  endfacet
  facet normal 0.000000e+00 0.000000e+00 1.000000e+00
    outer loop
      vertex 0.49748744 0.01997463 0.00000000
      vertex 0.87449479 0.03291359 0.00000000
      vertex 0.86381936 0.03531942 0.00000000
    endloop
  endfacet
  facet normal 0.000000e+00 0.000000e+00 1.000000e+00
    outer loop
      vertex 0.49748744 0.01997463 0.00000000
      vertex 0.88479071 0.03055241 0.00000000
      vertex 0.87449479 0.03291359 0.00000000
    endloop
  endfacet
  facet normal 0.000000e+00 0.000000e+00 1.000000e+00
    outer loop
      vertex 0.49748744 0.01997463 0.00000000
      vertex 0.89469744 0.02824235 0.00000000
      vertex 0.88479071 0.03055241 0.00000000
    endloop
  endfacet
  facet normal 0.000000e+00 0.000000e+00 1.000000e+00
    outer loop
      vertex 0.49748744 0.01997463 0.00000000
      vertex 0.90420571 0.02598977 0.00000000
      vertex 0.89469744 0.02824235 0.00000000
    endloop
  endfacet
  facet normal 0.000000e+00 0.000000e+00 1.000000e+00
    outer loop
      vertex 0.49748744 0.01997463 0.00000000
      vertex 0.91330666 0.02380096 0.00000000
      vertex 0.90420571 0.02598977 0.00000000
    endloop
  endfacet
  facet normal 0.000000e+00 0.000000e+00 1.000000e+00
    outer loop
      vertex 0.49748744 0.01997463 0.00000000
      vertex 0.92199185 0.02168208 0.00000000
      vertex 0.91330666 0.02380096 0.00000000
    endloop
  endfacet
  facet normal -0.000000e+00 0.000000e+00 1.000000e+00
    outer loop
      vertex 0.49748744 0.01997463 0.00000000
      vertex 0.93025325 0.01963913 0.00000000
      vertex 0.92199185 0.02168208 0.00000000
    endloop
  endfacet
  facet normal 0.000000e+00 0.000000e+00 1.000000e+00
    outer loop
      vertex 0.49748744 0.01997463 0.00000000
      vertex 0.93808325 0.01767798 0.00000000
      vertex 0.93025325 0.01963913 0.00000000
    endloop
  endfacet
  facet normal 0.000000e+00 0.000000e+00 1.000000e+00
    outer loop
      vertex 0.49748744 0.01997463 0.00000000
      vertex 0.94547469 0.01580430 0.00000000
      vertex 0.93808325 0.01767798 0.00000000
    endloop
  endfacet
  facet normal 0.000000e+00 0.000000e+00 1.000000e+00
    outer loop
      vertex 0.49748744 0.01997463 0.00000000
      vertex 0.95242082 0.01402355 0.00000000
      vertex 0.94547469 0.01580430 0.00000000
    endloop
  endfacet
  facet normal 0.000000e+00 0.000000e+00 1.000000e+00
    outer loop
      vertex 0.49748744 0.01997463 0.00000000
      vertex 0.95891533 0.01234098 0.00000000
      vertex 0.95242082 0.01402355 0.00000000
    endloop
  endfacet
  facet normal 0.000000e+00 0.000000e+00 1.000000e+00
    outer loop
      vertex 0.49748744 0.01997463 0.00000000
      vertex 0.96495234 0.01076158 0.00000000
      vertex 0.95891533 0.01234098 0.00000000
    endloop
  endfacet
  facet normal 0.000000e+00 0.000000e+00 1.000000e+00
    outer loop
      vertex 0.49748744 0.01997463 0.00000000
      vertex 0.97052640 0.00929008 0.00000000
      vertex 0.96495234 0.01076158 0.00000000
    endloop
  endfacet
  facet normal 0.000000e+00 0.000000e+00 1.000000e+00
    outer loop
      vertex 0.49748744 0.01997463 0.00000000
      vertex 0.97563252 0.00793091 0.00000000
      vertex 0.97052640 0.00929008 0.00000000
    endloop
  endfacet
  facet normal 0.000000e+00 0.000000e+00 1.000000e+00
    outer loop
      vertex 0.49748744 0.01997463 0.00000000
      vertex 0.98026611 0.00668819 0.00000000
      vertex 0.97563252 0.00793091 0.00000000
    endloop
  endfacet
  facet normal 0.000000e+00 0.000000e+00 1.000000e+00
    outer loop
      vertex 0.49748744 0.01997463 0.00000000
      vertex 0.98442304 0.00556572 0.00000000
      vertex 0.98026611 0.00668819 0.00000000
    endloop
  endfacet
  facet normal 0.000000e+00 0.000000e+00 1.000000e+00
    outer loop
      vertex 0.49748744 0.01997463 0.00000000
      vertex 0.98809961 0.00456695 0.00000000
      vertex 0.98442304 0.00556572 0.00000000
    endloop
  endfacet
  facet normal 0.000000e+00 0.000000e+00 1.000000e+00
    outer loop
      vertex 0.49748744 0.01997463 0.00000000
      vertex 0.99129257 0.00369497 0.00000000
      vertex 0.98809961 0.00456695 0.00000000
    endloop
  endfacet
  facet normal 0.000000e+00 0.000000e+00 1.000000e+00
    outer loop
      vertex 0.49748744 0.01997463 0.00000000
      vertex 0.99399908 0.00295247 0.00000000
      vertex 0.99129257 0.00369497 0.00000000
    endloop
  endfacet
  facet normal 0.000000e+00 0.000000e+00 1.000000e+00
    outer loop
      vertex 0.49748744 0.01997463 0.00000000
      vertex 0.99621675 0.00234178 0.00000000
      vertex 0.99399908 0.00295247 0.00000000
    endloop
  endfacet
  facet normal 0.000000e+00 0.000000e+00 1.000000e+00
    outer loop
      vertex 0.49748744 0.01997463 0.00000000
      vertex 0.99794364 0.00186479 0.00000000
      vertex 0.99621675 0.00234178 0.00000000
    endloop
  endfacet
  facet normal 0.000000e+00 0.000000e+00 1.000000e+00
    outer loop
      vertex 0.49748744 0.01997463 0.00000000
      vertex 0.99917822 0.00152302 0.00000000
      vertex 0.99794364 0.00186479 0.00000000
    endloop
  endfacet
  facet normal 0.000000e+00 0.000000e+00 1.000000e+00
    outer loop
      vertex 0.49748744 0.01997463 0.00000000
      vertex 0.99991939 0.00131752 0.00000000
      vertex 0.99917822 0.00152302 0.00000000
    endloop
  endfacet
  facet normal 0.000000e+00 0.000000e+00 1.000000e+00
    outer loop
      vertex 0.49748744 0.01997463 0.00000000
      vertex 1.00000000 0.00000000 0.00000000
      vertex 0.99991939 0.00131752 0.00000000
    endloop
  endfacet
  facet normal 0.000000e+00 0.000000e+00 1.000000e+00
    outer loop
      vertex 0.49748744 0.01997463 0.00000000
      vertex 0.99957715 -0.00125040 0.00000000
      vertex 1.00000000 0.00000000 0.00000000
    endloop
  endfacet
  facet normal 0.000000e+00 0.000000e+00 1.000000e+00
    outer loop
      vertex 0.49748744 0.01997463 0.00000000
      vertex 0.99880846 -0.00125480 0.00000000
      vertex 0.99957715 -0.00125040 0.00000000
    endloop
  endfacet
  facet normal 0.000000e+00 0.000000e+00 1.000000e+00
    outer loop
      vertex 0.49748744 0.01997463 0.00000000
      vertex 0.99752828 -0.00126219 0.00000000
      vertex 0.99880846 -0.00125480 0.00000000
    endloop
  endfacet
  facet normal 0.000000e+00 0.000000e+00 1.000000e+00
    outer loop
      vertex 0.49748744 0.01997463 0.00000000
      vertex 0.99573806 -0.00127268 0.00000000
      vertex 0.99752828 -0.00126219 0.00000000
    endloop
  endfacet
  facet normal 0.000000e+00 0.000000e+00 1.000000e+00
    outer loop
      vertex 0.49748744 0.01997463 0.00000000
      vertex 0.99343981 -0.00128642 0.00000000
      vertex 0.99573806 -0.00127268 0.00000000
    endloop
  endfacet
  facet normal 0.000000e+00 0.000000e+00 1.000000e+00
    outer loop
      vertex 0.49748744 0.01997463 0.00000000
      vertex 0.99063613 -0.00130360 0.00000000
      vertex 0.99343981 -0.00128642 0.00000000
    endloop
  endfacet
  facet normal 0.000000e+00 0.000000e+00 1.000000e+00
    outer loop
      vertex 0.49748744 0.01997463 0.00000000
      vertex 0.98733017 -0.00132446 0.00000000
      vertex 0.99063613 -0.00130360 0.00000000
    endloop
  endfacet
  facet normal 0.000000e+00 0.000000e+00 1.000000e+00
    outer loop
      vertex 0.49748744 0.01997463 0.00000000
      vertex 0.98352566 -0.00134928 0.00000000
      vertex 0.98733017 -0.00132446 0.00000000
    endloop
  endfacet
  facet normal 0.000000e+00 0.000000e+00 1.000000e+00
    outer loop
      vertex 0.49748744 0.01997463 0.00000000
      vertex 0.97922687 -0.00137841 0.00000000
      vertex 0.98352566 -0.00134928 0.00000000
    endloop
  endfacet
  facet normal 0.000000e+00 0.000000e+00 1.000000e+00
    outer loop
      vertex 0.49748744 0.01997463 0.00000000
      vertex 0.97443860 -0.00141221 0.00000000
      vertex 0.97922687 -0.00137841 0.00000000
    endloop
  endfacet
  facet normal 0.000000e+00 0.000000e+00 1.000000e+00
    outer loop
      vertex 0.49748744 0.01997463 0.00000000
      vertex 0.96916622 -0.00145115 0.00000000
      vertex 0.97443860 -0.00141221 0.00000000
    endloop
  endfacet
  facet normal 0.000000e+00 0.000000e+00 1.000000e+00
    outer loop
      vertex 0.49748744 0.01997463 0.00000000
      vertex 0.96341559 -0.00149570 0.00000000
      vertex 0.96916622 -0.00145115 0.00000000
    endloop
  endfacet
  facet normal 0.000000e+00 0.000000e+00 1.000000e+00
    outer loop
      vertex 0.49748744 0.01997463 0.00000000
      vertex 0.95719313 -0.00154643 0.00000000
      vertex 0.96341559 -0.00149570 0.00000000
    endloop
  endfacet
  facet normal 0.000000e+00 0.000000e+00 1.000000e+00
    outer loop
      vertex 0.49748744 0.01997463 0.00000000
      vertex 0.95050572 -0.00160394 0.00000000
      vertex 0.95719313 -0.00154643 0.00000000
    endloop
  endfacet
  facet normal 0.000000e+00 0.000000e+00 1.000000e+00
    outer loop
      vertex 0.49748744 0.01997463 0.00000000
      vertex 0.94336076 -0.00166889 0.00000000
      vertex 0.95050572 -0.00160394 0.00000000
    endloop
  endfacet
  facet normal 0.000000e+00 0.000000e+00 1.000000e+00
    outer loop
      vertex 0.49748744 0.01997463 0.00000000
      vertex 0.93576613 -0.00174201 0.00000000
      vertex 0.94336076 -0.00166889 0.00000000
    endloop
  endfacet
  facet normal 0.000000e+00 0.000000e+00 1.000000e+00
    outer loop
      vertex 0.49748744 0.01997463 0.00000000
      vertex 0.92773017 -0.00182407 0.00000000
      vertex 0.93576613 -0.00174201 0.00000000
    endloop
  endfacet
  facet normal 0.000000e+00 0.000000e+00 1.000000e+00
    outer loop
      vertex 0.49748744 0.01997463 0.00000000
      vertex 0.91926168 -0.00191591 0.00000000
      vertex 0.92773017 -0.00182407 0.00000000
    endloop
  endfacet
  facet normal 0.000000e+00 0.000000e+00 1.000000e+00
    outer loop
      vertex 0.49748744 0.01997463 0.00000000
      vertex 0.91036992 -0.00201839 0.00000000
      vertex 0.91926168 -0.00191591 0.00000000
    endloop
  endfacet
  facet normal 0.000000e+00 0.000000e+00 1.000000e+00
    outer loop
      vertex 0.49748744 0.01997463 0.00000000
      vertex 0.90106455 -0.00213246 0.00000000
      vertex 0.91036992 -0.00201839 0.00000000
    endloop
  endfacet
  facet normal 0.000000e+00 0.000000e+00 1.000000e+00
    outer loop
      vertex 0.49748744 0.01997463 0.00000000
      vertex 0.89135566 -0.00225905 0.00000000
      vertex 0.90106455 -0.00213246 0.00000000
    endloop
  endfacet
  facet normal 0.000000e+00 0.000000e+00 1.000000e+00
    outer loop
      vertex 0.49748744 0.01997463 0.00000000
      vertex 0.88125374 -0.00239918 0.00000000
      vertex 0.89135566 -0.00225905 0.00000000
    endloop
  endfacet
  facet normal 0.000000e+00 0.000000e+00 1.000000e+00
    outer loop
      vertex 0.49748744 0.01997463 0.00000000
      vertex 0.87076966 -0.00255386 0.00000000
      vertex 0.88125374 -0.00239918 0.00000000
    endloop
  endfacet
  facet normal 0.000000e+00 0.000000e+00 1.000000e+00
    outer loop
      vertex 0.49748744 0.01997463 0.00000000
      vertex 0.85991468 -0.00272412 0.00000000
      vertex 0.87076966 -0.00255386 0.00000000
    endloop
  endfacet
  facet normal 0.000000e+00 0.000000e+00 1.000000e+00
    outer loop
      vertex 0.49748744 0.01997463 0.00000000
      vertex 0.84870039 -0.00291099 0.00000000
      vertex 0.85991468 -0.00272412 0.00000000
    endloop
  endfacet
  facet normal 0.000000e+00 0.000000e+00 1.000000e+00
    outer loop
      vertex 0.49748744 0.01997463 0.00000000
      vertex 0.83713875 -0.00311550 0.00000000
      vertex 0.84870039 -0.00291099 0.00000000
    endloop
  endfacet
  facet normal 0.000000e+00 0.000000e+00 1.000000e+00
    outer loop
      vertex 0.49748744 0.01997463 0.00000000
      vertex 0.82524202 -0.00333866 0.00000000
      vertex 0.83713875 -0.00311550 0.00000000
    endloop
  endfacet
  facet normal 0.000000e+00 0.000000e+00 1.000000e+00
    outer loop
      vertex 0.49748744 0.01997463 0.00000000
      vertex 0.81302278 -0.00358143 0.00000000
      vertex 0.82524202 -0.00333866 0.00000000
    endloop
  endfacet
  facet normal 0.000000e+00 0.000000e+00 1.000000e+00
    outer loop
      vertex 0.49748744 0.01997463 0.00000000
      vertex 0.80049393 -0.00384474 0.00000000
      vertex 0.81302278 -0.00358143 0.00000000
    endloop
  endfacet
  facet normal 0.000000e+00 0.000000e+00 1.000000e+00
    outer loop
      vertex 0.49748744 0.01997463 0.00000000
      vertex 0.78766861 -0.00412943 0.00000000
      vertex 0.80049393 -0.00384474 0.00000000
    endloop
  endfacet
  facet normal 0.000000e+00 0.000000e+00 1.000000e+00
    outer loop
      vertex 0.49748744 0.01997463 0.00000000
      vertex 0.77456026 -0.00443628 0.00000000
      vertex 0.78766861 -0.00412943 0.00000000
    endloop
  endfacet
  facet normal 0.000000e+00 0.000000e+00 1.000000e+00
    outer loop
      vertex 0.49748744 0.01997463 0.00000000
      vertex 0.76118255 -0.00476596 0.00000000
      vertex 0.77456026 -0.00443628 0.00000000
    endloop
  endfacet
  facet normal 0.000000e+00 0.000000e+00 1.000000e+00
    outer loop
      vertex 0.49748744 0.01997463 0.00000000
      vertex 0.74754939 -0.00511902 0.00000000
      vertex 0.76118255 -0.00476596 0.00000000
    endloop
  endfacet
  facet normal 0.000000e+00 0.000000e+00 1.000000e+00
    outer loop
      vertex 0.49748744 0.01997463 0.00000000
      vertex 0.73367489 -0.00549588 0.00000000
      vertex 0.74754939 -0.00511902 0.00000000
    endloop
  endfacet
  facet normal 0.000000e+00 0.000000e+00 1.000000e+00
    outer loop
      vertex 0.49748744 0.01997463 0.00000000
      vertex 0.71957340 -0.00589681 0.00000000
      vertex 0.73367489 -0.00549588 0.00000000
    endloop
  endfacet
  facet normal 0.000000e+00 0.000000e+00 1.000000e+00
    outer loop
      vertex 0.49748744 0.01997463 0.00000000
      vertex 0.70525942 -0.00632192 0.00000000
      vertex 0.71957340 -0.00589681 0.00000000
    endloop
  endfacet
  facet normal 0.000000e+00 0.000000e+00 1.000000e+00
    outer loop
      vertex 0.49748744 0.01997463 0.00000000
      vertex 0.69074763 -0.00677114 0.00000000
      vertex 0.70525942 -0.00632192 0.00000000
    endloop
  endfacet
  facet normal 0.000000e+00 0.000000e+00 1.000000e+00
    outer loop
      vertex 0.49748744 0.01997463 0.00000000
      vertex 0.67605285 -0.00724417 0.00000000
      vertex 0.69074763 -0.00677114 0.00000000
    endloop
  endfacet
  facet normal 0.000000e+00 0.000000e+00 1.000000e+00
    outer loop
      vertex 0.49748744 0.01997463 0.00000000
      vertex 0.66119006 -0.00774055 0.00000000
      vertex 0.67605285 -0.00724417 0.00000000
    endloop
  endfacet
  facet normal 0.000000e+00 0.000000e+00 1.000000e+00
    outer loop
      vertex 0.49748744 0.01997463 0.00000000
      vertex 0.64617433 -0.00825956 0.00000000
      vertex 0.66119006 -0.00774055 0.00000000
    endloop
  endfacet
  facet normal 0.000000e+00 0.000000e+00 1.000000e+00
    outer loop
      vertex 0.49748744 0.01997463 0.00000000
      vertex 0.63102085 -0.00880027 0.00000000
      vertex 0.64617433 -0.00825956 0.00000000
    endloop
  endfacet
  facet normal 0.000000e+00 0.000000e+00 1.000000e+00
    outer loop
      vertex 0.49748744 0.01997463 0.00000000
      vertex 0.61574488 -0.00936148 0.00000000
      vertex 0.63102085 -0.00880027 0.00000000
    endloop
  endfacet
  facet normal 0.000000e+00 0.000000e+00 1.000000e+00
    outer loop
      vertex 0.49748744 0.01997463 0.00000000
      vertex 0.60036176 -0.00994178 0.00000000
      vertex 0.61574488 -0.00936148 0.00000000
    endloop
  endfacet
  facet normal 0.000000e+00 0.000000e+00 1.000000e+00
    outer loop
      vertex 0.49748744 0.01997463 0.00000000
      vertex 0.58488688 -0.01053947 0.00000000
      vertex 0.60036176 -0.00994178 0.00000000
    endloop
  endfacet
  facet normal 0.000000e+00 0.000000e+00 1.000000e+00
    outer loop
      vertex 0.49748744 0.01997463 0.00000000
      vertex 0.56933563 -0.01115261 0.00000000
      vertex 0.58488688 -0.01053947 0.00000000
    endloop
  endfacet
  facet normal 0.000000e+00 0.000000e+00 1.000000e+00
    outer loop
      vertex 0.49748744 0.01997463 0.00000000
      vertex 0.55372347 -0.01177902 0.00000000
      vertex 0.56933563 -0.01115261 0.00000000
    endloop
  endfacet
  facet normal 0.000000e+00 0.000000e+00 1.000000e+00
    outer loop
      vertex 0.49748744 0.01997463 0.00000000
      vertex 0.53806583 -0.01241624 0.00000000
      vertex 0.55372347 -0.01177902 0.00000000
    endloop
  endfacet
  facet normal 0.000000e+00 0.000000e+00 1.000000e+00
    outer loop
      vertex 0.49748744 0.01997463 0.00000000
      vertex 0.52237812 -0.01306157 0.00000000
      vertex 0.53806583 -0.01241624 0.00000000
    endloop
  endfacet
  facet normal 0.000000e+00 0.000000e+00 1.000000e+00
    outer loop
      vertex 0.49748744 0.01997463 0.00000000
      vertex 0.50667574 -0.01371208 0.00000000
      vertex 0.52237812 -0.01306157 0.00000000
    endloop
  endfacet
  facet normal 0.000000e+00 0.000000e+00 1.000000e+00
    outer loop
      vertex 0.49748744 0.01997463 0.00000000
      vertex 0.49097402 -0.01436460 0.00000000
      vertex 0.50667574 -0.01371208 0.00000000
    endloop
  endfacet
  facet normal 0.000000e+00 0.000000e+00 1.000000e+00
    outer loop
      vertex 0.49748744 0.01997463 0.00000000
      vertex 0.47528826 -0.01501576 0.00000000
      vertex 0.49097402 -0.01436460 0.00000000
    endloop
  endfacet
  facet normal 0.000000e+00 0.000000e+00 1.000000e+00
    outer loop
      vertex 0.49748744 0.01997463 0.00000000
      vertex 0.45963366 -0.01566195 0.00000000
      vertex 0.47528826 -0.01501576 0.00000000
    endloop
  endfacet
  facet normal 0.000000e+00 0.000000e+00 1.000000e+00
    outer loop
      vertex 0.49748744 0.01997463 0.00000000
      vertex 0.44402534 -0.01629942 0.00000000
      vertex 0.45963366 -0.01566195 0.00000000
    endloop
  endfacet
  facet normal 0.000000e+00 0.000000e+00 1.000000e+00
    outer loop
      vertex 0.49748744 0.01997463 0.00000000
      vertex 0.42847832 -0.01692422 0.00000000
      vertex 0.44402534 -0.01629942 0.00000000
    endloop
  endfacet
  facet normal 0.000000e+00 0.000000e+00 1.000000e+00
    outer loop
      vertex 0.49748744 0.01997463 0.00000000
      vertex 0.41300751 -0.01753227 0.00000000
      vertex 0.42847832 -0.01692422 0.00000000
    endloop
  endfacet
  facet normal 0.000000e+00 0.000000e+00 1.000000e+00
    outer loop
      vertex 0.49748744 0.01997463 0.00000000
      vertex 0.39766651 -0.01812014 0.00000000
      vertex 0.41300751 -0.01753227 0.00000000
    endloop
  endfacet
  facet normal 0.000000e+00 0.000000e+00 1.000000e+00
    outer loop
      vertex 0.49748744 0.01997463 0.00000000
      vertex 0.38264479 -0.01872376 0.00000000
      vertex 0.39766651 -0.01812014 0.00000000
    endloop
  endfacet
  facet normal 0.000000e+00 0.000000e+00 1.000000e+00
    outer loop
      vertex 0.49748744 0.01997463 0.00000000
      vertex 0.36774498 -0.01936037 0.00000000
      vertex 0.38264479 -0.01872376 0.00000000
    endloop
  endfacet
  facet normal 0.000000e+00 0.000000e+00 1.000000e+00
    outer loop
      vertex 0.49748744 0.01997463 0.00000000
      vertex 0.35297997 -0.02002388 0.00000000
      vertex 0.36774498 -0.01936037 0.00000000
    endloop
  endfacet
  facet normal 0.000000e+00 0.000000e+00 1.000000e+00
    outer loop
      vertex 0.49748744 0.01997463 0.00000000
      vertex 0.33836247 -0.02070795 0.00000000
      vertex 0.35297997 -0.02002388 0.00000000
    endloop
  endfacet
  facet normal 0.000000e+00 0.000000e+00 1.000000e+00
    outer loop
      vertex 0.49748744 0.01997463 0.00000000
      vertex 0.32390500 -0.02140607 0.00000000
      vertex 0.33836247 -0.02070795 0.00000000
    endloop
  endfacet
  facet normal 0.000000e+00 0.000000e+00 1.000000e+00
    outer loop
      vertex 0.49748744 0.01997463 0.00000000
      vertex 0.30961988 -0.02211158 0.00000000
      vertex 0.32390500 -0.02140607 0.00000000
    endloop
  endfacet
  facet normal 0.000000e+00 0.000000e+00 1.000000e+00
    outer loop
      vertex 0.49748744 0.01997463 0.00000000
      vertex 0.29551927 -0.02281770 0.00000000
      vertex 0.30961988 -0.02211158 0.00000000
    endloop
  endfacet
  facet normal 0.000000e+00 0.000000e+00 1.000000e+00
    outer loop
      vertex 0.49748744 0.01997463 0.00000000
      vertex 0.28161516 -0.02351758 0.00000000
      vertex 0.29551927 -0.02281770 0.00000000
    endloop
  endfacet
  facet normal 0.000000e+00 0.000000e+00 1.000000e+00
    outer loop
      vertex 0.49748744 0.01997463 0.00000000
      vertex 0.26791933 -0.02420432 0.00000000
      vertex 0.28161516 -0.02351758 0.00000000
    endloop
  endfacet
  facet normal 0.000000e+00 0.000000e+00 1.000000e+00
    outer loop
      vertex 0.49748744 0.01997463 0.00000000
      vertex 0.25444345 -0.02487103 0.00000000
      vertex 0.26791933 -0.02420432 0.00000000
    endloop
  endfacet
  facet normal 0.000000e+00 0.000000e+00 1.000000e+00
    outer loop
      vertex 0.49748744 0.01997463 0.00000000
      vertex 0.24119900 -0.02551083 0.00000000
      vertex 0.25444345 -0.02487103 0.00000000
    endloop
  endfacet
  facet normal 0.000000e+00 0.000000e+00 1.000000e+00
    outer loop
      vertex 0.49748744 0.01997463 0.00000000
      vertex 0.22819731 -0.02611692 0.00000000
      vertex 0.24119900 -0.02551083 0.00000000
    endloop
  endfacet
  facet normal 0.000000e+00 0.000000e+00 1.000000e+00
    outer loop
      vertex 0.49748744 0.01997463 0.00000000
      vertex 0.21544958 -0.02668258 0.00000000
      vertex 0.22819731 -0.02611692 0.00000000
    endloop
  endfacet
  facet normal 0.000000e+00 0.000000e+00 1.000000e+00
    outer loop
      vertex 0.49748744 0.01997463 0.00000000
      vertex 0.20296686 -0.02720120 0.00000000
      vertex 0.21544958 -0.02668258 0.00000000
    endloop
  endfacet
  facet normal 0.000000e+00 0.000000e+00 1.000000e+00
    outer loop
      vertex 0.49748744 0.01997463 0.00000000
      vertex 0.19076005 -0.02766635 0.00000000
      vertex 0.20296686 -0.02720120 0.00000000
    endloop
  endfacet
  facet normal 0.000000e+00 0.000000e+00 1.000000e+00
    outer loop
      vertex 0.49748744 0.01997463 0.00000000
      vertex 0.17883995 -0.02807172 0.00000000
      vertex 0.19076005 -0.02766635 0.00000000
    endloop
  endfacet
  facet normal 0.000000e+00 0.000000e+00 1.000000e+00
    outer loop
      vertex 0.49748744 0.01997463 0.00000000
      vertex 0.16721720 -0.02841123 0.00000000
      vertex 0.17883995 -0.02807172 0.00000000
    endloop
  endfacet
  facet normal 0.000000e+00 0.000000e+00 1.000000e+00
    outer loop
      vertex 0.49748744 0.01997463 0.00000000
      vertex 0.15590229 -0.02867899 0.00000000
      vertex 0.16721720 -0.02841123 0.00000000
    endloop
  endfacet
  facet normal 0.000000e+00 0.000000e+00 1.000000e+00
    outer loop
      vertex 0.49748744 0.01997463 0.00000000
      vertex 0.14490562 -0.02886934 0.00000000
      vertex 0.15590229 -0.02867899 0.00000000
    endloop
  endfacet
  facet normal 0.000000e+00 0.000000e+00 1.000000e+00
    outer loop
      vertex 0.49748744 0.01997463 0.00000000
      vertex 0.13423739 -0.02897685 0.00000000
      vertex 0.14490562 -0.02886934 0.00000000
    endloop
  endfacet
  facet normal 0.000000e+00 0.000000e+00 1.000000e+00
    outer loop
      vertex 0.49748744 0.01997463 0.00000000
      vertex 0.12390771 -0.02899635 0.00000000
      vertex 0.13423739 -0.02897685 0.00000000
    endloop
  endfacet
  facet normal 0.000000e+00 0.000000e+00 1.000000e+00
    outer loop
      vertex 0.49748744 0.01997463 0.00000000
      vertex 0.11392650 -0.02892294 0.00000000
      vertex 0.12390771 -0.02899635 0.00000000
    endloop
  endfacet
  facet normal 0.000000e+00 0.000000e+00 1.000000e+00
    outer loop
      vertex 0.49748744 0.01997463 0.00000000
      vertex 0.10430353 -0.02875195 0.00000000
      vertex 0.11392650 -0.02892294 0.00000000
    endloop
  endfacet
  facet normal 0.000000e+00 0.000000e+00 1.000000e+00
    outer loop
      vertex 0.49748744 0.01997463 0.00000000
      vertex 0.09504838 -0.02847902 0.00000000
      vertex 0.10430353 -0.02875195 0.00000000
    endloop
  endfacet
  facet normal 0.000000e+00 0.000000e+00 1.000000e+00
    outer loop
      vertex 0.49748744 0.01997463 0.00000000
      vertex 0.08617046 -0.02810003 0.00000000
      vertex 0.09504838 -0.02847902 0.00000000
    endloop
  endfacet
  facet normal 0.000000e+00 0.000000e+00 1.000000e+00
    outer loop
      vertex 0.49748744 0.01997463 0.00000000
      vertex 0.07767897 -0.02761114 0.00000000
      vertex 0.08617046 -0.02810003 0.00000000
    endloop
  endfacet
  facet normal 0.000000e+00 0.000000e+00 1.000000e+00
    outer loop
      vertex 0.49748744 0.01997463 0.00000000
      vertex 0.06958288 -0.02700880 0.00000000
      vertex 0.07767897 -0.02761114 0.00000000
    endloop
  endfacet
  facet normal 0.000000e+00 0.000000e+00 1.000000e+00
    outer loop
      vertex 0.49748744 0.01997463 0.00000000
      vertex 0.06189094 -0.02628971 0.00000000
      vertex 0.06958288 -0.02700880 0.00000000
    endloop
  endfacet
  facet normal 0.000000e+00 0.000000e+00 1.000000e+00
    outer loop
      vertex 0.49748744 0.01997463 0.00000000
      vertex 0.05461163 -0.02545082 0.00000000
      vertex 0.06189094 -0.02628971 0.00000000
    endloop
  endfacet
  facet normal 0.000000e+00 0.000000e+00 1.000000e+00
    outer loop
      vertex 0.49748744 0.01997463 0.00000000
      vertex 0.04775317 -0.02448935 0.00000000
      vertex 0.05461163 -0.02545082 0.00000000
    endloop
  endfacet
  facet normal 0.000000e+00 0.000000e+00 1.000000e+00
    outer loop
      vertex 0.49748744 0.01997463 0.00000000
      vertex 0.04132346 -0.02340279 0.00000000
      vertex 0.04775317 -0.02448935 0.00000000
    endloop
  endfacet
  facet normal 0.000000e+00 0.000000e+00 1.000000e+00
    outer loop
      vertex 0.49748744 0.01997463 0.00000000
      vertex 0.03533011 -0.02218886 0.00000000
      vertex 0.04132346 -0.02340279 0.00000000
    endloop
  endfacet
  facet normal 0.000000e+00 0.000000e+00 1.000000e+00
    outer loop
      vertex 0.49748744 0.01997463 0.00000000
      vertex 0.02978038 -0.02084549 0.00000000
      vertex 0.03533011 -0.02218886 0.00000000
    endloop
  endfacet
  facet normal 0.000000e+00 0.000000e+00 1.000000e+00
    outer loop
      vertex 0.49748744 0.01997463 0.00000000
      vertex 0.02468118 -0.01937089 0.00000000
      vertex 0.02978038 -0.02084549 0.00000000
    endloop
  endfacet
  facet normal 0.000000e+00 0.000000e+00 1.000000e+00
    outer loop
      vertex 0.49748744 0.01997463 0.00000000
      vertex 0.02003902 -0.01776346 0.00000000
      vertex 0.02468118 -0.01937089 0.00000000
    endloop
  endfacet
  facet normal 0.000000e+00 0.000000e+00 1.000000e+00
    outer loop
      vertex 0.49748744 0.01997463 0.00000000
      vertex 0.01586005 -0.01602183 0.00000000
      vertex 0.02003902 -0.01776346 0.00000000
    endloop
  endfacet
  facet normal 0.000000e+00 0.000000e+00 1.000000e+00
    outer loop
      vertex 0.49748744 0.01997463 0.00000000
      vertex 0.01214998 -0.01414483 0.00000000
      vertex 0.01586005 -0.01602183 0.00000000
    endloop
  endfacet
  facet normal 0.000000e+00 0.000000e+00 1.000000e+00
    outer loop
      vertex 0.49748744 0.01997463 0.00000000
      vertex 0.00891409 -0.01213149 0.00000000
      vertex 0.01214998 -0.01414483 0.00000000
    endloop
  endfacet
  facet normal 0.000000e+00 0.000000e+00 1.000000e+00
    outer loop
      vertex 0.49748744 0.01997463 0.00000000
      vertex 0.00615722 -0.00998107 0.00000000
      vertex 0.00891409 -0.01213149 0.00000000
    endloop
  endfacet
  facet normal 0.000000e+00 0.000000e+00 1.000000e+00
    outer loop
      vertex 0.49748744 0.01997463 0.00000000
      vertex 0.00388372 -0.00769299 0.00000000
      vertex 0.00615722 -0.00998107 0.00000000
    endloop
  endfacet
  facet normal 0.000000e+00 0.000000e+00 1.000000e+00
    outer loop
      vertex 0.49748744 0.01997463 0.00000000
      vertex 0.00209750 -0.00526687 0.00000000
      vertex 0.00388372 -0.00769299 0.00000000
    endloop
  endfacet
  facet normal 0.000000e+00 0.000000e+00 1.000000e+00
    outer loop
      vertex 0.49748744 0.01997463 0.00000000
      vertex 0.00080196 -0.00270254 0.00000000
      vertex 0.00209750 -0.00526687 0.00000000
    endloop
  endfacet
  facet normal 0.000000e+00 0.000000e+00 1.000000e+00
    outer loop
      vertex 0.49748744 0.01997463 0.00000000
      vertex 0.00000000 0.00000000 0.00000000
      vertex 0.00080196 -0.00270254 0.00000000
    endloop
  endfacet
  facet normal 0.000000e+00 0.000000e+00 0.000000e+00
    outer loop
      vertex 0.49748744 0.01997463 0.00000000
      vertex 0.00000000 0.00000000 0.00000000
      vertex 0.00000000 0.00000000 0.00000000
    endloop
  endfacet
  facet normal 0.000000e+00 0.000000e+00 -1.000000e+00
    outer loop
      vertex 0.49748744 0.01997463 0.10000000
      vertex 0.00000000 0.00000000 0.10000000
      vertex -0.00029850 0.00280320 0.10000000
    endloop
  endfacet
  facet normal 0.000000e+00 0.000000e+00 -1.000000e+00
    outer loop
      vertex 0.49748744 0.01997463 0.10000000
      vertex -0.00029850 0.00280320 0.10000000
      vertex -0.00008418 0.00566903 0.10000000
    endloop
  endfacet
  facet normal 0.000000e+00 0.000000e+00 -1.000000e+00
    outer loop
      vertex 0.49748744 0.01997463 0.10000000
      vertex -0.00008418 0.00566903 0.10000000
      vertex 0.00064436 0.00859604 0.10000000
    endloop
  endfacet
  facet normal 0.000000e+00 0.000000e+00 -1.000000e+00
    outer loop
      vertex 0.49748744 0.01997463 0.10000000
      vertex 0.00064436 0.00859604 0.10000000
      vertex 0.00188797 0.01158202 0.10000000
    endloop
  endfacet
  facet normal 0.000000e+00 0.000000e+00 -1.000000e+00
    outer loop
      vertex 0.49748744 0.01997463 0.10000000
      vertex 0.00188797 0.01158202 0.10000000
      vertex 0.00364702 0.01462399 0.10000000
    endloop
  endfacet
  facet normal 0.000000e+00 0.000000e+00 -1.000000e+00
    outer loop
      vertex 0.49748744 0.01997463 0.10000000
      vertex 0.00364702 0.01462399 0.10000000
      vertex 0.00592132 0.01771827 0.10000000
    endloop
  endfacet
  facet normal -0.000000e+00 0.000000e+00 -1.000000e+00
    outer loop
      vertex 0.49748744 0.01997463 0.10000000
      vertex 0.00592132 0.01771827 0.10000000
      vertex 0.00871016 0.02086041 0.10000000
    endloop
  endfacet
  facet normal 0.000000e+00 0.000000e+00 -1.000000e+00
    outer loop
      vertex 0.49748744 0.01997463 0.10000000
      vertex 0.00871016 0.02086041 0.10000000
      vertex 0.01201227 0.02404531 0.10000000
    endloop
  endfacet
  facet normal 0.000000e+00 0.000000e+00 -1.000000e+00
    outer loop
      vertex 0.49748744 0.01997463 0.10000000
      vertex 0.01201227 0.02404531 0.10000000
      vertex 0.01582585 0.02726720 0.10000000
    endloop
  endfacet
  facet normal 0.000000e+00 0.000000e+00 -1.000000e+00
    outer loop
      vertex 0.49748744 0.01997463 0.10000000
      vertex 0.01582585 0.02726720 0.10000000
      vertex 0.02014850 0.03051966 0.10000000
    endloop
  endfacet
  facet normal 0.000000e+00 0.000000e+00 -1.000000e+00
    outer loop
      vertex 0.49748744 0.01997463 0.10000000
      vertex 0.02014850 0.03051966 0.10000000
      vertex 0.02497727 0.03379571 0.10000000
    endloop
  endfacet
  facet normal 0.000000e+00 0.000000e+00 -1.000000e+00
    outer loop
      vertex 0.49748744 0.01997463 0.10000000
      vertex 0.02497727 0.03379571 0.10000000
      vertex 0.03030861 0.03708781 0.10000000
    endloop
  endfacet
  facet normal 0.000000e+00 0.000000e+00 -1.000000e+00
    outer loop
      vertex 0.49748744 0.01997463 0.10000000
      vertex 0.03030861 0.03708781 0.10000000
      vertex 0.03613837 0.04038794 0.10000000
    endloop
  endfacet
  facet normal 0.000000e+00 0.000000e+00 -1.000000e+00
    outer loop
      vertex 0.49748744 0.01997463 0.10000000
      vertex 0.03613837 0.04038794 0.10000000
      vertex 0.04246183 0.04368760 0.10000000
    endloop
  endfacet
  facet normal 0.000000e+00 0.000000e+00 -1.000000e+00
    outer loop
      vertex 0.49748744 0.01997463 0.10000000
      vertex 0.04246183 0.04368760 0.10000000
      vertex 0.04927361 0.04697792 0.10000000
    endloop
  endfacet
  facet normal 0.000000e+00 0.000000e+00 -1.000000e+00
    outer loop
      vertex 0.49748744 0.01997463 0.10000000
      vertex 0.04927361 0.04697792 0.10000000
      vertex 0.05656774 0.05024968 0.10000000
    endloop
  endfacet
  facet normal 0.000000e+00 0.000000e+00 -1.000000e+00
    outer loop
      vertex 0.49748744 0.01997463 0.10000000
      vertex 0.05656774 0.05024968 0.10000000
      vertex 0.06433762 0.05349337 0.10000000
    endloop
  endfacet
  facet normal 0.000000e+00 0.000000e+00 -1.000000e+00
    outer loop
      vertex 0.49748744 0.01997463 0.10000000
      vertex 0.06433762 0.05349337 0.10000000
      vertex 0.07257600 0.05669927 0.10000000
    endloop
  endfacet
  facet normal 0.000000e+00 0.000000e+00 -1.000000e+00
    outer loop
      vertex 0.49748744 0.01997463 0.10000000
      vertex 0.07257600 0.05669927 0.10000000
      vertex 0.08127504 0.05985746 0.10000000
    endloop
  endfacet
  facet normal 0.000000e+00 0.000000e+00 -1.000000e+00
    outer loop
      vertex 0.49748744 0.01997463 0.10000000
      vertex 0.08127504 0.05985746 0.10000000
      vertex 0.09042621 0.06295794 0.10000000
    endloop
  endfacet
  facet normal 0.000000e+00 0.000000e+00 -1.000000e+00
    outer loop
      vertex 0.49748744 0.01997463 0.10000000
      vertex 0.09042621 0.06295794 0.10000000
      vertex 0.10002040 0.06599066 0.10000000
    endloop
  endfacet
  facet normal 0.000000e+00 0.000000e+00 -1.000000e+00
    outer loop
      vertex 0.49748744 0.01997463 0.10000000
      vertex 0.10002040 0.06599066 0.10000000
      vertex 0.11004784 0.06894556 0.10000000
    endloop
  endfacet
  facet normal 0.000000e+00 0.000000e+00 -1.000000e+00
    outer loop
      vertex 0.49748744 0.01997463 0.10000000
      vertex 0.11004784 0.06894556 0.10000000
      vertex 0.12049816 0.07181268 0.10000000
    endloop
  endfacet
  facet normal 0.000000e+00 0.000000e+00 -1.000000e+00
    outer loop
      vertex 0.49748744 0.01997463 0.10000000
      vertex 0.12049816 0.07181268 0.10000000
      vertex 0.13136035 0.07458217 0.10000000
    endloop
  endfacet
  facet normal 0.000000e+00 0.000000e+00 -1.000000e+00
    outer loop
      vertex 0.49748744 0.01997463 0.10000000
      vertex 0.13136035 0.07458217 0.10000000
      vertex 0.14262282 0.07724436 0.10000000
    endloop
  endfacet
  facet normal 0.000000e+00 0.000000e+00 -1.000000e+00
    outer loop
      vertex 0.49748744 0.01997463 0.10000000
      vertex 0.14262282 0.07724436 0.10000000
      vertex 0.15427339 0.07978982 0.10000000
    endloop
  endfacet
  facet normal 0.000000e+00 0.000000e+00 -1.000000e+00
    outer loop
      vertex 0.49748744 0.01997463 0.10000000
      vertex 0.15427339 0.07978982 0.10000000
      vertex 0.16629931 0.08220944 0.10000000
    endloop
  endfacet
  facet normal 0.000000e+00 0.000000e+00 -1.000000e+00
    outer loop
      vertex 0.49748744 0.01997463 0.10000000
      vertex 0.16629931 0.08220944 0.10000000
      vertex 0.17868728 0.08449440 0.10000000
    endloop
  endfacet
  facet normal 0.000000e+00 0.000000e+00 -1.000000e+00
    outer loop
      vertex 0.49748744 0.01997463 0.10000000
      vertex 0.17868728 0.08449440 0.10000000
      vertex 0.19142346 0.08663630 0.10000000
    endloop
  endfacet
  facet normal 0.000000e+00 0.000000e+00 -1.000000e+00
    outer loop
      vertex 0.49748744 0.01997463 0.10000000
      vertex 0.19142346 0.08663630 0.10000000
      vertex 0.20449351 0.08862717 0.10000000
    endloop
  endfacet
  facet normal 0.000000e+00 0.000000e+00 -1.000000e+00
    outer loop
      vertex 0.49748744 0.01997463 0.10000000
      vertex 0.20449351 0.08862717 0.10000000
      vertex 0.21788263 0.09045949 0.10000000
    endloop
  endfacet
  facet normal 0.000000e+00 0.000000e+00 -1.000000e+00
    outer loop
      vertex 0.49748744 0.01997463 0.10000000
      vertex 0.21788263 0.09045949 0.10000000
      vertex 0.23157553 0.09212627 0.10000000
    endloop
  endfacet
  facet normal 0.000000e+00 0.000000e+00 -1.000000e+00
    outer loop
      vertex 0.49748744 0.01997463 0.10000000
      vertex 0.23157553 0.09212627 0.10000000
      vertex 0.24555655 0.09362103 0.10000000
    endloop
  endfacet
  facet normal 0.000000e+00 0.000000e+00 -1.000000e+00
    outer loop
      vertex 0.49748744 0.01997463 0.10000000
      vertex 0.24555655 0.09362103 0.10000000
      vertex 0.25980959 0.09493788 0.10000000
    endloop
  endfacet
  facet normal 0.000000e+00 0.000000e+00 -1.000000e+00
    outer loop
      vertex 0.49748744 0.01997463 0.10000000
      vertex 0.25980959 0.09493788 0.10000000
      vertex 0.27431823 0.09607152 0.10000000
    endloop
  endfacet
  facet normal 0.000000e+00 0.000000e+00 -1.000000e+00
    outer loop
      vertex 0.49748744 0.01997463 0.10000000
      vertex 0.27431823 0.09607152 0.10000000
      vertex 0.28906571 0.09701725 0.10000000
    endloop
  endfacet
  facet normal 0.000000e+00 0.000000e+00 -1.000000e+00
    outer loop
      vertex 0.49748744 0.01997463 0.10000000
      vertex 0.28906571 0.09701725 0.10000000
      vertex 0.30403499 0.09777102 0.10000000
    endloop
  endfacet
  facet normal 0.000000e+00 0.000000e+00 -1.000000e+00
    outer loop
      vertex 0.49748744 0.01997463 0.10000000
      vertex 0.30403499 0.09777102 0.10000000
      vertex 0.31920878 0.09832941 0.10000000
    endloop
  endfacet
  facet normal 0.000000e+00 0.000000e+00 -1.000000e+00
    outer loop
      vertex 0.49748744 0.01997463 0.10000000
      vertex 0.31920878 0.09832941 0.10000000
      vertex 0.33456957 0.09868966 0.10000000
    endloop
  endfacet
  facet normal 0.000000e+00 0.000000e+00 -1.000000e+00
    outer loop
      vertex 0.49748744 0.01997463 0.10000000
      vertex 0.33456957 0.09868966 0.10000000
      vertex 0.35009965 0.09884968 0.10000000
    endloop
  endfacet
  facet normal 0.000000e+00 0.000000e+00 -1.000000e+00
    outer loop
      vertex 0.49748744 0.01997463 0.10000000
      vertex 0.35009965 0.09884968 0.10000000
      vertex 0.36578121 0.09880802 0.10000000
    endloop
  endfacet
  facet normal 0.000000e+00 0.000000e+00 -1.000000e+00
    outer loop
      vertex 0.49748744 0.01997463 0.10000000
      vertex 0.36578121 0.09880802 0.10000000
      vertex 0.38159627 0.09856392 0.10000000
    endloop
  endfacet
  facet normal 0.000000e+00 0.000000e+00 -1.000000e+00
    outer loop
      vertex 0.49748744 0.01997463 0.10000000
      vertex 0.38159627 0.09856392 0.10000000
      vertex 0.39752683 0.09811726 0.10000000
    endloop
  endfacet
  facet normal 0.000000e+00 0.000000e+00 -1.000000e+00
    outer loop
      vertex 0.49748744 0.01997463 0.10000000
      vertex 0.39752683 0.09811726 0.10000000
      vertex 0.41334431 0.09749369 0.10000000
    endloop
  endfacet
  facet normal 0.000000e+00 0.000000e+00 -1.000000e+00
    outer loop
      vertex 0.49748744 0.01997463 0.10000000
      vertex 0.41334431 0.09749369 0.10000000
      vertex 0.42920684 0.09673935 0.10000000
    endloop
  endfacet
  facet normal 0.000000e+00 0.000000e+00 -1.000000e+00
    outer loop
      vertex 0.49748744 0.01997463 0.10000000
      vertex 0.42920684 0.09673935 0.10000000
      vertex 0.44513646 0.09585776 0.10000000
    endloop
  endfacet
  facet normal 0.000000e+00 0.000000e+00 -1.000000e+00
    outer loop
      vertex 0.49748744 0.01997463 0.10000000
      vertex 0.44513646 0.09585776 0.10000000
      vertex 0.46111639 0.09485192 0.10000000
    endloop
  endfacet
  facet normal 0.000000e+00 0.000000e+00 -1.000000e+00
    outer loop
      vertex 0.49748744 0.01997463 0.10000000
      vertex 0.46111639 0.09485192 0.10000000
      vertex 0.47712982 0.09372513 0.10000000
    endloop
  endfacet
  facet normal 0.000000e+00 0.000000e+00 -1.000000e+00
    outer loop
      vertex 0.49748744 0.01997463 0.10000000
      vertex 0.47712982 0.09372513 0.10000000
      vertex 0.49316001 0.09248097 0.10000000
    endloop
  endfacet
  facet normal 0.000000e+00 0.000000e+00 -1.000000e+00
    outer loop
      vertex 0.49748744 0.01997463 0.10000000
      vertex 0.49316001 0.09248097 0.10000000
      vertex 0.50919023 0.09112330 0.10000000
    endloop
  endfacet
  facet normal 0.000000e+00 0.000000e+00 -1.000000e+00
    outer loop
      vertex 0.49748744 0.01997463 0.10000000
      vertex 0.50919023 0.09112330 0.10000000
      vertex 0.52520379 0.08965619 0.10000000
    endloop
  endfacet
  facet normal 0.000000e+00 0.000000e+00 -1.000000e+00
    outer loop
      vertex 0.49748744 0.01997463 0.10000000
      vertex 0.52520379 0.08965619 0.10000000
      vertex 0.54118413 0.08808398 0.10000000
    endloop
  endfacet
  facet normal 0.000000e+00 0.000000e+00 -1.000000e+00
    outer loop
      vertex 0.49748744 0.01997463 0.10000000
      vertex 0.54118413 0.08808398 0.10000000
      vertex 0.55711473 0.08641122 0.10000000
    endloop
  endfacet
  facet normal 0.000000e+00 0.000000e+00 -1.000000e+00
    outer loop
      vertex 0.49748744 0.01997463 0.10000000
      vertex 0.55711473 0.08641122 0.10000000
      vertex 0.57297920 0.08464264 0.10000000
    endloop
  endfacet
  facet normal 0.000000e+00 0.000000e+00 -1.000000e+00
    outer loop
      vertex 0.49748744 0.01997463 0.10000000
      vertex 0.57297920 0.08464264 0.10000000
      vertex 0.58876130 0.08278319 0.10000000
    endloop
  endfacet
  facet normal 0.000000e+00 0.000000e+00 -1.000000e+00
    outer loop
      vertex 0.49748744 0.01997463 0.10000000
      vertex 0.58876130 0.08278319 0.10000000
      vertex 0.60444490 0.08083797 0.10000000
    endloop
  endfacet
  facet normal 0.000000e+00 0.000000e+00 -1.000000e+00
    outer loop
      vertex 0.49748744 0.01997463 0.10000000
      vertex 0.60444490 0.08083797 0.10000000
      vertex 0.62001405 0.07881227 0.10000000
    endloop
  endfacet
  facet normal 0.000000e+00 0.000000e+00 -1.000000e+00
    outer loop
      vertex 0.49748744 0.01997463 0.10000000
      vertex 0.62001405 0.07881227 0.10000000
      vertex 0.63545296 0.07671150 0.10000000
    endloop
  endfacet
  facet normal 0.000000e+00 0.000000e+00 -1.000000e+00
    outer loop
      vertex 0.49748744 0.01997463 0.10000000
      vertex 0.63545296 0.07671150 0.10000000
      vertex 0.65074604 0.07454124 0.10000000
    endloop
  endfacet
  facet normal 0.000000e+00 0.000000e+00 -1.000000e+00
    outer loop
      vertex 0.49748744 0.01997463 0.10000000
      vertex 0.65074604 0.07454124 0.10000000
      vertex 0.66587790 0.07230718 0.10000000
    endloop
  endfacet
  facet normal 0.000000e+00 0.000000e+00 -1.000000e+00
    outer loop
      vertex 0.49748744 0.01997463 0.10000000
      vertex 0.66587790 0.07230718 0.10000000
      vertex 0.68083337 0.07001516 0.10000000
    endloop
  endfacet
  facet normal 0.000000e+00 0.000000e+00 -1.000000e+00
    outer loop
      vertex 0.49748744 0.01997463 0.10000000
      vertex 0.68083337 0.07001516 0.10000000
      vertex 0.69559750 0.06767110 0.10000000
    endloop
  endfacet
  facet normal 0.000000e+00 0.000000e+00 -1.000000e+00
    outer loop
      vertex 0.49748744 0.01997463 0.10000000
      vertex 0.69559750 0.06767110 0.10000000
      vertex 0.71015559 0.06528105 0.10000000
    endloop
  endfacet
  facet normal 0.000000e+00 0.000000e+00 -1.000000e+00
    outer loop
      vertex 0.49748744 0.01997463 0.10000000
      vertex 0.71015559 0.06528105 0.10000000
      vertex 0.72449321 0.06285116 0.10000000
    endloop
  endfacet
  facet normal 0.000000e+00 0.000000e+00 -1.000000e+00
    outer loop
      vertex 0.49748744 0.01997463 0.10000000
      vertex 0.72449321 0.06285116 0.10000000
      vertex 0.73859618 0.06038763 0.10000000
    endloop
  endfacet
  facet normal 0.000000e+00 0.000000e+00 -1.000000e+00
    outer loop
      vertex 0.49748744 0.01997463 0.10000000
      vertex 0.73859618 0.06038763 0.10000000
      vertex 0.75245061 0.05789679 0.10000000
    endloop
  endfacet
  facet normal 0.000000e+00 0.000000e+00 -1.000000e+00
    outer loop
      vertex 0.49748744 0.01997463 0.10000000
      vertex 0.75245061 0.05789679 0.10000000
      vertex 0.76604292 0.05538502 0.10000000
    endloop
  endfacet
  facet normal 0.000000e+00 0.000000e+00 -1.000000e+00
    outer loop
      vertex 0.49748744 0.01997463 0.10000000
      vertex 0.76604292 0.05538502 0.10000000
      vertex 0.77935980 0.05285875 0.10000000
    endloop
  endfacet
  facet normal 0.000000e+00 0.000000e+00 -1.000000e+00
    outer loop
      vertex 0.49748744 0.01997463 0.10000000
      vertex 0.77935980 0.05285875 0.10000000
      vertex 0.79238830 0.05032450 0.10000000
    endloop
  endfacet
  facet normal 0.000000e+00 0.000000e+00 -1.000000e+00
    outer loop
      vertex 0.49748744 0.01997463 0.10000000
      vertex 0.79238830 0.05032450 0.10000000
      vertex 0.80511576 0.04778879 0.10000000
    endloop
  endfacet
  facet normal 0.000000e+00 0.000000e+00 -1.000000e+00
    outer loop
      vertex 0.49748744 0.01997463 0.10000000
      vertex 0.80511576 0.04778879 0.10000000
      vertex 0.81752988 0.04525822 0.10000000
    endloop
  endfacet
  facet normal 0.000000e+00 0.000000e+00 -1.000000e+00
    outer loop
      vertex 0.49748744 0.01997463 0.10000000
      vertex 0.81752988 0.04525822 0.10000000
      vertex 0.82961872 0.04273938 0.10000000
    endloop
  endfacet
  facet normal 0.000000e+00 0.000000e+00 -1.000000e+00
    outer loop
      vertex 0.49748744 0.01997463 0.10000000
      vertex 0.82961872 0.04273938 0.10000000
      vertex 0.84137066 0.04023890 0.10000000
    endloop
  endfacet
  facet normal 0.000000e+00 0.000000e+00 -1.000000e+00
    outer loop
      vertex 0.49748744 0.01997463 0.10000000
      vertex 0.84137066 0.04023890 0.10000000
      vertex 0.85277449 0.03776338 0.10000000
    endloop
  endfacet
  facet normal 0.000000e+00 0.000000e+00 -1.000000e+00
    outer loop
      vertex 0.49748744 0.01997463 0.10000000
      vertex 0.85277449 0.03776338 0.10000000
      vertex 0.86381936 0.03531942 0.10000000
    endloop
  endfacet
  facet normal 0.000000e+00 0.000000e+00 -1.000000e+00
    outer loop
      vertex 0.49748744 0.01997463 0.10000000
      vertex 0.86381936 0.03531942 0.10000000
      vertex 0.87449479 0.03291359 0.10000000
    endloop
  endfacet
  facet normal 0.000000e+00 0.000000e+00 -1.000000e+00
    outer loop
      vertex 0.49748744 0.01997463 0.10000000
      vertex 0.87449479 0.03291359 0.10000000
      vertex 0.88479071 0.03055241 0.10000000
    endloop
  endfacet
  facet normal 0.000000e+00 0.000000e+00 -1.000000e+00
    outer loop
      vertex 0.49748744 0.01997463 0.10000000
      vertex 0.88479071 0.03055241 0.10000000
      vertex 0.89469744 0.02824235 0.10000000
    endloop
  endfacet
  facet normal 0.000000e+00 0.000000e+00 -1.000000e+00
    outer loop
      vertex 0.49748744 0.01997463 0.10000000
      vertex 0.89469744 0.02824235 0.10000000
      vertex 0.90420571 0.02598977 0.10000000
    endloop
  endfacet
  facet normal 0.000000e+00 0.000000e+00 -1.000000e+00
    outer loop
      vertex 0.49748744 0.01997463 0.10000000
      vertex 0.90420571 0.02598977 0.10000000
      vertex 0.91330666 0.02380096 0.10000000
    endloop
  endfacet
  facet normal 0.000000e+00 0.000000e+00 -1.000000e+00
    outer loop
      vertex 0.49748744 0.01997463 0.10000000
      vertex 0.91330666 0.02380096 0.10000000
      vertex 0.92199185 0.02168208 0.10000000
    endloop
  endfacet
  facet normal 0.000000e+00 0.000000e+00 -1.000000e+00
    outer loop
      vertex 0.49748744 0.01997463 0.10000000
      vertex 0.92199185 0.02168208 0.10000000
      vertex 0.93025325 0.01963913 0.10000000
    endloop
  endfacet
  facet normal 0.000000e+00 0.000000e+00 -1.000000e+00
    outer loop
      vertex 0.49748744 0.01997463 0.10000000
      vertex 0.93025325 0.01963913 0.10000000
      vertex 0.93808325 0.01767798 0.10000000
    endloop
  endfacet
  facet normal 0.000000e+00 0.000000e+00 -1.000000e+00
    outer loop
      vertex 0.49748744 0.01997463 0.10000000
      vertex 0.93808325 0.01767798 0.10000000
      vertex 0.94547469 0.01580430 0.10000000
    endloop
  endfacet
  facet normal 0.000000e+00 0.000000e+00 -1.000000e+00
    outer loop
      vertex 0.49748744 0.01997463 0.10000000
      vertex 0.94547469 0.01580430 0.10000000
      vertex 0.95242082 0.01402355 0.10000000
    endloop
  endfacet
  facet normal 0.000000e+00 0.000000e+00 -1.000000e+00
    outer loop
      vertex 0.49748744 0.01997463 0.10000000
      vertex 0.95242082 0.01402355 0.10000000
      vertex 0.95891533 0.01234098 0.10000000
    endloop
  endfacet
  facet normal 0.000000e+00 0.000000e+00 -1.000000e+00
    outer loop
      vertex 0.49748744 0.01997463 0.10000000
      vertex 0.95891533 0.01234098 0.10000000
      vertex 0.96495234 0.01076158 0.10000000
    endloop
  endfacet
  facet normal 0.000000e+00 0.000000e+00 -1.000000e+00
    outer loop
      vertex 0.49748744 0.01997463 0.10000000
      vertex 0.96495234 0.01076158 0.10000000
      vertex 0.97052640 0.00929008 0.10000000
    endloop
  endfacet
  facet normal 0.000000e+00 0.000000e+00 -1.000000e+00
    outer loop
      vertex 0.49748744 0.01997463 0.10000000
      vertex 0.97052640 0.00929008 0.10000000
      vertex 0.97563252 0.00793091 0.10000000
    endloop
  endfacet
  facet normal 0.000000e+00 0.000000e+00 -1.000000e+00
    outer loop
      vertex 0.49748744 0.01997463 0.10000000
      vertex 0.97563252 0.00793091 0.10000000
      vertex 0.98026611 0.00668819 0.10000000
    endloop
  endfacet
  facet normal 0.000000e+00 0.000000e+00 -1.000000e+00
    outer loop
      vertex 0.49748744 0.01997463 0.10000000
      vertex 0.98026611 0.00668819 0.10000000
      vertex 0.98442304 0.00556572 0.10000000
    endloop
  endfacet
  facet normal 0.000000e+00 0.000000e+00 -1.000000e+00
    outer loop
      vertex 0.49748744 0.01997463 0.10000000
      vertex 0.98442304 0.00556572 0.10000000
      vertex 0.98809961 0.00456695 0.10000000
    endloop
  endfacet
  facet normal 0.000000e+00 0.000000e+00 -1.000000e+00
    outer loop
      vertex 0.49748744 0.01997463 0.10000000
      vertex 0.98809961 0.00456695 0.10000000
      vertex 0.99129257 0.00369497 0.10000000
    endloop
  endfacet
  facet normal 0.000000e+00 0.000000e+00 -1.000000e+00
    outer loop
      vertex 0.49748744 0.01997463 0.10000000
      vertex 0.99129257 0.00369497 0.10000000
      vertex 0.99399908 0.00295247 0.10000000
    endloop
  endfacet
  facet normal 0.000000e+00 0.000000e+00 -1.000000e+00
    outer loop
      vertex 0.49748744 0.01997463 0.10000000
      vertex 0.99399908 0.00295247 0.10000000
      vertex 0.99621675 0.00234178 0.10000000
    endloop
  endfacet
  facet normal 0.000000e+00 0.000000e+00 -1.000000e+00
    outer loop
      vertex 0.49748744 0.01997463 0.10000000
      vertex 0.99621675 0.00234178 0.10000000
      vertex 0.99794364 0.00186479 0.10000000
    endloop
  endfacet
  facet normal 0.000000e+00 0.000000e+00 -1.000000e+00
    outer loop
      vertex 0.49748744 0.01997463 0.10000000
      vertex 0.99794364 0.00186479 0.10000000
      vertex 0.99917822 0.00152302 0.10000000
    endloop
  endfacet
  facet normal 0.000000e+00 0.000000e+00 -1.000000e+00
    outer loop
      vertex 0.49748744 0.01997463 0.10000000
      vertex 0.99917822 0.00152302 0.10000000
      vertex 0.99991939 0.00131752 0.10000000
    endloop
  endfacet
  facet normal 0.000000e+00 0.000000e+00 -1.000000e+00
    outer loop
      vertex 0.49748744 0.01997463 0.10000000
      vertex 0.99991939 0.00131752 0.10000000
      vertex 1.00000000 0.00000000 0.10000000
    endloop
  endfacet
  facet normal 0.000000e+00 0.000000e+00 -1.000000e+00
    outer loop
      vertex 0.49748744 0.01997463 0.10000000
      vertex 1.00000000 0.00000000 0.10000000
      vertex 0.99957715 -0.00125040 0.10000000
    endloop
  endfacet
  facet normal 0.000000e+00 0.000000e+00 -1.000000e+00
    outer loop
      vertex 0.49748744 0.01997463 0.10000000
      vertex 0.99957715 -0.00125040 0.10000000
      vertex 0.99880846 -0.00125480 0.10000000
    endloop
  endfacet
  facet normal 0.000000e+00 0.000000e+00 -1.000000e+00
    outer loop
      vertex 0.49748744 0.01997463 0.10000000
      vertex 0.99880846 -0.00125480 0.10000000
      vertex 0.99752828 -0.00126219 0.10000000
    endloop
  endfacet
  facet normal 0.000000e+00 0.000000e+00 -1.000000e+00
    outer loop
      vertex 0.49748744 0.01997463 0.10000000
      vertex 0.99752828 -0.00126219 0.10000000
      vertex 0.99573806 -0.00127268 0.10000000
    endloop
  endfacet
  facet normal 0.000000e+00 0.000000e+00 -1.000000e+00
    outer loop
      vertex 0.49748744 0.01997463 0.10000000
      vertex 0.99573806 -0.00127268 0.10000000
      vertex 0.99343981 -0.00128642 0.10000000
    endloop
  endfacet
  facet normal 0.000000e+00 0.000000e+00 -1.000000e+00
    outer loop
      vertex 0.49748744 0.01997463 0.10000000
      vertex 0.99343981 -0.00128642 0.10000000
      vertex 0.99063613 -0.00130360 0.10000000
    endloop
  endfacet
  facet normal 0.000000e+00 0.000000e+00 -1.000000e+00
    outer loop
      vertex 0.49748744 0.01997463 0.10000000
      vertex 0.99063613 -0.00130360 0.10000000
      vertex 0.98733017 -0.00132446 0.10000000
    endloop
  endfacet
  facet normal 0.000000e+00 0.000000e+00 -1.000000e+00
    outer loop
      vertex 0.49748744 0.01997463 0.10000000
      vertex 0.98733017 -0.00132446 0.10000000
      vertex 0.98352566 -0.00134928 0.10000000
    endloop
  endfacet
  facet normal 0.000000e+00 0.000000e+00 -1.000000e+00
    outer loop
      vertex 0.49748744 0.01997463 0.10000000
      vertex 0.98352566 -0.00134928 0.10000000
      vertex 0.97922687 -0.00137841 0.10000000
    endloop
  endfacet
  facet normal 0.000000e+00 0.000000e+00 -1.000000e+00
    outer loop
      vertex 0.49748744 0.01997463 0.10000000
      vertex 0.97922687 -0.00137841 0.10000000
      vertex 0.97443860 -0.00141221 0.10000000
    endloop
  endfacet
  facet normal 0.000000e+00 0.000000e+00 -1.000000e+00
    outer loop
      vertex 0.49748744 0.01997463 0.10000000
      vertex 0.97443860 -0.00141221 0.10000000
      vertex 0.96916622 -0.00145115 0.10000000
    endloop
  endfacet
  facet normal 0.000000e+00 0.000000e+00 -1.000000e+00
    outer loop
      vertex 0.49748744 0.01997463 0.10000000
      vertex 0.96916622 -0.00145115 0.10000000
      vertex 0.96341559 -0.00149570 0.10000000
    endloop
  endfacet
  facet normal 0.000000e+00 0.000000e+00 -1.000000e+00
    outer loop
      vertex 0.49748744 0.01997463 0.10000000
      vertex 0.96341559 -0.00149570 0.10000000
      vertex 0.95719313 -0.00154643 0.10000000
    endloop
  endfacet
  facet normal 0.000000e+00 0.000000e+00 -1.000000e+00
    outer loop
      vertex 0.49748744 0.01997463 0.10000000
      vertex 0.95719313 -0.00154643 0.10000000
      vertex 0.95050572 -0.00160394 0.10000000
    endloop
  endfacet
  facet normal 0.000000e+00 0.000000e+00 -1.000000e+00
    outer loop
      vertex 0.49748744 0.01997463 0.10000000
      vertex 0.95050572 -0.00160394 0.10000000
      vertex 0.94336076 -0.00166889 0.10000000
    endloop
  endfacet
  facet normal 0.000000e+00 0.000000e+00 -1.000000e+00
    outer loop
      vertex 0.49748744 0.01997463 0.10000000
      vertex 0.94336076 -0.00166889 0.10000000
      vertex 0.93576613 -0.00174201 0.10000000
    endloop
  endfacet
  facet normal 0.000000e+00 0.000000e+00 -1.000000e+00
    outer loop
      vertex 0.49748744 0.01997463 0.10000000
      vertex 0.93576613 -0.00174201 0.10000000
      vertex 0.92773017 -0.00182407 0.10000000
    endloop
  endfacet
  facet normal 0.000000e+00 0.000000e+00 -1.000000e+00
    outer loop
      vertex 0.49748744 0.01997463 0.10000000
      vertex 0.92773017 -0.00182407 0.10000000
      vertex 0.91926168 -0.00191591 0.10000000
    endloop
  endfacet
  facet normal 0.000000e+00 0.000000e+00 -1.000000e+00
    outer loop
      vertex 0.49748744 0.01997463 0.10000000
      vertex 0.91926168 -0.00191591 0.10000000
      vertex 0.91036992 -0.00201839 0.10000000
    endloop
  endfacet
  facet normal 0.000000e+00 0.000000e+00 -1.000000e+00
    outer loop
      vertex 0.49748744 0.01997463 0.10000000
      vertex 0.91036992 -0.00201839 0.10000000
      vertex 0.90106455 -0.00213246 0.10000000
    endloop
  endfacet
  facet normal 0.000000e+00 0.000000e+00 -1.000000e+00
    outer loop
      vertex 0.49748744 0.01997463 0.10000000
      vertex 0.90106455 -0.00213246 0.10000000
      vertex 0.89135566 -0.00225905 0.10000000
    endloop
  endfacet
  facet normal 0.000000e+00 0.000000e+00 -1.000000e+00
    outer loop
      vertex 0.49748744 0.01997463 0.10000000
      vertex 0.89135566 -0.00225905 0.10000000
      vertex 0.88125374 -0.00239918 0.10000000
    endloop
  endfacet
  facet normal 0.000000e+00 0.000000e+00 -1.000000e+00
    outer loop
      vertex 0.49748744 0.01997463 0.10000000
      vertex 0.88125374 -0.00239918 0.10000000
      vertex 0.87076966 -0.00255386 0.10000000
    endloop
  endfacet
  facet normal 0.000000e+00 0.000000e+00 -1.000000e+00
    outer loop
      vertex 0.49748744 0.01997463 0.10000000
      vertex 0.87076966 -0.00255386 0.10000000
      vertex 0.85991468 -0.00272412 0.10000000
    endloop
  endfacet
  facet normal 0.000000e+00 0.000000e+00 -1.000000e+00
    outer loop
      vertex 0.49748744 0.01997463 0.10000000
      vertex 0.85991468 -0.00272412 0.10000000
      vertex 0.84870039 -0.00291099 0.10000000
    endloop
  endfacet
  facet normal 0.000000e+00 0.000000e+00 -1.000000e+00
    outer loop
      vertex 0.49748744 0.01997463 0.10000000
      vertex 0.84870039 -0.00291099 0.10000000
      vertex 0.83713875 -0.00311550 0.10000000
    endloop
  endfacet
  facet normal 0.000000e+00 0.000000e+00 -1.000000e+00
    outer loop
      vertex 0.49748744 0.01997463 0.10000000
      vertex 0.83713875 -0.00311550 0.10000000
      vertex 0.82524202 -0.00333866 0.10000000
    endloop
  endfacet
  facet normal 0.000000e+00 0.000000e+00 -1.000000e+00
    outer loop
      vertex 0.49748744 0.01997463 0.10000000
      vertex 0.82524202 -0.00333866 0.10000000
      vertex 0.81302278 -0.00358143 0.10000000
    endloop
  endfacet
  facet normal 0.000000e+00 0.000000e+00 -1.000000e+00
    outer loop
      vertex 0.49748744 0.01997463 0.10000000
      vertex 0.81302278 -0.00358143 0.10000000
      vertex 0.80049393 -0.00384474 0.10000000
    endloop
  endfacet
  facet normal 0.000000e+00 0.000000e+00 -1.000000e+00
    outer loop
      vertex 0.49748744 0.01997463 0.10000000
      vertex 0.80049393 -0.00384474 0.10000000
      vertex 0.78766861 -0.00412943 0.10000000
    endloop
  endfacet
  facet normal 0.000000e+00 0.000000e+00 -1.000000e+00
    outer loop
      vertex 0.49748744 0.01997463 0.10000000
      vertex 0.78766861 -0.00412943 0.10000000
      vertex 0.77456026 -0.00443628 0.10000000
    endloop
  endfacet
  facet normal 0.000000e+00 0.000000e+00 -1.000000e+00
    outer loop
      vertex 0.49748744 0.01997463 0.10000000
      vertex 0.77456026 -0.00443628 0.10000000
      vertex 0.76118255 -0.00476596 0.10000000
    endloop
  endfacet
  facet normal 0.000000e+00 0.000000e+00 -1.000000e+00
    outer loop
      vertex 0.49748744 0.01997463 0.10000000
      vertex 0.76118255 -0.00476596 0.10000000
      vertex 0.74754939 -0.00511902 0.10000000
    endloop
  endfacet
  facet normal 0.000000e+00 0.000000e+00 -1.000000e+00
    outer loop
      vertex 0.49748744 0.01997463 0.10000000
      vertex 0.74754939 -0.00511902 0.10000000
      vertex 0.73367489 -0.00549588 0.10000000
    endloop
  endfacet
  facet normal 0.000000e+00 0.000000e+00 -1.000000e+00
    outer loop
      vertex 0.49748744 0.01997463 0.10000000
      vertex 0.73367489 -0.00549588 0.10000000
      vertex 0.71957340 -0.00589681 0.10000000
    endloop
  endfacet
  facet normal 0.000000e+00 0.000000e+00 -1.000000e+00
    outer loop
      vertex 0.49748744 0.01997463 0.10000000
      vertex 0.71957340 -0.00589681 0.10000000
      vertex 0.70525942 -0.00632192 0.10000000
    endloop
  endfacet
  facet normal 0.000000e+00 0.000000e+00 -1.000000e+00
    outer loop
      vertex 0.49748744 0.01997463 0.10000000
      vertex 0.70525942 -0.00632192 0.10000000
      vertex 0.69074763 -0.00677114 0.10000000
    endloop
  endfacet
  facet normal 0.000000e+00 0.000000e+00 -1.000000e+00
    outer loop
      vertex 0.49748744 0.01997463 0.10000000
      vertex 0.69074763 -0.00677114 0.10000000
      vertex 0.67605285 -0.00724417 0.10000000
    endloop
  endfacet
  facet normal 0.000000e+00 0.000000e+00 -1.000000e+00
    outer loop
      vertex 0.49748744 0.01997463 0.10000000
      vertex 0.67605285 -0.00724417 0.10000000
      vertex 0.66119006 -0.00774055 0.10000000
    endloop
  endfacet
  facet normal 0.000000e+00 0.000000e+00 -1.000000e+00
    outer loop
      vertex 0.49748744 0.01997463 0.10000000
      vertex 0.66119006 -0.00774055 0.10000000
      vertex 0.64617433 -0.00825956 0.10000000
    endloop
  endfacet
  facet normal 0.000000e+00 0.000000e+00 -1.000000e+00
    outer loop
      vertex 0.49748744 0.01997463 0.10000000
      vertex 0.64617433 -0.00825956 0.10000000
      vertex 0.63102085 -0.00880027 0.10000000
    endloop
  endfacet
  facet normal 0.000000e+00 0.000000e+00 -1.000000e+00
    outer loop
      vertex 0.49748744 0.01997463 0.10000000
      vertex 0.63102085 -0.00880027 0.10000000
      vertex 0.61574488 -0.00936148 0.10000000
    endloop
  endfacet
  facet normal 0.000000e+00 0.000000e+00 -1.000000e+00
    outer loop
      vertex 0.49748744 0.01997463 0.10000000
      vertex 0.61574488 -0.00936148 0.10000000
      vertex 0.60036176 -0.00994178 0.10000000
    endloop
  endfacet
  facet normal 0.000000e+00 0.000000e+00 -1.000000e+00
    outer loop
      vertex 0.49748744 0.01997463 0.10000000
      vertex 0.60036176 -0.00994178 0.10000000
      vertex 0.58488688 -0.01053947 0.10000000
    endloop
  endfacet
  facet normal 0.000000e+00 0.000000e+00 -1.000000e+00
    outer loop
      vertex 0.49748744 0.01997463 0.10000000
      vertex 0.58488688 -0.01053947 0.10000000
      vertex 0.56933563 -0.01115261 0.10000000
    endloop
  endfacet
  facet normal 0.000000e+00 0.000000e+00 -1.000000e+00
    outer loop
      vertex 0.49748744 0.01997463 0.10000000
      vertex 0.56933563 -0.01115261 0.10000000
      vertex 0.55372347 -0.01177902 0.10000000
    endloop
  endfacet
  facet normal 0.000000e+00 0.000000e+00 -1.000000e+00
    outer loop
      vertex 0.49748744 0.01997463 0.10000000
      vertex 0.55372347 -0.01177902 0.10000000
      vertex 0.53806583 -0.01241624 0.10000000
    endloop
  endfacet
  facet normal 0.000000e+00 0.000000e+00 -1.000000e+00
    outer loop
      vertex 0.49748744 0.01997463 0.10000000
      vertex 0.53806583 -0.01241624 0.10000000
      vertex 0.52237812 -0.01306157 0.10000000
    endloop
  endfacet
  facet normal 0.000000e+00 0.000000e+00 -1.000000e+00
    outer loop
      vertex 0.49748744 0.01997463 0.10000000
      vertex 0.52237812 -0.01306157 0.10000000
      vertex 0.50667574 -0.01371208 0.10000000
    endloop
  endfacet
  facet normal 0.000000e+00 -0.000000e+00 -1.000000e+00
    outer loop
      vertex 0.49748744 0.01997463 0.10000000
      vertex 0.50667574 -0.01371208 0.10000000
      vertex 0.49097402 -0.01436460 0.10000000
    endloop
  endfacet
  facet normal 0.000000e+00 0.000000e+00 -1.000000e+00
    outer loop
      vertex 0.49748744 0.01997463 0.10000000
      vertex 0.49097402 -0.01436460 0.10000000
      vertex 0.47528826 -0.01501576 0.10000000
    endloop
  endfacet
  facet normal 0.000000e+00 0.000000e+00 -1.000000e+00
    outer loop
      vertex 0.49748744 0.01997463 0.10000000
      vertex 0.47528826 -0.01501576 0.10000000
      vertex 0.45963366 -0.01566195 0.10000000
    endloop
  endfacet
  facet normal 0.000000e+00 0.000000e+00 -1.000000e+00
    outer loop
      vertex 0.49748744 0.01997463 0.10000000
      vertex 0.45963366 -0.01566195 0.10000000
      vertex 0.44402534 -0.01629942 0.10000000
    endloop
  endfacet
  facet normal 0.000000e+00 0.000000e+00 -1.000000e+00
    outer loop
      vertex 0.49748744 0.01997463 0.10000000
      vertex 0.44402534 -0.01629942 0.10000000
      vertex 0.42847832 -0.01692422 0.10000000
    endloop
  endfacet
  facet normal 0.000000e+00 0.000000e+00 -1.000000e+00
    outer loop
      vertex 0.49748744 0.01997463 0.10000000
      vertex 0.42847832 -0.01692422 0.10000000
      vertex 0.41300751 -0.01753227 0.10000000
    endloop
  endfacet
  facet normal 0.000000e+00 0.000000e+00 -1.000000e+00
    outer loop
      vertex 0.49748744 0.01997463 0.10000000
      vertex 0.41300751 -0.01753227 0.10000000
      vertex 0.39766651 -0.01812014 0.10000000
    endloop
  endfacet
  facet normal 0.000000e+00 0.000000e+00 -1.000000e+00
    outer loop
      vertex 0.49748744 0.01997463 0.10000000
      vertex 0.39766651 -0.01812014 0.10000000
      vertex 0.38264479 -0.01872376 0.10000000
    endloop
  endfacet
  facet normal 0.000000e+00 0.000000e+00 -1.000000e+00
    outer loop
      vertex 0.49748744 0.01997463 0.10000000
      vertex 0.38264479 -0.01872376 0.10000000
      vertex 0.36774498 -0.01936037 0.10000000
    endloop
  endfacet
  facet normal 0.000000e+00 0.000000e+00 -1.000000e+00
    outer loop
      vertex 0.49748744 0.01997463 0.10000000
      vertex 0.36774498 -0.01936037 0.10000000
      vertex 0.35297997 -0.02002388 0.10000000
    endloop
  endfacet
  facet normal 0.000000e+00 0.000000e+00 -1.000000e+00
    outer loop
      vertex 0.49748744 0.01997463 0.10000000
      vertex 0.35297997 -0.02002388 0.10000000
      vertex 0.33836247 -0.02070795 0.10000000
    endloop
  endfacet
  facet normal 0.000000e+00 0.000000e+00 -1.000000e+00
    outer loop
      vertex 0.49748744 0.01997463 0.10000000
      vertex 0.33836247 -0.02070795 0.10000000
      vertex 0.32390500 -0.02140607 0.10000000
    endloop
  endfacet
  facet normal 0.000000e+00 0.000000e+00 -1.000000e+00
    outer loop
      vertex 0.49748744 0.01997463 0.10000000
      vertex 0.32390500 -0.02140607 0.10000000
      vertex 0.30961988 -0.02211158 0.10000000
    endloop
  endfacet
  facet normal 0.000000e+00 0.000000e+00 -1.000000e+00
    outer loop
      vertex 0.49748744 0.01997463 0.10000000
      vertex 0.30961988 -0.02211158 0.10000000
      vertex 0.29551927 -0.02281770 0.10000000
    endloop
  endfacet
  facet normal 0.000000e+00 0.000000e+00 -1.000000e+00
    outer loop
      vertex 0.49748744 0.01997463 0.10000000
      vertex 0.29551927 -0.02281770 0.10000000
      vertex 0.28161516 -0.02351758 0.10000000
    endloop
  endfacet
  facet normal 0.000000e+00 0.000000e+00 -1.000000e+00
    outer loop
      vertex 0.49748744 0.01997463 0.10000000
      vertex 0.28161516 -0.02351758 0.10000000
      vertex 0.26791933 -0.02420432 0.10000000
    endloop
  endfacet
  facet normal 0.000000e+00 0.000000e+00 -1.000000e+00
    outer loop
      vertex 0.49748744 0.01997463 0.10000000
      vertex 0.26791933 -0.02420432 0.10000000
      vertex 0.25444345 -0.02487103 0.10000000
    endloop
  endfacet
  facet normal 0.000000e+00 0.000000e+00 -1.000000e+00
    outer loop
      vertex 0.49748744 0.01997463 0.10000000
      vertex 0.25444345 -0.02487103 0.10000000
      vertex 0.24119900 -0.02551083 0.10000000
    endloop
  endfacet
  facet normal 0.000000e+00 0.000000e+00 -1.000000e+00
    outer loop
      vertex 0.49748744 0.01997463 0.10000000
      vertex 0.24119900 -0.02551083 0.10000000
      vertex 0.22819731 -0.02611692 0.10000000
    endloop
  endfacet
  facet normal 0.000000e+00 0.000000e+00 -1.000000e+00
    outer loop
      vertex 0.49748744 0.01997463 0.10000000
      vertex 0.22819731 -0.02611692 0.10000000
      vertex 0.21544958 -0.02668258 0.10000000
    endloop
  endfacet
  facet normal 0.000000e+00 0.000000e+00 -1.000000e+00
    outer loop
      vertex 0.49748744 0.01997463 0.10000000
      vertex 0.21544958 -0.02668258 0.10000000
      vertex 0.20296686 -0.02720120 0.10000000
    endloop
  endfacet
  facet normal 0.000000e+00 0.000000e+00 -1.000000e+00
    outer loop
      vertex 0.49748744 0.01997463 0.10000000
      vertex 0.20296686 -0.02720120 0.10000000
      vertex 0.19076005 -0.02766635 0.10000000
    endloop
  endfacet
  facet normal 0.000000e+00 0.000000e+00 -1.000000e+00
    outer loop
      vertex 0.49748744 0.01997463 0.10000000
      vertex 0.19076005 -0.02766635 0.10000000
      vertex 0.17883995 -0.02807172 0.10000000
    endloop
  endfacet
  facet normal 0.000000e+00 0.000000e+00 -1.000000e+00
    outer loop
      vertex 0.49748744 0.01997463 0.10000000
      vertex 0.17883995 -0.02807172 0.10000000
      vertex 0.16721720 -0.02841123 0.10000000
    endloop
  endfacet
  facet normal 0.000000e+00 0.000000e+00 -1.000000e+00
    outer loop
      vertex 0.49748744 0.01997463 0.10000000
      vertex 0.16721720 -0.02841123 0.10000000
      vertex 0.15590229 -0.02867899 0.10000000
    endloop
  endfacet
  facet normal 0.000000e+00 0.000000e+00 -1.000000e+00
    outer loop
      vertex 0.49748744 0.01997463 0.10000000
      vertex 0.15590229 -0.02867899 0.10000000
      vertex 0.14490562 -0.02886934 0.10000000
    endloop
  endfacet
  facet normal 0.000000e+00 0.000000e+00 -1.000000e+00
    outer loop
      vertex 0.49748744 0.01997463 0.10000000
      vertex 0.14490562 -0.02886934 0.10000000
      vertex 0.13423739 -0.02897685 0.10000000
    endloop
  endfacet
  facet normal 0.000000e+00 0.000000e+00 -1.000000e+00
    outer loop
      vertex 0.49748744 0.01997463 0.10000000
      vertex 0.13423739 -0.02897685 0.10000000
      vertex 0.12390771 -0.02899635 0.10000000
    endloop
  endfacet
  facet normal 0.000000e+00 0.000000e+00 -1.000000e+00
    outer loop
      vertex 0.49748744 0.01997463 0.10000000
      vertex 0.12390771 -0.02899635 0.10000000
      vertex 0.11392650 -0.02892294 0.10000000
    endloop
  endfacet
  facet normal 0.000000e+00 0.000000e+00 -1.000000e+00
    outer loop
      vertex 0.49748744 0.01997463 0.10000000
      vertex 0.11392650 -0.02892294 0.10000000
      vertex 0.10430353 -0.02875195 0.10000000
    endloop
  endfacet
  facet normal 0.000000e+00 0.000000e+00 -1.000000e+00
    outer loop
      vertex 0.49748744 0.01997463 0.10000000
      vertex 0.10430353 -0.02875195 0.10000000
      vertex 0.09504838 -0.02847902 0.10000000
    endloop
  endfacet
  facet normal 0.000000e+00 0.000000e+00 -1.000000e+00
    outer loop
      vertex 0.49748744 0.01997463 0.10000000
      vertex 0.09504838 -0.02847902 0.10000000
      vertex 0.08617046 -0.02810003 0.10000000
    endloop
  endfacet
  facet normal 0.000000e+00 0.000000e+00 -1.000000e+00
    outer loop
      vertex 0.49748744 0.01997463 0.10000000
      vertex 0.08617046 -0.02810003 0.10000000
      vertex 0.07767897 -0.02761114 0.10000000
    endloop
  endfacet
  facet normal 0.000000e+00 0.000000e+00 -1.000000e+00
    outer loop
      vertex 0.49748744 0.01997463 0.10000000
      vertex 0.07767897 -0.02761114 0.10000000
      vertex 0.06958288 -0.02700880 0.10000000
    endloop
  endfacet
  facet normal 0.000000e+00 0.000000e+00 -1.000000e+00
    outer loop
      vertex 0.49748744 0.01997463 0.10000000
      vertex 0.06958288 -0.02700880 0.10000000
      vertex 0.06189094 -0.02628971 0.10000000
    endloop
  endfacet
  facet normal 0.000000e+00 0.000000e+00 -1.000000e+00
    outer loop
      vertex 0.49748744 0.01997463 0.10000000
      vertex 0.06189094 -0.02628971 0.10000000
      vertex 0.05461163 -0.02545082 0.10000000
    endloop
  endfacet
  facet normal 0.000000e+00 0.000000e+00 -1.000000e+00
    outer loop
      vertex 0.49748744 0.01997463 0.10000000
      vertex 0.05461163 -0.02545082 0.10000000
      vertex 0.04775317 -0.02448935 0.10000000
    endloop
  endfacet
  facet normal 0.000000e+00 0.000000e+00 -1.000000e+00
    outer loop
      vertex 0.49748744 0.01997463 0.10000000
      vertex 0.04775317 -0.02448935 0.10000000
      vertex 0.04132346 -0.02340279 0.10000000
    endloop
  endfacet
  facet normal 0.000000e+00 0.000000e+00 -1.000000e+00
    outer loop
      vertex 0.49748744 0.01997463 0.10000000
      vertex 0.04132346 -0.02340279 0.10000000
      vertex 0.03533011 -0.02218886 0.10000000
    endloop
  endfacet
  facet normal 0.000000e+00 0.000000e+00 -1.000000e+00
    outer loop
      vertex 0.49748744 0.01997463 0.10000000
      vertex 0.03533011 -0.02218886 0.10000000
      vertex 0.02978038 -0.02084549 0.10000000
    endloop
  endfacet
  facet normal 0.000000e+00 0.000000e+00 -1.000000e+00
    outer loop
      vertex 0.49748744 0.01997463 0.10000000
      vertex 0.02978038 -0.02084549 0.10000000
      vertex 0.02468118 -0.01937089 0.10000000
    endloop
  endfacet
  facet normal 0.000000e+00 0.000000e+00 -1.000000e+00
    outer loop
      vertex 0.49748744 0.01997463 0.10000000
      vertex 0.02468118 -0.01937089 0.10000000
      vertex 0.02003902 -0.01776346 0.10000000
    endloop
  endfacet
  facet normal 0.000000e+00 0.000000e+00 -1.000000e+00
    outer loop
      vertex 0.49748744 0.01997463 0.10000000
      vertex 0.02003902 -0.01776346 0.10000000
      vertex 0.01586005 -0.01602183 0.10000000
    endloop
  endfacet
  facet normal 0.000000e+00 0.000000e+00 -1.000000e+00
    outer loop
      vertex 0.49748744 0.01997463 0.10000000
      vertex 0.01586005 -0.01602183 0.10000000
      vertex 0.01214998 -0.01414483 0.10000000
    endloop
  endfacet
  facet normal 0.000000e+00 0.000000e+00 -1.000000e+00
    outer loop
      vertex 0.49748744 0.01997463 0.10000000
      vertex 0.01214998 -0.01414483 0.10000000
      vertex 0.00891409 -0.01213149 0.10000000
    endloop
  endfacet
  facet normal 0.000000e+00 0.000000e+00 -1.000000e+00
    outer loop
      vertex 0.49748744 0.01997463 0.10000000
      vertex 0.00891409 -0.01213149 0.10000000
      vertex 0.00615722 -0.00998107 0.10000000
    endloop
  endfacet
  facet normal 0.000000e+00 0.000000e+00 -1.000000e+00
    outer loop
      vertex 0.49748744 0.01997463 0.10000000
      vertex 0.00615722 -0.00998107 0.10000000
      vertex 0.00388372 -0.00769299 0.10000000
    endloop
  endfacet
  facet normal 0.000000e+00 0.000000e+00 -1.000000e+00
    outer loop
      vertex 0.49748744 0.01997463 0.10000000
      vertex 0.00388372 -0.00769299 0.10000000
      vertex 0.00209750 -0.00526687 0.10000000
    endloop
  endfacet
  facet normal 0.000000e+00 0.000000e+00 -1.000000e+00
    outer loop
      vertex 0.49748744 0.01997463 0.10000000
      vertex 0.00209750 -0.00526687 0.10000000
      vertex 0.00080196 -0.00270254 0.10000000
    endloop
  endfacet
  facet normal 0.000000e+00 0.000000e+00 -1.000000e+00
    outer loop
      vertex 0.49748744 0.01997463 0.10000000
      vertex 0.00080196 -0.00270254 0.10000000
      vertex 0.00000000 0.00000000 0.10000000
    endloop
  endfacet
  facet normal 0.000000e+00 0.000000e+00 0.000000e+00
    outer loop
      vertex 0.49748744 0.01997463 0.10000000
      vertex 0.00000000 0.00000000 0.10000000
      vertex 0.00000000 0.00000000 0.10000000
    endloop
  endfacet
endsolid NACA4412
