solid NACA0012
  facet normal -9.960038e-01 8.931044e-02 0.000000e+00
    outer loop
      vertex 0.00000000 0.00000000 0.00000000
      vertex 0.00000000 0.00000000 0.10000000
      vertex 0.00025173 0.00280732 0.10000000
    endloop
  endfacet
  facet normal -9.960038e-01 8.931044e-02 0.000000e+00
    outer loop
      vertex 0.00000000 0.00000000 0.00000000
      vertex 0.00025173 0.00280732 0.10000000
      vertex 0.00025173 0.00280732 0.00000000
    endloop
  endfacet
  facet normal -9.647708e-01 2.630917e-01 0.000000e+00
    outer loop
      vertex 0.00025173 0.00280732 0.00000000
      vertex 0.00025173 0.00280732 0.10000000
      vertex 0.00100666 0.00557570 0.10000000
    endloop
  endfacet
  facet normal -9.647708e-01 2.630917e-01 0.000000e+00
    outer loop
      vertex 0.00025173 0.00280732 0.00000000
      vertex 0.00100666 0.00557570 0.10000000
      vertex 0.00100666 0.00557570 0.00000000
    endloop
  endfacet
  facet normal -9.081924e-01 4.185530e-01 0.000000e+00
    outer loop
      vertex 0.00100666 0.00557570 0.00000000
      vertex 0.00100666 0.00557570 0.10000000
      vertex 0.00226404 0.00830400 0.10000000
    endloop
  endfacet
  facet normal -9.081924e-01 4.185530e-01 0.000000e+00
    outer loop
      vertex 0.00100666 0.00557570 0.00000000
      vertex 0.00226404 0.00830400 0.10000000
      vertex 0.00226404 0.00830400 0.00000000
    endloop
  endfacet
  facet normal -8.367149e-01 5.476387e-01 0.000000e+00
    outer loop
      vertex 0.00226404 0.00830400 0.00000000
      vertex 0.00226404 0.00830400 0.10000000
      vertex 0.00402259 0.01099083 0.10000000
    endloop
  endfacet
  facet normal -8.367149e-01 5.476387e-01 0.000000e+00
    outer loop
      vertex 0.00226404 0.00830400 0.00000000
      vertex 0.00402259 0.01099083 0.10000000
      vertex 0.00402259 0.01099083 0.00000000
    endloop
  endfacet
  facet normal -7.603984e-01 6.494569e-01 0.000000e+00
    outer loop
      vertex 0.00402259 0.01099083 0.00000000
      vertex 0.00402259 0.01099083 0.10000000
      vertex 0.00628056 0.01363450 0.10000000
    endloop
  endfacet
  facet normal -7.603984e-01 6.494569e-01 0.000000e+00
    outer loop
      vertex 0.00402259 0.01099083 0.00000000
      vertex 0.00628056 0.01363450 0.10000000
      vertex 0.00628056 0.01363450 0.00000000
    endloop
  endfacet
  facet normal -6.861429e-01 7.274667e-01 0.000000e+00
    outer loop
      vertex 0.00628056 0.01363450 0.00000000
      vertex 0.00628056 0.01363450 0.10000000
      vertex 0.00903565 0.01623309 0.10000000
    endloop
  endfacet
  facet normal -6.861429e-01 7.274667e-01 0.000000e+00
    outer loop
      vertex 0.00628056 0.01363450 0.00000000
      vertex 0.00903565 0.01623309 0.10000000
      vertex 0.00903565 0.01623309 0.00000000
    endloop
  endfacet
  facet normal -6.175529e-01 7.865293e-01 0.000000e+00
    outer loop
      vertex 0.00903565 0.01623309 0.00000000
      vertex 0.00903565 0.01623309 0.10000000
      vertex 0.01228511 0.01878444 0.10000000
    endloop
  endfacet
  facet normal -6.175529e-01 7.865293e-01 0.000000e+00
    outer loop
      vertex 0.00903565 0.01623309 0.00000000
      vertex 0.01228511 0.01878444 0.10000000
      vertex 0.01228511 0.01878444 0.00000000
    endloop
  endfacet
  facet normal -5.559343e-01 8.312262e-01 0.000000e+00
    outer loop
      vertex 0.01228511 0.01878444 0.00000000
      vertex 0.01228511 0.01878444 0.10000000
      vertex 0.01602565 0.02128616 0.10000000
    endloop
  endfacet
  facet normal -5.559343e-01 8.312262e-01 0.000000e+00
    outer loop
      vertex 0.01228511 0.01878444 0.00000000
      vertex 0.01602565 0.02128616 0.10000000
      vertex 0.01602565 0.02128616 0.00000000
    endloop
  endfacet
  facet normal -5.013121e-01 8.652665e-01 0.000000e+00
    outer loop
      vertex 0.01602565 0.02128616 0.00000000
      vertex 0.01602565 0.02128616 0.10000000
      vertex 0.02025351 0.02373567 0.10000000
    endloop
  endfacet
  facet normal -5.013121e-01 8.652665e-01 0.000000e+00
    outer loop
      vertex 0.01602565 0.02128616 0.00000000
      vertex 0.02025351 0.02373567 0.10000000
      vertex 0.02025351 0.02373567 0.00000000
    endloop
  endfacet
  facet normal -4.531196e-01 8.914497e-01 0.000000e+00
    outer loop
      vertex 0.02025351 0.02373567 0.00000000
      vertex 0.02025351 0.02373567 0.10000000
      vertex 0.02496444 0.02613021 0.10000000
    endloop
  endfacet
  facet normal -4.531196e-01 8.914497e-01 0.000000e+00
    outer loop
      vertex 0.02025351 0.02373567 0.00000000
      vertex 0.02496444 0.02613021 0.10000000
      vertex 0.02496444 0.02613021 0.00000000
    endloop
  endfacet
  facet normal -4.105847e-01 9.118225e-01 0.000000e+00
    outer loop
      vertex 0.02496444 0.02613021 0.00000000
      vertex 0.02496444 0.02613021 0.10000000
      vertex 0.03015369 0.02846688 0.10000000
    endloop
  endfacet
  facet normal -4.105847e-01 9.118225e-01 0.000000e+00
    outer loop
      vertex 0.02496444 0.02613021 0.00000000
      vertex 0.03015369 0.02846688 0.10000000
      vertex 0.03015369 0.02846688 0.00000000
    endloop
  endfacet
  facet normal -3.729197e-01 9.278636e-01 0.000000e+00
    outer loop
      vertex 0.03015369 0.02846688 0.00000000
      vertex 0.03015369 0.02846688 0.10000000
      vertex 0.03581603 0.03074264 0.10000000
    endloop
  endfacet
  facet normal -3.729197e-01 9.278636e-01 0.000000e+00
    outer loop
      vertex 0.03015369 0.02846688 0.00000000
      vertex 0.03581603 0.03074264 0.10000000
      vertex 0.03581603 0.03074264 0.00000000
    endloop
  endfacet
  facet normal -3.394036e-01 9.406408e-01 0.000000e+00
    outer loop
      vertex 0.03581603 0.03074264 0.00000000
      vertex 0.03581603 0.03074264 0.10000000
      vertex 0.04194577 0.03295439 0.10000000
    endloop
  endfacet
  facet normal -3.394036e-01 9.406408e-01 0.000000e+00
    outer loop
      vertex 0.03581603 0.03074264 0.00000000
      vertex 0.04194577 0.03295439 0.10000000
      vertex 0.04194577 0.03295439 0.00000000
    endloop
  endfacet
  facet normal -3.094093e-01 9.509290e-01 0.000000e+00
    outer loop
      vertex 0.04194577 0.03295439 0.00000000
      vertex 0.04194577 0.03295439 0.10000000
      vertex 0.04853673 0.03509893 0.10000000
    endloop
  endfacet
  facet normal -3.094093e-01 9.509290e-01 0.000000e+00
    outer loop
      vertex 0.04194577 0.03295439 0.00000000
      vertex 0.04853673 0.03509893 0.10000000
      vertex 0.04853673 0.03509893 0.00000000
    endloop
  endfacet
  facet normal -2.824050e-01 9.592953e-01 0.000000e+00
    outer loop
      vertex 0.04853673 0.03509893 0.00000000
      vertex 0.04853673 0.03509893 0.10000000
      vertex 0.05558228 0.03717305 0.10000000
    endloop
  endfacet
  facet normal -2.824050e-01 9.592953e-01 0.000000e+00
    outer loop
      vertex 0.04853673 0.03509893 0.00000000
      vertex 0.05558228 0.03717305 0.10000000
      vertex 0.05558228 0.03717305 0.00000000
    endloop
  endfacet
  facet normal -2.579462e-01 9.661593e-01 0.000000e+00
    outer loop
      vertex 0.05558228 0.03717305 0.00000000
      vertex 0.05558228 0.03717305 0.10000000
      vertex 0.06307531 0.03917355 0.10000000
    endloop
  endfacet
  facet normal -2.579462e-01 9.661593e-01 0.000000e+00
    outer loop
      vertex 0.05558228 0.03717305 0.00000000
      vertex 0.06307531 0.03917355 0.10000000
      vertex 0.06307531 0.03917355 0.00000000
    endloop
  endfacet
  facet normal -2.356638e-01 9.718346e-01 0.000000e+00
    outer loop
      vertex 0.06307531 0.03917355 0.00000000
      vertex 0.06307531 0.03917355 0.10000000
      vertex 0.07100829 0.04109725 0.10000000
    endloop
  endfacet
  facet normal -2.356638e-01 9.718346e-01 0.000000e+00
    outer loop
      vertex 0.06307531 0.03917355 0.00000000
      vertex 0.07100829 0.04109725 0.10000000
      vertex 0.07100829 0.04109725 0.00000000
    endloop
  endfacet
  facet normal -2.152515e-01 9.765586e-01 0.000000e+00
    outer loop
      vertex 0.07100829 0.04109725 0.00000000
      vertex 0.07100829 0.04109725 0.10000000
      vertex 0.07937323 0.04294103 0.10000000
    endloop
  endfacet
  facet normal -2.152515e-01 9.765586e-01 0.000000e+00
    outer loop
      vertex 0.07100829 0.04109725 0.00000000
      vertex 0.07937323 0.04294103 0.10000000
      vertex 0.07937323 0.04294103 0.00000000
    endloop
  endfacet
  facet normal -1.964559e-01 9.805127e-01 0.000000e+00
    outer loop
      vertex 0.07937323 0.04294103 0.00000000
      vertex 0.07937323 0.04294103 0.10000000
      vertex 0.08816171 0.04470190 0.10000000
    endloop
  endfacet
  facet normal -1.964559e-01 9.805127e-01 0.000000e+00
    outer loop
      vertex 0.07937323 0.04294103 0.00000000
      vertex 0.08816171 0.04470190 0.10000000
      vertex 0.08816171 0.04470190 0.00000000
    endloop
  endfacet
  facet normal -1.790662e-01 9.838370e-01 0.000000e+00
    outer loop
      vertex 0.08816171 0.04470190 0.00000000
      vertex 0.08816171 0.04470190 0.10000000
      vertex 0.09736487 0.04637694 0.10000000
    endloop
  endfacet
  facet normal -1.790662e-01 9.838370e-01 0.000000e+00
    outer loop
      vertex 0.08816171 0.04470190 0.00000000
      vertex 0.09736487 0.04637694 0.10000000
      vertex 0.09736487 0.04637694 0.00000000
    endloop
  endfacet
  facet normal -1.629076e-01 9.866413e-01 0.000000e+00
    outer loop
      vertex 0.09736487 0.04637694 0.00000000
      vertex 0.09736487 0.04637694 0.10000000
      vertex 0.10697345 0.04796345 0.10000000
    endloop
  endfacet
  facet normal -1.629076e-01 9.866413e-01 0.000000e+00
    outer loop
      vertex 0.09736487 0.04637694 0.00000000
      vertex 0.10697345 0.04796345 0.10000000
      vertex 0.10697345 0.04796345 0.00000000
    endloop
  endfacet
  facet normal -1.478338e-01 9.890122e-01 0.000000e+00
    outer loop
      vertex 0.10697345 0.04796345 0.00000000
      vertex 0.10697345 0.04796345 0.10000000
      vertex 0.11697778 0.04945886 0.10000000
    endloop
  endfacet
  facet normal -1.478338e-01 9.890122e-01 0.000000e+00
    outer loop
      vertex 0.10697345 0.04796345 0.00000000
      vertex 0.11697778 0.04945886 0.10000000
      vertex 0.11697778 0.04945886 0.00000000
    endloop
  endfacet
  facet normal -1.337228e-01 9.910188e-01 0.000000e+00
    outer loop
      vertex 0.11697778 0.04945886 0.00000000
      vertex 0.11697778 0.04945886 0.10000000
      vertex 0.12736778 0.05086083 0.10000000
    endloop
  endfacet
  facet normal -1.337228e-01 9.910188e-01 0.000000e+00
    outer loop
      vertex 0.11697778 0.04945886 0.00000000
      vertex 0.12736778 0.05086083 0.10000000
      vertex 0.12736778 0.05086083 0.00000000
    endloop
  endfacet
  facet normal -1.204720e-01 9.927167e-01 0.000000e+00
    outer loop
      vertex 0.12736778 0.05086083 0.00000000
      vertex 0.12736778 0.05086083 0.10000000
      vertex 0.13813298 0.05216725 0.10000000
    endloop
  endfacet
  facet normal -1.204720e-01 9.927167e-01 0.000000e+00
    outer loop
      vertex 0.12736778 0.05086083 0.00000000
      vertex 0.13813298 0.05216725 0.10000000
      vertex 0.13813298 0.05216725 0.00000000
    endloop
  endfacet
  facet normal -1.079949e-01 9.941515e-01 0.000000e+00
    outer loop
      vertex 0.13813298 0.05216725 0.00000000
      vertex 0.13813298 0.05216725 0.10000000
      vertex 0.14926256 0.05337626 0.10000000
    endloop
  endfacet
  facet normal -1.079949e-01 9.941515e-01 0.000000e+00
    outer loop
      vertex 0.13813298 0.05216725 0.00000000
      vertex 0.14926256 0.05337626 0.10000000
      vertex 0.14926256 0.05337626 0.00000000
    endloop
  endfacet
  facet normal -9.621856e-02 9.953602e-01 0.000000e+00
    outer loop
      vertex 0.14926256 0.05337626 0.00000000
      vertex 0.14926256 0.05337626 0.10000000
      vertex 0.16074529 0.05448626 0.10000000
    endloop
  endfacet
  facet normal -9.621856e-02 9.953602e-01 0.000000e+00
    outer loop
      vertex 0.14926256 0.05337626 0.00000000
      vertex 0.16074529 0.05448626 0.10000000
      vertex 0.16074529 0.05448626 0.00000000
    endloop
  endfacet
  facet normal -8.508106e-02 9.963740e-01 0.000000e+00
    outer loop
      vertex 0.16074529 0.05448626 0.00000000
      vertex 0.16074529 0.05448626 0.10000000
      vertex 0.17256963 0.05549595 0.10000000
    endloop
  endfacet
  facet normal -8.508106e-02 9.963740e-01 0.000000e+00
    outer loop
      vertex 0.16074529 0.05448626 0.00000000
      vertex 0.17256963 0.05549595 0.10000000
      vertex 0.17256963 0.05549595 0.00000000
    endloop
  endfacet
  facet normal -7.452957e-02 9.972188e-01 0.000000e+00
    outer loop
      vertex 0.17256963 0.05549595 0.00000000
      vertex 0.17256963 0.05549595 0.10000000
      vertex 0.18472367 0.05640431 0.10000000
    endloop
  endfacet
  facet normal -7.452957e-02 9.972188e-01 0.000000e+00
    outer loop
      vertex 0.17256963 0.05549595 0.00000000
      vertex 0.18472367 0.05640431 0.10000000
      vertex 0.18472367 0.05640431 0.00000000
    endloop
  endfacet
  facet normal -6.451889e-02 9.979165e-01 0.000000e+00
    outer loop
      vertex 0.18472367 0.05640431 0.00000000
      vertex 0.18472367 0.05640431 0.10000000
      vertex 0.19719516 0.05721064 0.10000000
    endloop
  endfacet
  facet normal -6.451889e-02 9.979165e-01 0.000000e+00
    outer loop
      vertex 0.18472367 0.05640431 0.00000000
      vertex 0.19719516 0.05721064 0.10000000
      vertex 0.19719516 0.05721064 0.00000000
    endloop
  endfacet
  facet normal -5.501015e-02 9.984858e-01 0.000000e+00
    outer loop
      vertex 0.19719516 0.05721064 0.00000000
      vertex 0.19719516 0.05721064 0.10000000
      vertex 0.20997155 0.05791453 0.10000000
    endloop
  endfacet
  facet normal -5.501015e-02 9.984858e-01 0.000000e+00
    outer loop
      vertex 0.19719516 0.05721064 0.00000000
      vertex 0.20997155 0.05791453 0.10000000
      vertex 0.20997155 0.05791453 0.00000000
    endloop
  endfacet
  facet normal -4.596970e-02 9.989428e-01 0.000000e+00
    outer loop
      vertex 0.20997155 0.05791453 0.00000000
      vertex 0.20997155 0.05791453 0.10000000
      vertex 0.22303997 0.05851592 0.10000000
    endloop
  endfacet
  facet normal -4.596970e-02 9.989428e-01 0.000000e+00
    outer loop
      vertex 0.20997155 0.05791453 0.00000000
      vertex 0.22303997 0.05851592 0.10000000
      vertex 0.22303997 0.05851592 0.00000000
    endloop
  endfacet
  facet normal -3.736820e-02 9.993016e-01 0.000000e+00
    outer loop
      vertex 0.22303997 0.05851592 0.00000000
      vertex 0.22303997 0.05851592 0.10000000
      vertex 0.23638727 0.05901503 0.10000000
    endloop
  endfacet
  facet normal -3.736820e-02 9.993016e-01 0.000000e+00
    outer loop
      vertex 0.22303997 0.05851592 0.00000000
      vertex 0.23638727 0.05901503 0.10000000
      vertex 0.23638727 0.05901503 0.00000000
    endloop
  endfacet
  facet normal -2.917995e-02 9.995742e-01 0.000000e+00
    outer loop
      vertex 0.23638727 0.05901503 0.00000000
      vertex 0.23638727 0.05901503 0.10000000
      vertex 0.25000000 0.05941242 0.10000000
    endloop
  endfacet
  facet normal -2.917995e-02 9.995742e-01 0.000000e+00
    outer loop
      vertex 0.23638727 0.05901503 0.00000000
      vertex 0.25000000 0.05941242 0.10000000
      vertex 0.25000000 0.05941242 0.00000000
    endloop
  endfacet
  facet normal -2.138219e-02 9.997714e-01 0.000000e+00
    outer loop
      vertex 0.25000000 0.05941242 0.00000000
      vertex 0.25000000 0.05941242 0.10000000
      vertex 0.26386446 0.05970894 0.10000000
    endloop
  endfacet
  facet normal -2.138219e-02 9.997714e-01 0.000000e+00
    outer loop
      vertex 0.25000000 0.05941242 0.00000000
      vertex 0.26386446 0.05970894 0.10000000
      vertex 0.26386446 0.05970894 0.00000000
    endloop
  endfacet
  facet normal -1.395459e-02 9.999026e-01 0.000000e+00
    outer loop
      vertex 0.26386446 0.05970894 0.00000000
      vertex 0.26386446 0.05970894 0.10000000
      vertex 0.27796669 0.05990575 0.10000000
    endloop
  endfacet
  facet normal -1.395459e-02 9.999026e-01 0.000000e+00
    outer loop
      vertex 0.26386446 0.05970894 0.00000000
      vertex 0.27796669 0.05990575 0.10000000
      vertex 0.27796669 0.05990575 0.00000000
    endloop
  endfacet
  facet normal -6.878855e-03 9.999763e-01 0.000000e+00
    outer loop
      vertex 0.27796669 0.05990575 0.00000000
      vertex 0.27796669 0.05990575 0.10000000
      vertex 0.29229249 0.06000430 0.10000000
    endloop
  endfacet
  facet normal -6.878855e-03 9.999763e-01 0.000000e+00
    outer loop
      vertex 0.27796669 0.05990575 0.00000000
      vertex 0.29229249 0.06000430 0.10000000
      vertex 0.29229249 0.06000430 0.00000000
    endloop
  endfacet
  facet normal -1.383011e-04 1.000000e+00 0.000000e+00
    outer loop
      vertex 0.29229249 0.06000430 0.00000000
      vertex 0.29229249 0.06000430 0.10000000
      vertex 0.30682744 0.06000631 0.10000000
    endloop
  endfacet
  facet normal -1.383011e-04 1.000000e+00 0.000000e+00
    outer loop
      vertex 0.29229249 0.06000430 0.00000000
      vertex 0.30682744 0.06000631 0.10000000
      vertex 0.30682744 0.06000631 0.00000000
    endloop
  endfacet
  facet normal 6.282411e-03 9.999803e-01 -0.000000e+00
    outer loop
      vertex 0.30682744 0.06000631 0.00000000
      vertex 0.30682744 0.06000631 0.10000000
      vertex 0.32155689 0.05991377 0.10000000
    endloop
  endfacet
  facet normal 6.282411e-03 9.999803e-01 0.000000e+00
    outer loop
      vertex 0.30682744 0.06000631 0.00000000
      vertex 0.32155689 0.05991377 0.10000000
      vertex 0.32155689 0.05991377 0.00000000
    endloop
  endfacet
  facet normal 1.239755e-02 9.999231e-01 -0.000000e+00
    outer loop
      vertex 0.32155689 0.05991377 0.00000000
      vertex 0.32155689 0.05991377 0.10000000
      vertex 0.33646602 0.05972892 0.10000000
    endloop
  endfacet
  facet normal 1.239755e-02 9.999231e-01 0.000000e+00
    outer loop
      vertex 0.32155689 0.05991377 0.00000000
      vertex 0.33646602 0.05972892 0.10000000
      vertex 0.33646602 0.05972892 0.00000000
    endloop
  endfacet
  facet normal 1.822052e-02 9.998340e-01 -0.000000e+00
    outer loop
      vertex 0.33646602 0.05972892 0.00000000
      vertex 0.33646602 0.05972892 0.10000000
      vertex 0.35153981 0.05945422 0.10000000
    endloop
  endfacet
  facet normal 1.822052e-02 9.998340e-01 0.000000e+00
    outer loop
      vertex 0.33646602 0.05972892 0.00000000
      vertex 0.35153981 0.05945422 0.10000000
      vertex 0.35153981 0.05945422 0.00000000
    endloop
  endfacet
  facet normal 2.376404e-02 9.997176e-01 -0.000000e+00
    outer loop
      vertex 0.35153981 0.05945422 0.00000000
      vertex 0.35153981 0.05945422 0.10000000
      vertex 0.36676309 0.05909235 0.10000000
    endloop
  endfacet
  facet normal 2.376404e-02 9.997176e-01 0.000000e+00
    outer loop
      vertex 0.35153981 0.05945422 0.00000000
      vertex 0.36676309 0.05909235 0.10000000
      vertex 0.36676309 0.05909235 0.00000000
    endloop
  endfacet
  facet normal 2.904028e-02 9.995782e-01 -0.000000e+00
    outer loop
      vertex 0.36676309 0.05909235 0.00000000
      vertex 0.36676309 0.05909235 0.10000000
      vertex 0.38212053 0.05864618 0.10000000
    endloop
  endfacet
  facet normal 2.904028e-02 9.995782e-01 0.000000e+00
    outer loop
      vertex 0.36676309 0.05909235 0.00000000
      vertex 0.38212053 0.05864618 0.10000000
      vertex 0.38212053 0.05864618 0.00000000
    endloop
  endfacet
  facet normal 3.406098e-02 9.994198e-01 -0.000000e+00
    outer loop
      vertex 0.38212053 0.05864618 0.00000000
      vertex 0.38212053 0.05864618 0.10000000
      vertex 0.39759667 0.05811874 0.10000000
    endloop
  endfacet
  facet normal 3.406098e-02 9.994198e-01 0.000000e+00
    outer loop
      vertex 0.38212053 0.05864618 0.00000000
      vertex 0.39759667 0.05811874 0.10000000
      vertex 0.39759667 0.05811874 0.00000000
    endloop
  endfacet
  facet normal 3.883752e-02 9.992455e-01 -0.000000e+00
    outer loop
      vertex 0.39759667 0.05811874 0.00000000
      vertex 0.39759667 0.05811874 0.10000000
      vertex 0.41317591 0.05751323 0.10000000
    endloop
  endfacet
  facet normal 3.883752e-02 9.992455e-01 0.000000e+00
    outer loop
      vertex 0.39759667 0.05811874 0.00000000
      vertex 0.41317591 0.05751323 0.10000000
      vertex 0.41317591 0.05751323 0.00000000
    endloop
  endfacet
  facet normal 4.338103e-02 9.990586e-01 -0.000000e+00
    outer loop
      vertex 0.41317591 0.05751323 0.00000000
      vertex 0.41317591 0.05751323 0.10000000
      vertex 0.42884258 0.05683295 0.10000000
    endloop
  endfacet
  facet normal 4.338103e-02 9.990586e-01 0.000000e+00
    outer loop
      vertex 0.41317591 0.05751323 0.00000000
      vertex 0.42884258 0.05683295 0.10000000
      vertex 0.42884258 0.05683295 0.00000000
    endloop
  endfacet
  facet normal 4.770241e-02 9.988616e-01 -0.000000e+00
    outer loop
      vertex 0.42884258 0.05683295 0.00000000
      vertex 0.42884258 0.05683295 0.10000000
      vertex 0.44458090 0.05608134 0.10000000
    endloop
  endfacet
  facet normal 4.770241e-02 9.988616e-01 0.000000e+00
    outer loop
      vertex 0.42884258 0.05683295 0.00000000
      vertex 0.44458090 0.05608134 0.10000000
      vertex 0.44458090 0.05608134 0.00000000
    endloop
  endfacet
  facet normal 5.181239e-02 9.986568e-01 -0.000000e+00
    outer loop
      vertex 0.44458090 0.05608134 0.00000000
      vertex 0.44458090 0.05608134 0.10000000
      vertex 0.46037502 0.05526191 0.10000000
    endloop
  endfacet
  facet normal 5.181239e-02 9.986568e-01 0.000000e+00
    outer loop
      vertex 0.44458090 0.05608134 0.00000000
      vertex 0.46037502 0.05526191 0.10000000
      vertex 0.46037502 0.05526191 0.00000000
    endloop
  endfacet
  facet normal 5.572151e-02 9.984463e-01 -0.000000e+00
    outer loop
      vertex 0.46037502 0.05526191 0.00000000
      vertex 0.46037502 0.05526191 0.10000000
      vertex 0.47620904 0.05437824 0.10000000
    endloop
  endfacet
  facet normal 5.572151e-02 9.984463e-01 0.000000e+00
    outer loop
      vertex 0.46037502 0.05526191 0.00000000
      vertex 0.47620904 0.05437824 0.10000000
      vertex 0.47620904 0.05437824 0.00000000
    endloop
  endfacet
  facet normal 5.944019e-02 9.982319e-01 -0.000000e+00
    outer loop
      vertex 0.47620904 0.05437824 0.00000000
      vertex 0.47620904 0.05437824 0.10000000
      vertex 0.49206702 0.05343397 0.10000000
    endloop
  endfacet
  facet normal 5.944019e-02 9.982319e-01 0.000000e+00
    outer loop
      vertex 0.47620904 0.05437824 0.00000000
      vertex 0.49206702 0.05343397 0.10000000
      vertex 0.49206702 0.05343397 0.00000000
    endloop
  endfacet
  facet normal 6.297869e-02 9.980149e-01 -0.000000e+00
    outer loop
      vertex 0.49206702 0.05343397 0.00000000
      vertex 0.49206702 0.05343397 0.10000000
      vertex 0.50793298 0.05243276 0.10000000
    endloop
  endfacet
  facet normal 6.297869e-02 9.980149e-01 0.000000e+00
    outer loop
      vertex 0.49206702 0.05343397 0.00000000
      vertex 0.50793298 0.05243276 0.10000000
      vertex 0.50793298 0.05243276 0.00000000
    endloop
  endfacet
  facet normal 6.634713e-02 9.977966e-01 -0.000000e+00
    outer loop
      vertex 0.50793298 0.05243276 0.00000000
      vertex 0.50793298 0.05243276 0.10000000
      vertex 0.52379096 0.05137831 0.10000000
    endloop
  endfacet
  facet normal 6.634713e-02 9.977966e-01 0.000000e+00
    outer loop
      vertex 0.50793298 0.05243276 0.00000000
      vertex 0.52379096 0.05137831 0.10000000
      vertex 0.52379096 0.05137831 0.00000000
    endloop
  endfacet
  facet normal 6.955545e-02 9.975781e-01 -0.000000e+00
    outer loop
      vertex 0.52379096 0.05137831 0.00000000
      vertex 0.52379096 0.05137831 0.10000000
      vertex 0.53962498 0.05027429 0.10000000
    endloop
  endfacet
  facet normal 6.955545e-02 9.975781e-01 0.000000e+00
    outer loop
      vertex 0.52379096 0.05137831 0.00000000
      vertex 0.53962498 0.05027429 0.10000000
      vertex 0.53962498 0.05027429 0.00000000
    endloop
  endfacet
  facet normal 7.261342e-02 9.973602e-01 -0.000000e+00
    outer loop
      vertex 0.53962498 0.05027429 0.00000000
      vertex 0.53962498 0.05027429 0.10000000
      vertex 0.55541910 0.04912439 0.10000000
    endloop
  endfacet
  facet normal 7.261342e-02 9.973602e-01 0.000000e+00
    outer loop
      vertex 0.53962498 0.05027429 0.00000000
      vertex 0.55541910 0.04912439 0.10000000
      vertex 0.55541910 0.04912439 0.00000000
    endloop
  endfacet
  facet normal 7.553061e-02 9.971435e-01 -0.000000e+00
    outer loop
      vertex 0.55541910 0.04912439 0.00000000
      vertex 0.55541910 0.04912439 0.10000000
      vertex 0.57115742 0.04793226 0.10000000
    endloop
  endfacet
  facet normal 7.553061e-02 9.971435e-01 0.000000e+00
    outer loop
      vertex 0.55541910 0.04912439 0.00000000
      vertex 0.57115742 0.04793226 0.10000000
      vertex 0.57115742 0.04793226 0.00000000
    endloop
  endfacet
  facet normal 7.831633e-02 9.969286e-01 -0.000000e+00
    outer loop
      vertex 0.57115742 0.04793226 0.00000000
      vertex 0.57115742 0.04793226 0.10000000
      vertex 0.58682409 0.04670152 0.10000000
    endloop
  endfacet
  facet normal 7.831633e-02 9.969286e-01 0.000000e+00
    outer loop
      vertex 0.57115742 0.04793226 0.00000000
      vertex 0.58682409 0.04670152 0.10000000
      vertex 0.58682409 0.04670152 0.00000000
    endloop
  endfacet
  facet normal 8.097966e-02 9.967158e-01 -0.000000e+00
    outer loop
      vertex 0.58682409 0.04670152 0.00000000
      vertex 0.58682409 0.04670152 0.10000000
      vertex 0.60240333 0.04543577 0.10000000
    endloop
  endfacet
  facet normal 8.097966e-02 9.967158e-01 0.000000e+00
    outer loop
      vertex 0.58682409 0.04670152 0.00000000
      vertex 0.60240333 0.04543577 0.10000000
      vertex 0.60240333 0.04543577 0.00000000
    endloop
  endfacet
  facet normal 8.352937e-02 9.965053e-01 -0.000000e+00
    outer loop
      vertex 0.60240333 0.04543577 0.00000000
      vertex 0.60240333 0.04543577 0.10000000
      vertex 0.61787947 0.04413852 0.10000000
    endloop
  endfacet
  facet normal 8.352937e-02 9.965053e-01 0.000000e+00
    outer loop
      vertex 0.60240333 0.04543577 0.00000000
      vertex 0.61787947 0.04413852 0.10000000
      vertex 0.61787947 0.04413852 0.00000000
    endloop
  endfacet
  facet normal 8.597394e-02 9.962974e-01 -0.000000e+00
    outer loop
      vertex 0.61787947 0.04413852 0.00000000
      vertex 0.61787947 0.04413852 0.10000000
      vertex 0.63323691 0.04281327 0.10000000
    endloop
  endfacet
  facet normal 8.597394e-02 9.962974e-01 0.000000e+00
    outer loop
      vertex 0.61787947 0.04413852 0.00000000
      vertex 0.63323691 0.04281327 0.10000000
      vertex 0.63323691 0.04281327 0.00000000
    endloop
  endfacet
  facet normal 8.832146e-02 9.960920e-01 -0.000000e+00
    outer loop
      vertex 0.63323691 0.04281327 0.00000000
      vertex 0.63323691 0.04281327 0.10000000
      vertex 0.64846019 0.04146346 0.10000000
    endloop
  endfacet
  facet normal 8.832146e-02 9.960920e-01 0.000000e+00
    outer loop
      vertex 0.63323691 0.04281327 0.00000000
      vertex 0.64846019 0.04146346 0.10000000
      vertex 0.64846019 0.04146346 0.00000000
    endloop
  endfacet
  facet normal 9.057966e-02 9.958892e-01 -0.000000e+00
    outer loop
      vertex 0.64846019 0.04146346 0.00000000
      vertex 0.64846019 0.04146346 0.10000000
      vertex 0.66353398 0.04009244 0.10000000
    endloop
  endfacet
  facet normal 9.057966e-02 9.958892e-01 0.000000e+00
    outer loop
      vertex 0.64846019 0.04146346 0.00000000
      vertex 0.66353398 0.04009244 0.10000000
      vertex 0.66353398 0.04009244 0.00000000
    endloop
  endfacet
  facet normal 9.275584e-02 9.956889e-01 -0.000000e+00
    outer loop
      vertex 0.66353398 0.04009244 0.00000000
      vertex 0.66353398 0.04009244 0.10000000
      vertex 0.67844311 0.03870354 0.10000000
    endloop
  endfacet
  facet normal 9.275584e-02 9.956889e-01 0.000000e+00
    outer loop
      vertex 0.66353398 0.04009244 0.00000000
      vertex 0.67844311 0.03870354 0.10000000
      vertex 0.67844311 0.03870354 0.00000000
    endloop
  endfacet
  facet normal 9.485688e-02 9.954909e-01 -0.000000e+00
    outer loop
      vertex 0.67844311 0.03870354 0.00000000
      vertex 0.67844311 0.03870354 0.10000000
      vertex 0.69317256 0.03730003 0.10000000
    endloop
  endfacet
  facet normal 9.485688e-02 9.954909e-01 0.000000e+00
    outer loop
      vertex 0.67844311 0.03870354 0.00000000
      vertex 0.69317256 0.03730003 0.10000000
      vertex 0.69317256 0.03730003 0.00000000
    endloop
  endfacet
  facet normal 9.688918e-02 9.952952e-01 -0.000000e+00
    outer loop
      vertex 0.69317256 0.03730003 0.00000000
      vertex 0.69317256 0.03730003 0.10000000
      vertex 0.70770751 0.03588509 0.10000000
    endloop
  endfacet
  facet normal 9.688918e-02 9.952952e-01 0.000000e+00
    outer loop
      vertex 0.69317256 0.03730003 0.00000000
      vertex 0.70770751 0.03588509 0.10000000
      vertex 0.70770751 0.03588509 0.00000000
    endloop
  endfacet
  facet normal 9.885864e-02 9.951015e-01 -0.000000e+00
    outer loop
      vertex 0.70770751 0.03588509 0.00000000
      vertex 0.70770751 0.03588509 0.10000000
      vertex 0.72203331 0.03446189 0.10000000
    endloop
  endfacet
  facet normal 9.885864e-02 9.951015e-01 0.000000e+00
    outer loop
      vertex 0.70770751 0.03588509 0.00000000
      vertex 0.72203331 0.03446189 0.10000000
      vertex 0.72203331 0.03446189 0.00000000
    endloop
  endfacet
  facet normal 1.007707e-01 9.949097e-01 -0.000000e+00
    outer loop
      vertex 0.72203331 0.03446189 0.00000000
      vertex 0.72203331 0.03446189 0.10000000
      vertex 0.73613554 0.03303353 0.10000000
    endloop
  endfacet
  facet normal 1.007707e-01 9.949097e-01 0.000000e+00
    outer loop
      vertex 0.72203331 0.03446189 0.00000000
      vertex 0.73613554 0.03303353 0.10000000
      vertex 0.73613554 0.03303353 0.00000000
    endloop
  endfacet
  facet normal 1.026302e-01 9.947196e-01 -0.000000e+00
    outer loop
      vertex 0.73613554 0.03303353 0.00000000
      vertex 0.73613554 0.03303353 0.10000000
      vertex 0.75000000 0.03160306 0.10000000
    endloop
  endfacet
  facet normal 1.026302e-01 9.947196e-01 0.000000e+00
    outer loop
      vertex 0.73613554 0.03303353 0.00000000
      vertex 0.75000000 0.03160306 0.10000000
      vertex 0.75000000 0.03160306 0.00000000
    endloop
  endfacet
  facet normal 1.044414e-01 9.945310e-01 -0.000000e+00
    outer loop
      vertex 0.75000000 0.03160306 0.00000000
      vertex 0.75000000 0.03160306 0.10000000
      vertex 0.76361273 0.03017351 0.10000000
    endloop
  endfacet
  facet normal 1.044414e-01 9.945310e-01 0.000000e+00
    outer loop
      vertex 0.75000000 0.03160306 0.00000000
      vertex 0.76361273 0.03017351 0.10000000
      vertex 0.76361273 0.03017351 0.00000000
    endloop
  endfacet
  facet normal 1.062083e-01 9.943439e-01 -0.000000e+00
    outer loop
      vertex 0.76361273 0.03017351 0.00000000
      vertex 0.76361273 0.03017351 0.10000000
      vertex 0.77696003 0.02874785 0.10000000
    endloop
  endfacet
  facet normal 1.062083e-01 9.943439e-01 0.000000e+00
    outer loop
      vertex 0.76361273 0.03017351 0.00000000
      vertex 0.77696003 0.02874785 0.10000000
      vertex 0.77696003 0.02874785 0.00000000
    endloop
  endfacet
  facet normal 1.079339e-01 9.941581e-01 -0.000000e+00
    outer loop
      vertex 0.77696003 0.02874785 0.00000000
      vertex 0.77696003 0.02874785 0.10000000
      vertex 0.79002845 0.02732904 0.10000000
    endloop
  endfacet
  facet normal 1.079339e-01 9.941581e-01 0.000000e+00
    outer loop
      vertex 0.77696003 0.02874785 0.00000000
      vertex 0.79002845 0.02732904 0.10000000
      vertex 0.79002845 0.02732904 0.00000000
    endloop
  endfacet
  facet normal 1.096211e-01 9.939734e-01 -0.000000e+00
    outer loop
      vertex 0.79002845 0.02732904 0.00000000
      vertex 0.79002845 0.02732904 0.10000000
      vertex 0.80280484 0.02591999 0.10000000
    endloop
  endfacet
  facet normal 1.096211e-01 9.939734e-01 0.000000e+00
    outer loop
      vertex 0.79002845 0.02732904 0.00000000
      vertex 0.80280484 0.02591999 0.10000000
      vertex 0.80280484 0.02591999 0.00000000
    endloop
  endfacet
  facet normal 1.112719e-01 9.937900e-01 -0.000000e+00
    outer loop
      vertex 0.80280484 0.02591999 0.00000000
      vertex 0.80280484 0.02591999 0.10000000
      vertex 0.81527633 0.02452359 0.10000000
    endloop
  endfacet
  facet normal 1.112719e-01 9.937900e-01 0.000000e+00
    outer loop
      vertex 0.80280484 0.02591999 0.00000000
      vertex 0.81527633 0.02452359 0.10000000
      vertex 0.81527633 0.02452359 0.00000000
    endloop
  endfacet
  facet normal 1.128879e-01 9.936077e-01 -0.000000e+00
    outer loop
      vertex 0.81527633 0.02452359 0.00000000
      vertex 0.81527633 0.02452359 0.10000000
      vertex 0.82743037 0.02314272 0.10000000
    endloop
  endfacet
  facet normal 1.128879e-01 9.936077e-01 0.000000e+00
    outer loop
      vertex 0.81527633 0.02452359 0.00000000
      vertex 0.82743037 0.02314272 0.10000000
      vertex 0.82743037 0.02314272 0.00000000
    endloop
  endfacet
  facet normal 1.144703e-01 9.934267e-01 -0.000000e+00
    outer loop
      vertex 0.82743037 0.02314272 0.00000000
      vertex 0.82743037 0.02314272 0.10000000
      vertex 0.83925471 0.02178023 0.10000000
    endloop
  endfacet
  facet normal 1.144703e-01 9.934267e-01 0.000000e+00
    outer loop
      vertex 0.82743037 0.02314272 0.00000000
      vertex 0.83925471 0.02178023 0.10000000
      vertex 0.83925471 0.02178023 0.00000000
    endloop
  endfacet
  facet normal 1.160194e-01 9.932469e-01 -0.000000e+00
    outer loop
      vertex 0.83925471 0.02178023 0.00000000
      vertex 0.83925471 0.02178023 0.10000000
      vertex 0.85073744 0.02043895 0.10000000
    endloop
  endfacet
  facet normal 1.160194e-01 9.932469e-01 0.000000e+00
    outer loop
      vertex 0.83925471 0.02178023 0.00000000
      vertex 0.85073744 0.02043895 0.10000000
      vertex 0.85073744 0.02043895 0.00000000
    endloop
  endfacet
  facet normal 1.175356e-01 9.930687e-01 -0.000000e+00
    outer loop
      vertex 0.85073744 0.02043895 0.00000000
      vertex 0.85073744 0.02043895 0.10000000
      vertex 0.86186702 0.01912170 0.10000000
    endloop
  endfacet
  facet normal 1.175356e-01 9.930687e-01 0.000000e+00
    outer loop
      vertex 0.85073744 0.02043895 0.00000000
      vertex 0.86186702 0.01912170 0.10000000
      vertex 0.86186702 0.01912170 0.00000000
    endloop
  endfacet
  facet normal 1.190182e-01 9.928921e-01 -0.000000e+00
    outer loop
      vertex 0.86186702 0.01912170 0.00000000
      vertex 0.86186702 0.01912170 0.10000000
      vertex 0.87263222 0.01783127 0.10000000
    endloop
  endfacet
  facet normal 1.190182e-01 9.928921e-01 0.000000e+00
    outer loop
      vertex 0.86186702 0.01912170 0.00000000
      vertex 0.87263222 0.01783127 0.10000000
      vertex 0.87263222 0.01783127 0.00000000
    endloop
  endfacet
  facet normal 1.204665e-01 9.927174e-01 -0.000000e+00
    outer loop
      vertex 0.87263222 0.01783127 0.00000000
      vertex 0.87263222 0.01783127 0.10000000
      vertex 0.88302222 0.01657044 0.10000000
    endloop
  endfacet
  facet normal 1.204665e-01 9.927174e-01 0.000000e+00
    outer loop
      vertex 0.87263222 0.01783127 0.00000000
      vertex 0.88302222 0.01657044 0.10000000
      vertex 0.88302222 0.01657044 0.00000000
    endloop
  endfacet
  facet normal 1.218793e-01 9.925449e-01 -0.000000e+00
    outer loop
      vertex 0.88302222 0.01657044 0.00000000
      vertex 0.88302222 0.01657044 0.10000000
      vertex 0.89302655 0.01534196 0.10000000
    endloop
  endfacet
  facet normal 1.218793e-01 9.925449e-01 0.000000e+00
    outer loop
      vertex 0.88302222 0.01657044 0.00000000
      vertex 0.89302655 0.01534196 0.10000000
      vertex 0.89302655 0.01534196 0.00000000
    endloop
  endfacet
  facet normal 1.232549e-01 9.923750e-01 -0.000000e+00
    outer loop
      vertex 0.89302655 0.01534196 0.00000000
      vertex 0.89302655 0.01534196 0.10000000
      vertex 0.90263513 0.01414856 0.10000000
    endloop
  endfacet
  facet normal 1.232549e-01 9.923750e-01 0.000000e+00
    outer loop
      vertex 0.89302655 0.01534196 0.00000000
      vertex 0.90263513 0.01414856 0.10000000
      vertex 0.90263513 0.01414856 0.00000000
    endloop
  endfacet
  facet normal 1.245914e-01 9.922081e-01 -0.000000e+00
    outer loop
      vertex 0.90263513 0.01414856 0.00000000
      vertex 0.90263513 0.01414856 0.10000000
      vertex 0.91183829 0.01299292 0.10000000
    endloop
  endfacet
  facet normal 1.245914e-01 9.922081e-01 0.000000e+00
    outer loop
      vertex 0.90263513 0.01414856 0.00000000
      vertex 0.91183829 0.01299292 0.10000000
      vertex 0.91183829 0.01299292 0.00000000
    endloop
  endfacet
  facet normal 1.258865e-01 9.920447e-01 -0.000000e+00
    outer loop
      vertex 0.91183829 0.01299292 0.00000000
      vertex 0.91183829 0.01299292 0.10000000
      vertex 0.92062677 0.01187769 0.10000000
    endloop
  endfacet
  facet normal 1.258865e-01 9.920447e-01 0.000000e+00
    outer loop
      vertex 0.91183829 0.01299292 0.00000000
      vertex 0.92062677 0.01187769 0.10000000
      vertex 0.92062677 0.01187769 0.00000000
    endloop
  endfacet
  facet normal 1.271377e-01 9.918851e-01 -0.000000e+00
    outer loop
      vertex 0.92062677 0.01187769 0.00000000
      vertex 0.92062677 0.01187769 0.10000000
      vertex 0.92899171 0.01080549 0.10000000
    endloop
  endfacet
  facet normal 1.271377e-01 9.918851e-01 0.000000e+00
    outer loop
      vertex 0.92062677 0.01187769 0.00000000
      vertex 0.92899171 0.01080549 0.10000000
      vertex 0.92899171 0.01080549 0.00000000
    endloop
  endfacet
  facet normal 1.283424e-01 9.917299e-01 -0.000000e+00
    outer loop
      vertex 0.92899171 0.01080549 0.00000000
      vertex 0.92899171 0.01080549 0.10000000
      vertex 0.93692469 0.00977887 0.10000000
    endloop
  endfacet
  facet normal 1.283424e-01 9.917299e-01 0.000000e+00
    outer loop
      vertex 0.92899171 0.01080549 0.00000000
      vertex 0.93692469 0.00977887 0.10000000
      vertex 0.93692469 0.00977887 0.00000000
    endloop
  endfacet
  facet normal 1.294976e-01 9.915797e-01 -0.000000e+00
    outer loop
      vertex 0.93692469 0.00977887 0.00000000
      vertex 0.93692469 0.00977887 0.10000000
      vertex 0.94441772 0.00880030 0.10000000
    endloop
  endfacet
  facet normal 1.294976e-01 9.915797e-01 0.000000e+00
    outer loop
      vertex 0.93692469 0.00977887 0.00000000
      vertex 0.94441772 0.00880030 0.10000000
      vertex 0.94441772 0.00880030 0.00000000
    endloop
  endfacet
  facet normal 1.306004e-01 9.914351e-01 -0.000000e+00
    outer loop
      vertex 0.94441772 0.00880030 0.00000000
      vertex 0.94441772 0.00880030 0.10000000
      vertex 0.95146327 0.00787220 0.10000000
    endloop
  endfacet
  facet normal 1.306004e-01 9.914351e-01 0.000000e+00
    outer loop
      vertex 0.94441772 0.00880030 0.00000000
      vertex 0.95146327 0.00787220 0.10000000
      vertex 0.95146327 0.00787220 0.00000000
    endloop
  endfacet
  facet normal 1.316477e-01 9.912966e-01 -0.000000e+00
    outer loop
      vertex 0.95146327 0.00787220 0.00000000
      vertex 0.95146327 0.00787220 0.10000000
      vertex 0.95805423 0.00699689 0.10000000
    endloop
  endfacet
  facet normal 1.316477e-01 9.912966e-01 0.000000e+00
    outer loop
      vertex 0.95146327 0.00787220 0.00000000
      vertex 0.95805423 0.00699689 0.10000000
      vertex 0.95805423 0.00699689 0.00000000
    endloop
  endfacet
  facet normal 1.326363e-01 9.911648e-01 -0.000000e+00
    outer loop
      vertex 0.95805423 0.00699689 0.00000000
      vertex 0.95805423 0.00699689 0.10000000
      vertex 0.96418397 0.00617662 0.10000000
    endloop
  endfacet
  facet normal 1.326363e-01 9.911648e-01 0.000000e+00
    outer loop
      vertex 0.95805423 0.00699689 0.00000000
      vertex 0.96418397 0.00617662 0.10000000
      vertex 0.96418397 0.00617662 0.00000000
    endloop
  endfacet
  facet normal 1.335632e-01 9.910403e-01 -0.000000e+00
    outer loop
      vertex 0.96418397 0.00617662 0.00000000
      vertex 0.96418397 0.00617662 0.10000000
      vertex 0.96984631 0.00541350 0.10000000
    endloop
  endfacet
  facet normal 1.335632e-01 9.910403e-01 0.000000e+00
    outer loop
      vertex 0.96418397 0.00617662 0.00000000
      vertex 0.96984631 0.00541350 0.10000000
      vertex 0.96984631 0.00541350 0.00000000
    endloop
  endfacet
  facet normal 1.344253e-01 9.909237e-01 -0.000000e+00
    outer loop
      vertex 0.96984631 0.00541350 0.00000000
      vertex 0.96984631 0.00541350 0.10000000
      vertex 0.97503556 0.00470955 0.10000000
    endloop
  endfacet
  facet normal 1.344253e-01 9.909237e-01 0.000000e+00
    outer loop
      vertex 0.96984631 0.00541350 0.00000000
      vertex 0.97503556 0.00470955 0.10000000
      vertex 0.97503556 0.00470955 0.00000000
    endloop
  endfacet
  facet normal 1.352198e-01 9.908156e-01 -0.000000e+00
    outer loop
      vertex 0.97503556 0.00470955 0.00000000
      vertex 0.97503556 0.00470955 0.10000000
      vertex 0.97974649 0.00406663 0.10000000
    endloop
  endfacet
  facet normal 1.352198e-01 9.908156e-01 0.000000e+00
    outer loop
      vertex 0.97503556 0.00470955 0.00000000
      vertex 0.97974649 0.00406663 0.10000000
      vertex 0.97974649 0.00406663 0.00000000
    endloop
  endfacet
  facet normal 1.359437e-01 9.907166e-01 -0.000000e+00
    outer loop
      vertex 0.97974649 0.00406663 0.00000000
      vertex 0.97974649 0.00406663 0.10000000
      vertex 0.98397435 0.00348649 0.10000000
    endloop
  endfacet
  facet normal 1.359437e-01 9.907166e-01 0.000000e+00
    outer loop
      vertex 0.97974649 0.00406663 0.00000000
      vertex 0.98397435 0.00348649 0.10000000
      vertex 0.98397435 0.00348649 0.00000000
    endloop
  endfacet
  facet normal 1.365944e-01 9.906271e-01 -0.000000e+00
    outer loop
      vertex 0.98397435 0.00348649 0.00000000
      vertex 0.98397435 0.00348649 0.10000000
      vertex 0.98771489 0.00297072 0.10000000
    endloop
  endfacet
  facet normal 1.365944e-01 9.906271e-01 0.000000e+00
    outer loop
      vertex 0.98397435 0.00348649 0.00000000
      vertex 0.98771489 0.00297072 0.10000000
      vertex 0.98771489 0.00297072 0.00000000
    endloop
  endfacet
  facet normal 1.371695e-01 9.905476e-01 -0.000000e+00
    outer loop
      vertex 0.98771489 0.00297072 0.00000000
      vertex 0.98771489 0.00297072 0.10000000
      vertex 0.99096435 0.00252074 0.10000000
    endloop
  endfacet
  facet normal 1.371695e-01 9.905476e-01 0.000000e+00
    outer loop
      vertex 0.98771489 0.00297072 0.00000000
      vertex 0.99096435 0.00252074 0.10000000
      vertex 0.99096435 0.00252074 0.00000000
    endloop
  endfacet
  facet normal 1.376667e-01 9.904786e-01 -0.000000e+00
    outer loop
      vertex 0.99096435 0.00252074 0.00000000
      vertex 0.99096435 0.00252074 0.10000000
      vertex 0.99371944 0.00213781 0.10000000
    endloop
  endfacet
  facet normal 1.376667e-01 9.904786e-01 0.000000e+00
    outer loop
      vertex 0.99096435 0.00252074 0.00000000
      vertex 0.99371944 0.00213781 0.10000000
      vertex 0.99371944 0.00213781 0.00000000
    endloop
  endfacet
  facet normal 1.380842e-01 9.904205e-01 -0.000000e+00
    outer loop
      vertex 0.99371944 0.00213781 0.00000000
      vertex 0.99371944 0.00213781 0.10000000
      vertex 0.99597741 0.00182301 0.10000000
    endloop
  endfacet
  facet normal 1.380842e-01 9.904205e-01 0.000000e+00
    outer loop
      vertex 0.99371944 0.00213781 0.00000000
      vertex 0.99597741 0.00182301 0.10000000
      vertex 0.99597741 0.00182301 0.00000000
    endloop
  endfacet
  facet normal 1.384202e-01 9.903736e-01 -0.000000e+00
    outer loop
      vertex 0.99597741 0.00182301 0.00000000
      vertex 0.99597741 0.00182301 0.10000000
      vertex 0.99773596 0.00157722 0.10000000
    endloop
  endfacet
  facet normal 1.384202e-01 9.903736e-01 0.000000e+00
    outer loop
      vertex 0.99597741 0.00182301 0.00000000
      vertex 0.99773596 0.00157722 0.10000000
      vertex 0.99773596 0.00157722 0.00000000
    endloop
  endfacet
  facet normal 1.386734e-01 9.903382e-01 -0.000000e+00
    outer loop
      vertex 0.99773596 0.00157722 0.00000000
      vertex 0.99773596 0.00157722 0.10000000
      vertex 0.99899334 0.00140116 0.10000000
    endloop
  endfacet
  facet normal 1.386734e-01 9.903382e-01 0.000000e+00
    outer loop
      vertex 0.99773596 0.00157722 0.00000000
      vertex 0.99899334 0.00140116 0.10000000
      vertex 0.99899334 0.00140116 0.00000000
    endloop
  endfacet
  facet normal 1.388428e-01 9.903144e-01 -0.000000e+00
    outer loop
      vertex 0.99899334 0.00140116 0.00000000
      vertex 0.99899334 0.00140116 0.10000000
      vertex 0.99974827 0.00129531 0.10000000
    endloop
  endfacet
  facet normal 1.388428e-01 9.903144e-01 0.000000e+00
    outer loop
      vertex 0.99899334 0.00140116 0.00000000
      vertex 0.99974827 0.00129531 0.10000000
      vertex 0.99974827 0.00129531 0.00000000
    endloop
  endfacet
  facet normal 9.816350e-01 1.907690e-01 -0.000000e+00
    outer loop
      vertex 0.99974827 0.00129531 0.00000000
      vertex 0.99974827 0.00129531 0.10000000
      vertex 1.00000000 0.00000000 0.10000000
    endloop
  endfacet
  facet normal 9.816350e-01 1.907690e-01 0.000000e+00
    outer loop
      vertex 0.99974827 0.00129531 0.00000000
      vertex 1.00000000 0.00000000 0.10000000
      vertex 1.00000000 0.00000000 0.00000000
    endloop
  endfacet
  facet normal 9.816350e-01 -1.907690e-01 0.000000e+00
    outer loop
      vertex 1.00000000 0.00000000 0.00000000
      vertex 1.00000000 0.00000000 0.10000000
      vertex 0.99974827 -0.00129531 0.10000000
    endloop
  endfacet
  facet normal 9.816350e-01 -1.907690e-01 0.000000e+00
    outer loop
      vertex 1.00000000 0.00000000 0.00000000
      vertex 0.99974827 -0.00129531 0.10000000
      vertex 0.99974827 -0.00129531 0.00000000
    endloop
  endfacet
  facet normal 1.388428e-01 -9.903144e-01 0.000000e+00
    outer loop
      vertex 0.99974827 -0.00129531 0.00000000
      vertex 0.99974827 -0.00129531 0.10000000
      vertex 0.99899334 -0.00140116 0.10000000
    endloop
  endfacet
  facet normal 1.388428e-01 -9.903144e-01 0.000000e+00
    outer loop
      vertex 0.99974827 -0.00129531 0.00000000
      vertex 0.99899334 -0.00140116 0.10000000
      vertex 0.99899334 -0.00140116 0.00000000
    endloop
  endfacet
  facet normal 1.386734e-01 -9.903382e-01 0.000000e+00
    outer loop
      vertex 0.99899334 -0.00140116 0.00000000
      vertex 0.99899334 -0.00140116 0.10000000
      vertex 0.99773596 -0.00157722 0.10000000
    endloop
  endfacet
  facet normal 1.386734e-01 -9.903382e-01 0.000000e+00
    outer loop
      vertex 0.99899334 -0.00140116 0.00000000
      vertex 0.99773596 -0.00157722 0.10000000
      vertex 0.99773596 -0.00157722 0.00000000
    endloop
  endfacet
  facet normal 1.384202e-01 -9.903736e-01 0.000000e+00
    outer loop
      vertex 0.99773596 -0.00157722 0.00000000
      vertex 0.99773596 -0.00157722 0.10000000
      vertex 0.99597741 -0.00182301 0.10000000
    endloop
  endfacet
  facet normal 1.384202e-01 -9.903736e-01 0.000000e+00
    outer loop
      vertex 0.99773596 -0.00157722 0.00000000
      vertex 0.99597741 -0.00182301 0.10000000
      vertex 0.99597741 -0.00182301 0.00000000
    endloop
  endfacet
  facet normal 1.380842e-01 -9.904205e-01 0.000000e+00
    outer loop
      vertex 0.99597741 -0.00182301 0.00000000
      vertex 0.99597741 -0.00182301 0.10000000
      vertex 0.99371944 -0.00213781 0.10000000
    endloop
  endfacet
  facet normal 1.380842e-01 -9.904205e-01 0.000000e+00
    outer loop
      vertex 0.99597741 -0.00182301 0.00000000
      vertex 0.99371944 -0.00213781 0.10000000
      vertex 0.99371944 -0.00213781 0.00000000
    endloop
  endfacet
  facet normal 1.376667e-01 -9.904786e-01 0.000000e+00
    outer loop
      vertex 0.99371944 -0.00213781 0.00000000
      vertex 0.99371944 -0.00213781 0.10000000
      vertex 0.99096435 -0.00252074 0.10000000
    endloop
  endfacet
  facet normal 1.376667e-01 -9.904786e-01 0.000000e+00
    outer loop
      vertex 0.99371944 -0.00213781 0.00000000
      vertex 0.99096435 -0.00252074 0.10000000
      vertex 0.99096435 -0.00252074 0.00000000
    endloop
  endfacet
  facet normal 1.371695e-01 -9.905476e-01 0.000000e+00
    outer loop
      vertex 0.99096435 -0.00252074 0.00000000
      vertex 0.99096435 -0.00252074 0.10000000
      vertex 0.98771489 -0.00297072 0.10000000
    endloop
  endfacet
  facet normal 1.371695e-01 -9.905476e-01 0.000000e+00
    outer loop
      vertex 0.99096435 -0.00252074 0.00000000
      vertex 0.98771489 -0.00297072 0.10000000
      vertex 0.98771489 -0.00297072 0.00000000
    endloop
  endfacet
  facet normal 1.365944e-01 -9.906271e-01 0.000000e+00
    outer loop
      vertex 0.98771489 -0.00297072 0.00000000
      vertex 0.98771489 -0.00297072 0.10000000
      vertex 0.98397435 -0.00348649 0.10000000
    endloop
  endfacet
  facet normal 1.365944e-01 -9.906271e-01 0.000000e+00
    outer loop
      vertex 0.98771489 -0.00297072 0.00000000
      vertex 0.98397435 -0.00348649 0.10000000
      vertex 0.98397435 -0.00348649 0.00000000
    endloop
  endfacet
  facet normal 1.359437e-01 -9.907166e-01 0.000000e+00
    outer loop
      vertex 0.98397435 -0.00348649 0.00000000
      vertex 0.98397435 -0.00348649 0.10000000
      vertex 0.97974649 -0.00406663 0.10000000
    endloop
  endfacet
  facet normal 1.359437e-01 -9.907166e-01 0.000000e+00
    outer loop
      vertex 0.98397435 -0.00348649 0.00000000
      vertex 0.97974649 -0.00406663 0.10000000
      vertex 0.97974649 -0.00406663 0.00000000
    endloop
  endfacet
  facet normal 1.352198e-01 -9.908156e-01 0.000000e+00
    outer loop
      vertex 0.97974649 -0.00406663 0.00000000
      vertex 0.97974649 -0.00406663 0.10000000
      vertex 0.97503556 -0.00470955 0.10000000
    endloop
  endfacet
  facet normal 1.352198e-01 -9.908156e-01 0.000000e+00
    outer loop
      vertex 0.97974649 -0.00406663 0.00000000
      vertex 0.97503556 -0.00470955 0.10000000
      vertex 0.97503556 -0.00470955 0.00000000
    endloop
  endfacet
  facet normal 1.344253e-01 -9.909237e-01 0.000000e+00
    outer loop
      vertex 0.97503556 -0.00470955 0.00000000
      vertex 0.97503556 -0.00470955 0.10000000
      vertex 0.96984631 -0.00541350 0.10000000
    endloop
  endfacet
  facet normal 1.344253e-01 -9.909237e-01 0.000000e+00
    outer loop
      vertex 0.97503556 -0.00470955 0.00000000
      vertex 0.96984631 -0.00541350 0.10000000
      vertex 0.96984631 -0.00541350 0.00000000
    endloop
  endfacet
  facet normal 1.335632e-01 -9.910403e-01 0.000000e+00
    outer loop
      vertex 0.96984631 -0.00541350 0.00000000
      vertex 0.96984631 -0.00541350 0.10000000
      vertex 0.96418397 -0.00617662 0.10000000
    endloop
  endfacet
  facet normal 1.335632e-01 -9.910403e-01 0.000000e+00
    outer loop
      vertex 0.96984631 -0.00541350 0.00000000
      vertex 0.96418397 -0.00617662 0.10000000
      vertex 0.96418397 -0.00617662 0.00000000
    endloop
  endfacet
  facet normal 1.326363e-01 -9.911648e-01 0.000000e+00
    outer loop
      vertex 0.96418397 -0.00617662 0.00000000
      vertex 0.96418397 -0.00617662 0.10000000
      vertex 0.95805423 -0.00699689 0.10000000
    endloop
  endfacet
  facet normal 1.326363e-01 -9.911648e-01 0.000000e+00
    outer loop
      vertex 0.96418397 -0.00617662 0.00000000
      vertex 0.95805423 -0.00699689 0.10000000
      vertex 0.95805423 -0.00699689 0.00000000
    endloop
  endfacet
  facet normal 1.316477e-01 -9.912966e-01 0.000000e+00
    outer loop
      vertex 0.95805423 -0.00699689 0.00000000
      vertex 0.95805423 -0.00699689 0.10000000
      vertex 0.95146327 -0.00787220 0.10000000
    endloop
  endfacet
  facet normal 1.316477e-01 -9.912966e-01 0.000000e+00
    outer loop
      vertex 0.95805423 -0.00699689 0.00000000
      vertex 0.95146327 -0.00787220 0.10000000
      vertex 0.95146327 -0.00787220 0.00000000
    endloop
  endfacet
  facet normal 1.306004e-01 -9.914351e-01 0.000000e+00
    outer loop
      vertex 0.95146327 -0.00787220 0.00000000
      vertex 0.95146327 -0.00787220 0.10000000
      vertex 0.94441772 -0.00880030 0.10000000
    endloop
  endfacet
  facet normal 1.306004e-01 -9.914351e-01 0.000000e+00
    outer loop
      vertex 0.95146327 -0.00787220 0.00000000
      vertex 0.94441772 -0.00880030 0.10000000
      vertex 0.94441772 -0.00880030 0.00000000
    endloop
  endfacet
  facet normal 1.294976e-01 -9.915797e-01 0.000000e+00
    outer loop
      vertex 0.94441772 -0.00880030 0.00000000
      vertex 0.94441772 -0.00880030 0.10000000
      vertex 0.93692469 -0.00977887 0.10000000
    endloop
  endfacet
  facet normal 1.294976e-01 -9.915797e-01 0.000000e+00
    outer loop
      vertex 0.94441772 -0.00880030 0.00000000
      vertex 0.93692469 -0.00977887 0.10000000
      vertex 0.93692469 -0.00977887 0.00000000
    endloop
  endfacet
  facet normal 1.283424e-01 -9.917299e-01 0.000000e+00
    outer loop
      vertex 0.93692469 -0.00977887 0.00000000
      vertex 0.93692469 -0.00977887 0.10000000
      vertex 0.92899171 -0.01080549 0.10000000
    endloop
  endfacet
  facet normal 1.283424e-01 -9.917299e-01 0.000000e+00
    outer loop
      vertex 0.93692469 -0.00977887 0.00000000
      vertex 0.92899171 -0.01080549 0.10000000
      vertex 0.92899171 -0.01080549 0.00000000
    endloop
  endfacet
  facet normal 1.271377e-01 -9.918851e-01 0.000000e+00
    outer loop
      vertex 0.92899171 -0.01080549 0.00000000
      vertex 0.92899171 -0.01080549 0.10000000
      vertex 0.92062677 -0.01187769 0.10000000
    endloop
  endfacet
  facet normal 1.271377e-01 -9.918851e-01 0.000000e+00
    outer loop
      vertex 0.92899171 -0.01080549 0.00000000
      vertex 0.92062677 -0.01187769 0.10000000
      vertex 0.92062677 -0.01187769 0.00000000
    endloop
  endfacet
  facet normal 1.258865e-01 -9.920447e-01 0.000000e+00
    outer loop
      vertex 0.92062677 -0.01187769 0.00000000
      vertex 0.92062677 -0.01187769 0.10000000
      vertex 0.91183829 -0.01299292 0.10000000
    endloop
  endfacet
  facet normal 1.258865e-01 -9.920447e-01 0.000000e+00
    outer loop
      vertex 0.92062677 -0.01187769 0.00000000
      vertex 0.91183829 -0.01299292 0.10000000
      vertex 0.91183829 -0.01299292 0.00000000
    endloop
  endfacet
  facet normal 1.245914e-01 -9.922081e-01 0.000000e+00
    outer loop
      vertex 0.91183829 -0.01299292 0.00000000
      vertex 0.91183829 -0.01299292 0.10000000
      vertex 0.90263513 -0.01414856 0.10000000
    endloop
  endfacet
  facet normal 1.245914e-01 -9.922081e-01 0.000000e+00
    outer loop
      vertex 0.91183829 -0.01299292 0.00000000
      vertex 0.90263513 -0.01414856 0.10000000
      vertex 0.90263513 -0.01414856 0.00000000
    endloop
  endfacet
  facet normal 1.232549e-01 -9.923750e-01 0.000000e+00
    outer loop
      vertex 0.90263513 -0.01414856 0.00000000
      vertex 0.90263513 -0.01414856 0.10000000
      vertex 0.89302655 -0.01534196 0.10000000
    endloop
  endfacet
  facet normal 1.232549e-01 -9.923750e-01 0.000000e+00
    outer loop
      vertex 0.90263513 -0.01414856 0.00000000
      vertex 0.89302655 -0.01534196 0.10000000
      vertex 0.89302655 -0.01534196 0.00000000
    endloop
  endfacet
  facet normal 1.218793e-01 -9.925449e-01 0.000000e+00
    outer loop
      vertex 0.89302655 -0.01534196 0.00000000
      vertex 0.89302655 -0.01534196 0.10000000
      vertex 0.88302222 -0.01657044 0.10000000
    endloop
  endfacet
  facet normal 1.218793e-01 -9.925449e-01 0.000000e+00
    outer loop
      vertex 0.89302655 -0.01534196 0.00000000
      vertex 0.88302222 -0.01657044 0.10000000
      vertex 0.88302222 -0.01657044 0.00000000
    endloop
  endfacet
  facet normal 1.204665e-01 -9.927174e-01 0.000000e+00
    outer loop
      vertex 0.88302222 -0.01657044 0.00000000
      vertex 0.88302222 -0.01657044 0.10000000
      vertex 0.87263222 -0.01783127 0.10000000
    endloop
  endfacet
  facet normal 1.204665e-01 -9.927174e-01 0.000000e+00
    outer loop
      vertex 0.88302222 -0.01657044 0.00000000
      vertex 0.87263222 -0.01783127 0.10000000
      vertex 0.87263222 -0.01783127 0.00000000
    endloop
  endfacet
  facet normal 1.190182e-01 -9.928921e-01 0.000000e+00
    outer loop
      vertex 0.87263222 -0.01783127 0.00000000
      vertex 0.87263222 -0.01783127 0.10000000
      vertex 0.86186702 -0.01912170 0.10000000
    endloop
  endfacet
  facet normal 1.190182e-01 -9.928921e-01 0.000000e+00
    outer loop
      vertex 0.87263222 -0.01783127 0.00000000
      vertex 0.86186702 -0.01912170 0.10000000
      vertex 0.86186702 -0.01912170 0.00000000
    endloop
  endfacet
  facet normal 1.175356e-01 -9.930687e-01 0.000000e+00
    outer loop
      vertex 0.86186702 -0.01912170 0.00000000
      vertex 0.86186702 -0.01912170 0.10000000
      vertex 0.85073744 -0.02043895 0.10000000
    endloop
  endfacet
  facet normal 1.175356e-01 -9.930687e-01 0.000000e+00
    outer loop
      vertex 0.86186702 -0.01912170 0.00000000
      vertex 0.85073744 -0.02043895 0.10000000
      vertex 0.85073744 -0.02043895 0.00000000
    endloop
  endfacet
  facet normal 1.160194e-01 -9.932469e-01 0.000000e+00
    outer loop
      vertex 0.85073744 -0.02043895 0.00000000
      vertex 0.85073744 -0.02043895 0.10000000
      vertex 0.83925471 -0.02178023 0.10000000
    endloop
  endfacet
  facet normal 1.160194e-01 -9.932469e-01 0.000000e+00
    outer loop
      vertex 0.85073744 -0.02043895 0.00000000
      vertex 0.83925471 -0.02178023 0.10000000
      vertex 0.83925471 -0.02178023 0.00000000
    endloop
  endfacet
  facet normal 1.144703e-01 -9.934267e-01 0.000000e+00
    outer loop
      vertex 0.83925471 -0.02178023 0.00000000
      vertex 0.83925471 -0.02178023 0.10000000
      vertex 0.82743037 -0.02314272 0.10000000
    endloop
  endfacet
  facet normal 1.144703e-01 -9.934267e-01 0.000000e+00
    outer loop
      vertex 0.83925471 -0.02178023 0.00000000
      vertex 0.82743037 -0.02314272 0.10000000
      vertex 0.82743037 -0.02314272 0.00000000
    endloop
  endfacet
  facet normal 1.128879e-01 -9.936077e-01 0.000000e+00
    outer loop
      vertex 0.82743037 -0.02314272 0.00000000
      vertex 0.82743037 -0.02314272 0.10000000
      vertex 0.81527633 -0.02452359 0.10000000
    endloop
  endfacet
  facet normal 1.128879e-01 -9.936077e-01 0.000000e+00
    outer loop
      vertex 0.82743037 -0.02314272 0.00000000
      vertex 0.81527633 -0.02452359 0.10000000
      vertex 0.81527633 -0.02452359 0.00000000
    endloop
  endfacet
  facet normal 1.112719e-01 -9.937900e-01 0.000000e+00
    outer loop
      vertex 0.81527633 -0.02452359 0.00000000
      vertex 0.81527633 -0.02452359 0.10000000
      vertex 0.80280484 -0.02591999 0.10000000
    endloop
  endfacet
  facet normal 1.112719e-01 -9.937900e-01 0.000000e+00
    outer loop
      vertex 0.81527633 -0.02452359 0.00000000
      vertex 0.80280484 -0.02591999 0.10000000
      vertex 0.80280484 -0.02591999 0.00000000
    endloop
  endfacet
  facet normal 1.096211e-01 -9.939734e-01 0.000000e+00
    outer loop
      vertex 0.80280484 -0.02591999 0.00000000
      vertex 0.80280484 -0.02591999 0.10000000
      vertex 0.79002845 -0.02732904 0.10000000
    endloop
  endfacet
  facet normal 1.096211e-01 -9.939734e-01 0.000000e+00
    outer loop
      vertex 0.80280484 -0.02591999 0.00000000
      vertex 0.79002845 -0.02732904 0.10000000
      vertex 0.79002845 -0.02732904 0.00000000
    endloop
  endfacet
  facet normal 1.079339e-01 -9.941581e-01 0.000000e+00
    outer loop
      vertex 0.79002845 -0.02732904 0.00000000
      vertex 0.79002845 -0.02732904 0.10000000
      vertex 0.77696003 -0.02874785 0.10000000
    endloop
  endfacet
  facet normal 1.079339e-01 -9.941581e-01 0.000000e+00
    outer loop
      vertex 0.79002845 -0.02732904 0.00000000
      vertex 0.77696003 -0.02874785 0.10000000
      vertex 0.77696003 -0.02874785 0.00000000
    endloop
  endfacet
  facet normal 1.062083e-01 -9.943439e-01 0.000000e+00
    outer loop
      vertex 0.77696003 -0.02874785 0.00000000
      vertex 0.77696003 -0.02874785 0.10000000
      vertex 0.76361273 -0.03017351 0.10000000
    endloop
  endfacet
  facet normal 1.062083e-01 -9.943439e-01 0.000000e+00
    outer loop
      vertex 0.77696003 -0.02874785 0.00000000
      vertex 0.76361273 -0.03017351 0.10000000
      vertex 0.76361273 -0.03017351 0.00000000
    endloop
  endfacet
  facet normal 1.044414e-01 -9.945310e-01 0.000000e+00
    outer loop
      vertex 0.76361273 -0.03017351 0.00000000
      vertex 0.76361273 -0.03017351 0.10000000
      vertex 0.75000000 -0.03160306 0.10000000
    endloop
  endfacet
  facet normal 1.044414e-01 -9.945310e-01 0.000000e+00
    outer loop
      vertex 0.76361273 -0.03017351 0.00000000
      vertex 0.75000000 -0.03160306 0.10000000
      vertex 0.75000000 -0.03160306 0.00000000
    endloop
  endfacet
  facet normal 1.026302e-01 -9.947196e-01 0.000000e+00
    outer loop
      vertex 0.75000000 -0.03160306 0.00000000
      vertex 0.75000000 -0.03160306 0.10000000
      vertex 0.73613554 -0.03303353 0.10000000
    endloop
  endfacet
  facet normal 1.026302e-01 -9.947196e-01 0.000000e+00
    outer loop
      vertex 0.75000000 -0.03160306 0.00000000
      vertex 0.73613554 -0.03303353 0.10000000
      vertex 0.73613554 -0.03303353 0.00000000
    endloop
  endfacet
  facet normal 1.007707e-01 -9.949097e-01 0.000000e+00
    outer loop
      vertex 0.73613554 -0.03303353 0.00000000
      vertex 0.73613554 -0.03303353 0.10000000
      vertex 0.72203331 -0.03446189 0.10000000
    endloop
  endfacet
  facet normal 1.007707e-01 -9.949097e-01 0.000000e+00
    outer loop
      vertex 0.73613554 -0.03303353 0.00000000
      vertex 0.72203331 -0.03446189 0.10000000
      vertex 0.72203331 -0.03446189 0.00000000
    endloop
  endfacet
  facet normal 9.885864e-02 -9.951015e-01 0.000000e+00
    outer loop
      vertex 0.72203331 -0.03446189 0.00000000
      vertex 0.72203331 -0.03446189 0.10000000
      vertex 0.70770751 -0.03588509 0.10000000
    endloop
  endfacet
  facet normal 9.885864e-02 -9.951015e-01 0.000000e+00
    outer loop
      vertex 0.72203331 -0.03446189 0.00000000
      vertex 0.70770751 -0.03588509 0.10000000
      vertex 0.70770751 -0.03588509 0.00000000
    endloop
  endfacet
  facet normal 9.688918e-02 -9.952952e-01 0.000000e+00
    outer loop
      vertex 0.70770751 -0.03588509 0.00000000
      vertex 0.70770751 -0.03588509 0.10000000
      vertex 0.69317256 -0.03730003 0.10000000
    endloop
  endfacet
  facet normal 9.688918e-02 -9.952952e-01 0.000000e+00
    outer loop
      vertex 0.70770751 -0.03588509 0.00000000
      vertex 0.69317256 -0.03730003 0.10000000
      vertex 0.69317256 -0.03730003 0.00000000
    endloop
  endfacet
  facet normal 9.485688e-02 -9.954909e-01 0.000000e+00
    outer loop
      vertex 0.69317256 -0.03730003 0.00000000
      vertex 0.69317256 -0.03730003 0.10000000
      vertex 0.67844311 -0.03870354 0.10000000
    endloop
  endfacet
  facet normal 9.485688e-02 -9.954909e-01 0.000000e+00
    outer loop
      vertex 0.69317256 -0.03730003 0.00000000
      vertex 0.67844311 -0.03870354 0.10000000
      vertex 0.67844311 -0.03870354 0.00000000
    endloop
  endfacet
  facet normal 9.275584e-02 -9.956889e-01 0.000000e+00
    outer loop
      vertex 0.67844311 -0.03870354 0.00000000
      vertex 0.67844311 -0.03870354 0.10000000
      vertex 0.66353398 -0.04009244 0.10000000
    endloop
  endfacet
  facet normal 9.275584e-02 -9.956889e-01 0.000000e+00
    outer loop
      vertex 0.67844311 -0.03870354 0.00000000
      vertex 0.66353398 -0.04009244 0.10000000
      vertex 0.66353398 -0.04009244 0.00000000
    endloop
  endfacet
  facet normal 9.057966e-02 -9.958892e-01 0.000000e+00
    outer loop
      vertex 0.66353398 -0.04009244 0.00000000
      vertex 0.66353398 -0.04009244 0.10000000
      vertex 0.64846019 -0.04146346 0.10000000
    endloop
  endfacet
  facet normal 9.057966e-02 -9.958892e-01 0.000000e+00
    outer loop
      vertex 0.66353398 -0.04009244 0.00000000
      vertex 0.64846019 -0.04146346 0.10000000
      vertex 0.64846019 -0.04146346 0.00000000
    endloop
  endfacet
  facet normal 8.832146e-02 -9.960920e-01 0.000000e+00
    outer loop
      vertex 0.64846019 -0.04146346 0.00000000
      vertex 0.64846019 -0.04146346 0.10000000
      vertex 0.63323691 -0.04281327 0.10000000
    endloop
  endfacet
  facet normal 8.832146e-02 -9.960920e-01 0.000000e+00
    outer loop
      vertex 0.64846019 -0.04146346 0.00000000
      vertex 0.63323691 -0.04281327 0.10000000
      vertex 0.63323691 -0.04281327 0.00000000
    endloop
  endfacet
  facet normal 8.597394e-02 -9.962974e-01 0.000000e+00
    outer loop
      vertex 0.63323691 -0.04281327 0.00000000
      vertex 0.63323691 -0.04281327 0.10000000
      vertex 0.61787947 -0.04413852 0.10000000
    endloop
  endfacet
  facet normal 8.597394e-02 -9.962974e-01 0.000000e+00
    outer loop
      vertex 0.63323691 -0.04281327 0.00000000
      vertex 0.61787947 -0.04413852 0.10000000
      vertex 0.61787947 -0.04413852 0.00000000
    endloop
  endfacet
  facet normal 8.352937e-02 -9.965053e-01 0.000000e+00
    outer loop
      vertex 0.61787947 -0.04413852 0.00000000
      vertex 0.61787947 -0.04413852 0.10000000
      vertex 0.60240333 -0.04543577 0.10000000
    endloop
  endfacet
  facet normal 8.352937e-02 -9.965053e-01 0.000000e+00
    outer loop
      vertex 0.61787947 -0.04413852 0.00000000
      vertex 0.60240333 -0.04543577 0.10000000
      vertex 0.60240333 -0.04543577 0.00000000
    endloop
  endfacet
  facet normal 8.097966e-02 -9.967158e-01 0.000000e+00
    outer loop
      vertex 0.60240333 -0.04543577 0.00000000
      vertex 0.60240333 -0.04543577 0.10000000
      vertex 0.58682409 -0.04670152 0.10000000
    endloop
  endfacet
  facet normal 8.097966e-02 -9.967158e-01 0.000000e+00
    outer loop
      vertex 0.60240333 -0.04543577 0.00000000
      vertex 0.58682409 -0.04670152 0.10000000
      vertex 0.58682409 -0.04670152 0.00000000
    endloop
  endfacet
  facet normal 7.831633e-02 -9.969286e-01 0.000000e+00
    outer loop
      vertex 0.58682409 -0.04670152 0.00000000
      vertex 0.58682409 -0.04670152 0.10000000
      vertex 0.57115742 -0.04793226 0.10000000
    endloop
  endfacet
  facet normal 7.831633e-02 -9.969286e-01 0.000000e+00
    outer loop
      vertex 0.58682409 -0.04670152 0.00000000
      vertex 0.57115742 -0.04793226 0.10000000
      vertex 0.57115742 -0.04793226 0.00000000
    endloop
  endfacet
  facet normal 7.553061e-02 -9.971435e-01 0.000000e+00
    outer loop
      vertex 0.57115742 -0.04793226 0.00000000
      vertex 0.57115742 -0.04793226 0.10000000
      vertex 0.55541910 -0.04912439 0.10000000
    endloop
  endfacet
  facet normal 7.553061e-02 -9.971435e-01 0.000000e+00
    outer loop
      vertex 0.57115742 -0.04793226 0.00000000
      vertex 0.55541910 -0.04912439 0.10000000
      vertex 0.55541910 -0.04912439 0.00000000
    endloop
  endfacet
  facet normal 7.261342e-02 -9.973602e-01 0.000000e+00
    outer loop
      vertex 0.55541910 -0.04912439 0.00000000
      vertex 0.55541910 -0.04912439 0.10000000
      vertex 0.53962498 -0.05027429 0.10000000
    endloop
  endfacet
  facet normal 7.261342e-02 -9.973602e-01 0.000000e+00
    outer loop
      vertex 0.55541910 -0.04912439 0.00000000
      vertex 0.53962498 -0.05027429 0.10000000
      vertex 0.53962498 -0.05027429 0.00000000
    endloop
  endfacet
  facet normal 6.955545e-02 -9.975781e-01 0.000000e+00
    outer loop
      vertex 0.53962498 -0.05027429 0.00000000
      vertex 0.53962498 -0.05027429 0.10000000
      vertex 0.52379096 -0.05137831 0.10000000
    endloop
  endfacet
  facet normal 6.955545e-02 -9.975781e-01 0.000000e+00
    outer loop
      vertex 0.53962498 -0.05027429 0.00000000
      vertex 0.52379096 -0.05137831 0.10000000
      vertex 0.52379096 -0.05137831 0.00000000
    endloop
  endfacet
  facet normal 6.634713e-02 -9.977966e-01 0.000000e+00
    outer loop
      vertex 0.52379096 -0.05137831 0.00000000
      vertex 0.52379096 -0.05137831 0.10000000
      vertex 0.50793298 -0.05243276 0.10000000
    endloop
  endfacet
  facet normal 6.634713e-02 -9.977966e-01 0.000000e+00
    outer loop
      vertex 0.52379096 -0.05137831 0.00000000
      vertex 0.50793298 -0.05243276 0.10000000
      vertex 0.50793298 -0.05243276 0.00000000
    endloop
  endfacet
  facet normal 6.297869e-02 -9.980149e-01 0.000000e+00
    outer loop
      vertex 0.50793298 -0.05243276 0.00000000
      vertex 0.50793298 -0.05243276 0.10000000
      vertex 0.49206702 -0.05343397 0.10000000
    endloop
  endfacet
  facet normal 6.297869e-02 -9.980149e-01 0.000000e+00
    outer loop
      vertex 0.50793298 -0.05243276 0.00000000
      vertex 0.49206702 -0.05343397 0.10000000
      vertex 0.49206702 -0.05343397 0.00000000
    endloop
  endfacet
  facet normal 5.944019e-02 -9.982319e-01 0.000000e+00
    outer loop
      vertex 0.49206702 -0.05343397 0.00000000
      vertex 0.49206702 -0.05343397 0.10000000
      vertex 0.47620904 -0.05437824 0.10000000
    endloop
  endfacet
  facet normal 5.944019e-02 -9.982319e-01 0.000000e+00
    outer loop
      vertex 0.49206702 -0.05343397 0.00000000
      vertex 0.47620904 -0.05437824 0.10000000
      vertex 0.47620904 -0.05437824 0.00000000
    endloop
  endfacet
  facet normal 5.572151e-02 -9.984463e-01 0.000000e+00
    outer loop
      vertex 0.47620904 -0.05437824 0.00000000
      vertex 0.47620904 -0.05437824 0.10000000
      vertex 0.46037502 -0.05526191 0.10000000
    endloop
  endfacet
  facet normal 5.572151e-02 -9.984463e-01 0.000000e+00
    outer loop
      vertex 0.47620904 -0.05437824 0.00000000
      vertex 0.46037502 -0.05526191 0.10000000
      vertex 0.46037502 -0.05526191 0.00000000
    endloop
  endfacet
  facet normal 5.181239e-02 -9.986568e-01 0.000000e+00
    outer loop
      vertex 0.46037502 -0.05526191 0.00000000
      vertex 0.46037502 -0.05526191 0.10000000
      vertex 0.44458090 -0.05608134 0.10000000
    endloop
  endfacet
  facet normal 5.181239e-02 -9.986568e-01 0.000000e+00
    outer loop
      vertex 0.46037502 -0.05526191 0.00000000
      vertex 0.44458090 -0.05608134 0.10000000
      vertex 0.44458090 -0.05608134 0.00000000
    endloop
  endfacet
  facet normal 4.770241e-02 -9.988616e-01 0.000000e+00
    outer loop
      vertex 0.44458090 -0.05608134 0.00000000
      vertex 0.44458090 -0.05608134 0.10000000
      vertex 0.42884258 -0.05683295 0.10000000
    endloop
  endfacet
  facet normal 4.770241e-02 -9.988616e-01 0.000000e+00
    outer loop
      vertex 0.44458090 -0.05608134 0.00000000
      vertex 0.42884258 -0.05683295 0.10000000
      vertex 0.42884258 -0.05683295 0.00000000
    endloop
  endfacet
  facet normal 4.338103e-02 -9.990586e-01 0.000000e+00
    outer loop
      vertex 0.42884258 -0.05683295 0.00000000
      vertex 0.42884258 -0.05683295 0.10000000
      vertex 0.41317591 -0.05751323 0.10000000
    endloop
  endfacet
  facet normal 4.338103e-02 -9.990586e-01 0.000000e+00
    outer loop
      vertex 0.42884258 -0.05683295 0.00000000
      vertex 0.41317591 -0.05751323 0.10000000
      vertex 0.41317591 -0.05751323 0.00000000
    endloop
  endfacet
  facet normal 3.883752e-02 -9.992455e-01 0.000000e+00
    outer loop
      vertex 0.41317591 -0.05751323 0.00000000
      vertex 0.41317591 -0.05751323 0.10000000
      vertex 0.39759667 -0.05811874 0.10000000
    endloop
  endfacet
  facet normal 3.883752e-02 -9.992455e-01 0.000000e+00
    outer loop
      vertex 0.41317591 -0.05751323 0.00000000
      vertex 0.39759667 -0.05811874 0.10000000
      vertex 0.39759667 -0.05811874 0.00000000
    endloop
  endfacet
  facet normal 3.406098e-02 -9.994198e-01 0.000000e+00
    outer loop
      vertex 0.39759667 -0.05811874 0.00000000
      vertex 0.39759667 -0.05811874 0.10000000
      vertex 0.38212053 -0.05864618 0.10000000
    endloop
  endfacet
  facet normal 3.406098e-02 -9.994198e-01 0.000000e+00
    outer loop
      vertex 0.39759667 -0.05811874 0.00000000
      vertex 0.38212053 -0.05864618 0.10000000
      vertex 0.38212053 -0.05864618 0.00000000
    endloop
  endfacet
  facet normal 2.904028e-02 -9.995782e-01 0.000000e+00
    outer loop
      vertex 0.38212053 -0.05864618 0.00000000
      vertex 0.38212053 -0.05864618 0.10000000
      vertex 0.36676309 -0.05909235 0.10000000
    endloop
  endfacet
  facet normal 2.904028e-02 -9.995782e-01 0.000000e+00
    outer loop
      vertex 0.38212053 -0.05864618 0.00000000
      vertex 0.36676309 -0.05909235 0.10000000
      vertex 0.36676309 -0.05909235 0.00000000
    endloop
  endfacet
  facet normal 2.376404e-02 -9.997176e-01 0.000000e+00
    outer loop
      vertex 0.36676309 -0.05909235 0.00000000
      vertex 0.36676309 -0.05909235 0.10000000
      vertex 0.35153981 -0.05945422 0.10000000
    endloop
  endfacet
  facet normal 2.376404e-02 -9.997176e-01 0.000000e+00
    outer loop
      vertex 0.36676309 -0.05909235 0.00000000
      vertex 0.35153981 -0.05945422 0.10000000
      vertex 0.35153981 -0.05945422 0.00000000
    endloop
  endfacet
  facet normal 1.822052e-02 -9.998340e-01 0.000000e+00
    outer loop
      vertex 0.35153981 -0.05945422 0.00000000
      vertex 0.35153981 -0.05945422 0.10000000
      vertex 0.33646602 -0.05972892 0.10000000
    endloop
  endfacet
  facet normal 1.822052e-02 -9.998340e-01 0.000000e+00
    outer loop
      vertex 0.35153981 -0.05945422 0.00000000
      vertex 0.33646602 -0.05972892 0.10000000
      vertex 0.33646602 -0.05972892 0.00000000
    endloop
  endfacet
  facet normal 1.239755e-02 -9.999231e-01 0.000000e+00
    outer loop
      vertex 0.33646602 -0.05972892 0.00000000
      vertex 0.33646602 -0.05972892 0.10000000
      vertex 0.32155689 -0.05991377 0.10000000
    endloop
  endfacet
  facet normal 1.239755e-02 -9.999231e-01 0.000000e+00
    outer loop
      vertex 0.33646602 -0.05972892 0.00000000
      vertex 0.32155689 -0.05991377 0.10000000
      vertex 0.32155689 -0.05991377 0.00000000
    endloop
  endfacet
  facet normal 6.282411e-03 -9.999803e-01 0.000000e+00
    outer loop
      vertex 0.32155689 -0.05991377 0.00000000
      vertex 0.32155689 -0.05991377 0.10000000
      vertex 0.30682744 -0.06000631 0.10000000
    endloop
  endfacet
  facet normal 6.282411e-03 -9.999803e-01 0.000000e+00
    outer loop
      vertex 0.32155689 -0.05991377 0.00000000
      vertex 0.30682744 -0.06000631 0.10000000
      vertex 0.30682744 -0.06000631 0.00000000
    endloop
  endfacet
  facet normal -1.383011e-04 -1.000000e+00 0.000000e+00
    outer loop
      vertex 0.30682744 -0.06000631 0.00000000
      vertex 0.30682744 -0.06000631 0.10000000
      vertex 0.29229249 -0.06000430 0.10000000
    endloop
  endfacet
  facet normal -1.383011e-04 -1.000000e+00 0.000000e+00
    outer loop
      vertex 0.30682744 -0.06000631 0.00000000
      vertex 0.29229249 -0.06000430 0.10000000
      vertex 0.29229249 -0.06000430 0.00000000
    endloop
  endfacet
  facet normal -6.878855e-03 -9.999763e-01 0.000000e+00
    outer loop
      vertex 0.29229249 -0.06000430 0.00000000
      vertex 0.29229249 -0.06000430 0.10000000
      vertex 0.27796669 -0.05990575 0.10000000
    endloop
  endfacet
  facet normal -6.878855e-03 -9.999763e-01 0.000000e+00
    outer loop
      vertex 0.29229249 -0.06000430 0.00000000
      vertex 0.27796669 -0.05990575 0.10000000
      vertex 0.27796669 -0.05990575 0.00000000
    endloop
  endfacet
  facet normal -1.395459e-02 -9.999026e-01 0.000000e+00
    outer loop
      vertex 0.27796669 -0.05990575 0.00000000
      vertex 0.27796669 -0.05990575 0.10000000
      vertex 0.26386446 -0.05970894 0.10000000
    endloop
  endfacet
  facet normal -1.395459e-02 -9.999026e-01 0.000000e+00
    outer loop
      vertex 0.27796669 -0.05990575 0.00000000
      vertex 0.26386446 -0.05970894 0.10000000
      vertex 0.26386446 -0.05970894 0.00000000
    endloop
  endfacet
  facet normal -2.138219e-02 -9.997714e-01 0.000000e+00
    outer loop
      vertex 0.26386446 -0.05970894 0.00000000
      vertex 0.26386446 -0.05970894 0.10000000
      vertex 0.25000000 -0.05941242 0.10000000
    endloop
  endfacet
  facet normal -2.138219e-02 -9.997714e-01 0.000000e+00
    outer loop
      vertex 0.26386446 -0.05970894 0.00000000
      vertex 0.25000000 -0.05941242 0.10000000
      vertex 0.25000000 -0.05941242 0.00000000
    endloop
  endfacet
  facet normal -2.917995e-02 -9.995742e-01 0.000000e+00
    outer loop
      vertex 0.25000000 -0.05941242 0.00000000
      vertex 0.25000000 -0.05941242 0.10000000
      vertex 0.23638727 -0.05901503 0.10000000
    endloop
  endfacet
  facet normal -2.917995e-02 -9.995742e-01 0.000000e+00
    outer loop
      vertex 0.25000000 -0.05941242 0.00000000
      vertex 0.23638727 -0.05901503 0.10000000
      vertex 0.23638727 -0.05901503 0.00000000
    endloop
  endfacet
  facet normal -3.736820e-02 -9.993016e-01 0.000000e+00
    outer loop
      vertex 0.23638727 -0.05901503 0.00000000
      vertex 0.23638727 -0.05901503 0.10000000
      vertex 0.22303997 -0.05851592 0.10000000
    endloop
  endfacet
  facet normal -3.736820e-02 -9.993016e-01 0.000000e+00
    outer loop
      vertex 0.23638727 -0.05901503 0.00000000
      vertex 0.22303997 -0.05851592 0.10000000
      vertex 0.22303997 -0.05851592 0.00000000
    endloop
  endfacet
  facet normal -4.596970e-02 -9.989428e-01 0.000000e+00
    outer loop
      vertex 0.22303997 -0.05851592 0.00000000
      vertex 0.22303997 -0.05851592 0.10000000
      vertex 0.20997155 -0.05791453 0.10000000
    endloop
  endfacet
  facet normal -4.596970e-02 -9.989428e-01 0.000000e+00
    outer loop
      vertex 0.22303997 -0.05851592 0.00000000
      vertex 0.20997155 -0.05791453 0.10000000
      vertex 0.20997155 -0.05791453 0.00000000
    endloop
  endfacet
  facet normal -5.501015e-02 -9.984858e-01 0.000000e+00
    outer loop
      vertex 0.20997155 -0.05791453 0.00000000
      vertex 0.20997155 -0.05791453 0.10000000
      vertex 0.19719516 -0.05721064 0.10000000
    endloop
  endfacet
  facet normal -5.501015e-02 -9.984858e-01 0.000000e+00
    outer loop
      vertex 0.20997155 -0.05791453 0.00000000
      vertex 0.19719516 -0.05721064 0.10000000
      vertex 0.19719516 -0.05721064 0.00000000
    endloop
  endfacet
  facet normal -6.451889e-02 -9.979165e-01 0.000000e+00
    outer loop
      vertex 0.19719516 -0.05721064 0.00000000
      vertex 0.19719516 -0.05721064 0.10000000
      vertex 0.18472367 -0.05640431 0.10000000
    endloop
  endfacet
  facet normal -6.451889e-02 -9.979165e-01 0.000000e+00
    outer loop
      vertex 0.19719516 -0.05721064 0.00000000
      vertex 0.18472367 -0.05640431 0.10000000
      vertex 0.18472367 -0.05640431 0.00000000
    endloop
  endfacet
  facet normal -7.452957e-02 -9.972188e-01 0.000000e+00
    outer loop
      vertex 0.18472367 -0.05640431 0.00000000
      vertex 0.18472367 -0.05640431 0.10000000
      vertex 0.17256963 -0.05549595 0.10000000
    endloop
  endfacet
  facet normal -7.452957e-02 -9.972188e-01 0.000000e+00
    outer loop
      vertex 0.18472367 -0.05640431 0.00000000
      vertex 0.17256963 -0.05549595 0.10000000
      vertex 0.17256963 -0.05549595 0.00000000
    endloop
  endfacet
  facet normal -8.508106e-02 -9.963740e-01 0.000000e+00
    outer loop
      vertex 0.17256963 -0.05549595 0.00000000
      vertex 0.17256963 -0.05549595 0.10000000
      vertex 0.16074529 -0.05448626 0.10000000
    endloop
  endfacet
  facet normal -8.508106e-02 -9.963740e-01 0.000000e+00
    outer loop
      vertex 0.17256963 -0.05549595 0.00000000
      vertex 0.16074529 -0.05448626 0.10000000
      vertex 0.16074529 -0.05448626 0.00000000
    endloop
  endfacet
  facet normal -9.621856e-02 -9.953602e-01 0.000000e+00
    outer loop
      vertex 0.16074529 -0.05448626 0.00000000
      vertex 0.16074529 -0.05448626 0.10000000
      vertex 0.14926256 -0.05337626 0.10000000
    endloop
  endfacet
  facet normal -9.621856e-02 -9.953602e-01 0.000000e+00
    outer loop
      vertex 0.16074529 -0.05448626 0.00000000
      vertex 0.14926256 -0.05337626 0.10000000
      vertex 0.14926256 -0.05337626 0.00000000
    endloop
  endfacet
  facet normal -1.079949e-01 -9.941515e-01 0.000000e+00
    outer loop
      vertex 0.14926256 -0.05337626 0.00000000
      vertex 0.14926256 -0.05337626 0.10000000
      vertex 0.13813298 -0.05216725 0.10000000
    endloop
  endfacet
  facet normal -1.079949e-01 -9.941515e-01 0.000000e+00
    outer loop
      vertex 0.14926256 -0.05337626 0.00000000
      vertex 0.13813298 -0.05216725 0.10000000
      vertex 0.13813298 -0.05216725 0.00000000
    endloop
  endfacet
  facet normal -1.204720e-01 -9.927167e-01 0.000000e+00
    outer loop
      vertex 0.13813298 -0.05216725 0.00000000
      vertex 0.13813298 -0.05216725 0.10000000
      vertex 0.12736778 -0.05086083 0.10000000
    endloop
  endfacet
  facet normal -1.204720e-01 -9.927167e-01 0.000000e+00
    outer loop
      vertex 0.13813298 -0.05216725 0.00000000
      vertex 0.12736778 -0.05086083 0.10000000
      vertex 0.12736778 -0.05086083 0.00000000
    endloop
  endfacet
  facet normal -1.337228e-01 -9.910188e-01 0.000000e+00
    outer loop
      vertex 0.12736778 -0.05086083 0.00000000
      vertex 0.12736778 -0.05086083 0.10000000
      vertex 0.11697778 -0.04945886 0.10000000
    endloop
  endfacet
  facet normal -1.337228e-01 -9.910188e-01 0.000000e+00
    outer loop
      vertex 0.12736778 -0.05086083 0.00000000
      vertex 0.11697778 -0.04945886 0.10000000
      vertex 0.11697778 -0.04945886 0.00000000
    endloop
  endfacet
  facet normal -1.478338e-01 -9.890122e-01 0.000000e+00
    outer loop
      vertex 0.11697778 -0.04945886 0.00000000
      vertex 0.11697778 -0.04945886 0.10000000
      vertex 0.10697345 -0.04796345 0.10000000
    endloop
  endfacet
  facet normal -1.478338e-01 -9.890122e-01 0.000000e+00
    outer loop
      vertex 0.11697778 -0.04945886 0.00000000
      vertex 0.10697345 -0.04796345 0.10000000
      vertex 0.10697345 -0.04796345 0.00000000
    endloop
  endfacet
  facet normal -1.629076e-01 -9.866413e-01 0.000000e+00
    outer loop
      vertex 0.10697345 -0.04796345 0.00000000
      vertex 0.10697345 -0.04796345 0.10000000
      vertex 0.09736487 -0.04637694 0.10000000
    endloop
  endfacet
  facet normal -1.629076e-01 -9.866413e-01 0.000000e+00
    outer loop
      vertex 0.10697345 -0.04796345 0.00000000
      vertex 0.09736487 -0.04637694 0.10000000
      vertex 0.09736487 -0.04637694 0.00000000
    endloop
  endfacet
  facet normal -1.790662e-01 -9.838370e-01 0.000000e+00
    outer loop
      vertex 0.09736487 -0.04637694 0.00000000
      vertex 0.09736487 -0.04637694 0.10000000
      vertex 0.08816171 -0.04470190 0.10000000
    endloop
  endfacet
  facet normal -1.790662e-01 -9.838370e-01 0.000000e+00
    outer loop
      vertex 0.09736487 -0.04637694 0.00000000
      vertex 0.08816171 -0.04470190 0.10000000
      vertex 0.08816171 -0.04470190 0.00000000
    endloop
  endfacet
  facet normal -1.964559e-01 -9.805127e-01 0.000000e+00
    outer loop
      vertex 0.08816171 -0.04470190 0.00000000
      vertex 0.08816171 -0.04470190 0.10000000
      vertex 0.07937323 -0.04294103 0.10000000
    endloop
  endfacet
  facet normal -1.964559e-01 -9.805127e-01 0.000000e+00
    outer loop
      vertex 0.08816171 -0.04470190 0.00000000
      vertex 0.07937323 -0.04294103 0.10000000
      vertex 0.07937323 -0.04294103 0.00000000
    endloop
  endfacet
  facet normal -2.152515e-01 -9.765586e-01 0.000000e+00
    outer loop
      vertex 0.07937323 -0.04294103 0.00000000
      vertex 0.07937323 -0.04294103 0.10000000
      vertex 0.07100829 -0.04109725 0.10000000
    endloop
  endfacet
  facet normal -2.152515e-01 -9.765586e-01 0.000000e+00
    outer loop
      vertex 0.07937323 -0.04294103 0.00000000
      vertex 0.07100829 -0.04109725 0.10000000
      vertex 0.07100829 -0.04109725 0.00000000
    endloop
  endfacet
  facet normal -2.356638e-01 -9.718346e-01 0.000000e+00
    outer loop
      vertex 0.07100829 -0.04109725 0.00000000
      vertex 0.07100829 -0.04109725 0.10000000
      vertex 0.06307531 -0.03917355 0.10000000
    endloop
  endfacet
  facet normal -2.356638e-01 -9.718346e-01 0.000000e+00
    outer loop
      vertex 0.07100829 -0.04109725 0.00000000
      vertex 0.06307531 -0.03917355 0.10000000
      vertex 0.06307531 -0.03917355 0.00000000
    endloop
  endfacet
  facet normal -2.579462e-01 -9.661593e-01 0.000000e+00
    outer loop
      vertex 0.06307531 -0.03917355 0.00000000
      vertex 0.06307531 -0.03917355 0.10000000
      vertex 0.05558228 -0.03717305 0.10000000
    endloop
  endfacet
  facet normal -2.579462e-01 -9.661593e-01 0.000000e+00
    outer loop
      vertex 0.06307531 -0.03917355 0.00000000
      vertex 0.05558228 -0.03717305 0.10000000
      vertex 0.05558228 -0.03717305 0.00000000
    endloop
  endfacet
  facet normal -2.824050e-01 -9.592953e-01 0.000000e+00
    outer loop
      vertex 0.05558228 -0.03717305 0.00000000
      vertex 0.05558228 -0.03717305 0.10000000
      vertex 0.04853673 -0.03509893 0.10000000
    endloop
  endfacet
  facet normal -2.824050e-01 -9.592953e-01 0.000000e+00
    outer loop
      vertex 0.05558228 -0.03717305 0.00000000
      vertex 0.04853673 -0.03509893 0.10000000
      vertex 0.04853673 -0.03509893 0.00000000
    endloop
  endfacet
  facet normal -3.094093e-01 -9.509290e-01 0.000000e+00
    outer loop
      vertex 0.04853673 -0.03509893 0.00000000
      vertex 0.04853673 -0.03509893 0.10000000
      vertex 0.04194577 -0.03295439 0.10000000
    endloop
  endfacet
  facet normal -3.094093e-01 -9.509290e-01 0.000000e+00
    outer loop
      vertex 0.04853673 -0.03509893 0.00000000
      vertex 0.04194577 -0.03295439 0.10000000
      vertex 0.04194577 -0.03295439 0.00000000
    endloop
  endfacet
  facet normal -3.394036e-01 -9.406408e-01 0.000000e+00
    outer loop
      vertex 0.04194577 -0.03295439 0.00000000
      vertex 0.04194577 -0.03295439 0.10000000
      vertex 0.03581603 -0.03074264 0.10000000
    endloop
  endfacet
  facet normal -3.394036e-01 -9.406408e-01 0.000000e+00
    outer loop
      vertex 0.04194577 -0.03295439 0.00000000
      vertex 0.03581603 -0.03074264 0.10000000
      vertex 0.03581603 -0.03074264 0.00000000
    endloop
  endfacet
  facet normal -3.729197e-01 -9.278636e-01 0.000000e+00
    outer loop
      vertex 0.03581603 -0.03074264 0.00000000
      vertex 0.03581603 -0.03074264 0.10000000
      vertex 0.03015369 -0.02846688 0.10000000
    endloop
  endfacet
  facet normal -3.729197e-01 -9.278636e-01 0.000000e+00
    outer loop
      vertex 0.03581603 -0.03074264 0.00000000
      vertex 0.03015369 -0.02846688 0.10000000
      vertex 0.03015369 -0.02846688 0.00000000
    endloop
  endfacet
  facet normal -4.105847e-01 -9.118225e-01 0.000000e+00
    outer loop
      vertex 0.03015369 -0.02846688 0.00000000
      vertex 0.03015369 -0.02846688 0.10000000
      vertex 0.02496444 -0.02613021 0.10000000
    endloop
  endfacet
  facet normal -4.105847e-01 -9.118225e-01 0.000000e+00
    outer loop
      vertex 0.03015369 -0.02846688 0.00000000
      vertex 0.02496444 -0.02613021 0.10000000
      vertex 0.02496444 -0.02613021 0.00000000
    endloop
  endfacet
  facet normal -4.531196e-01 -8.914497e-01 0.000000e+00
    outer loop
      vertex 0.02496444 -0.02613021 0.00000000
      vertex 0.02496444 -0.02613021 0.10000000
      vertex 0.02025351 -0.02373567 0.10000000
    endloop
  endfacet
  facet normal -4.531196e-01 -8.914497e-01 0.000000e+00
    outer loop
      vertex 0.02496444 -0.02613021 0.00000000
      vertex 0.02025351 -0.02373567 0.10000000
      vertex 0.02025351 -0.02373567 0.00000000
    endloop
  endfacet
  facet normal -5.013121e-01 -8.652665e-01 0.000000e+00
    outer loop
      vertex 0.02025351 -0.02373567 0.00000000
      vertex 0.02025351 -0.02373567 0.10000000
      vertex 0.01602565 -0.02128616 0.10000000
    endloop
  endfacet
  facet normal -5.013121e-01 -8.652665e-01 0.000000e+00
    outer loop
      vertex 0.02025351 -0.02373567 0.00000000
      vertex 0.01602565 -0.02128616 0.10000000
      vertex 0.01602565 -0.02128616 0.00000000
    endloop
  endfacet
  facet normal -5.559343e-01 -8.312262e-01 0.000000e+00
    outer loop
      vertex 0.01602565 -0.02128616 0.00000000
      vertex 0.01602565 -0.02128616 0.10000000
      vertex 0.01228511 -0.01878444 0.10000000
    endloop
  endfacet
  facet normal -5.559343e-01 -8.312262e-01 0.000000e+00
    outer loop
      vertex 0.01602565 -0.02128616 0.00000000
      vertex 0.01228511 -0.01878444 0.10000000
      vertex 0.01228511 -0.01878444 0.00000000
    endloop
  endfacet
  facet normal -6.175529e-01 -7.865293e-01 0.000000e+00
    outer loop
      vertex 0.01228511 -0.01878444 0.00000000
      vertex 0.01228511 -0.01878444 0.10000000
      vertex 0.00903565 -0.01623309 0.10000000
    endloop
  endfacet
  facet normal -6.175529e-01 -7.865293e-01 0.000000e+00
    outer loop
      vertex 0.01228511 -0.01878444 0.00000000
      vertex 0.00903565 -0.01623309 0.10000000
      vertex 0.00903565 -0.01623309 0.00000000
    endloop
  endfacet
  facet normal -6.861429e-01 -7.274667e-01 0.000000e+00
    outer loop
      vertex 0.00903565 -0.01623309 0.00000000
      vertex 0.00903565 -0.01623309 0.10000000
      vertex 0.00628056 -0.01363450 0.10000000
    endloop
  endfacet
  facet normal -6.861429e-01 -7.274667e-01 0.000000e+00
    outer loop
      vertex 0.00903565 -0.01623309 0.00000000
      vertex 0.00628056 -0.01363450 0.10000000
      vertex 0.00628056 -0.01363450 0.00000000
    endloop
  endfacet
  facet normal -7.603984e-01 -6.494569e-01 0.000000e+00
    outer loop
      vertex 0.00628056 -0.01363450 0.00000000
      vertex 0.00628056 -0.01363450 0.10000000
      vertex 0.00402259 -0.01099083 0.10000000
    endloop
  endfacet
  facet normal -7.603984e-01 -6.494569e-01 0.000000e+00
    outer loop
      vertex 0.00628056 -0.01363450 0.00000000
      vertex 0.00402259 -0.01099083 0.10000000
      vertex 0.00402259 -0.01099083 0.00000000
    endloop
  endfacet
  facet normal -8.367149e-01 -5.476387e-01 0.000000e+00
    outer loop
      vertex 0.00402259 -0.01099083 0.00000000
      vertex 0.00402259 -0.01099083 0.10000000
      vertex 0.00226404 -0.00830400 0.10000000
    endloop
  endfacet
  facet normal -8.367149e-01 -5.476387e-01 0.000000e+00
    outer loop
      vertex 0.00402259 -0.01099083 0.00000000
      vertex 0.00226404 -0.00830400 0.10000000
      vertex 0.00226404 -0.00830400 0.00000000
    endloop
  endfacet
  facet normal -9.081924e-01 -4.185530e-01 0.000000e+00
    outer loop
      vertex 0.00226404 -0.00830400 0.00000000
      vertex 0.00226404 -0.00830400 0.10000000
      vertex 0.00100666 -0.00557570 0.10000000
    endloop
  endfacet
  facet normal -9.081924e-01 -4.185530e-01 0.000000e+00
    outer loop
      vertex 0.00226404 -0.00830400 0.00000000
      vertex 0.00100666 -0.00557570 0.10000000
      vertex 0.00100666 -0.00557570 0.00000000
    endloop
  endfacet
  facet normal -9.647708e-01 -2.630917e-01 0.000000e+00
    outer loop
      vertex 0.00100666 -0.00557570 0.00000000
      vertex 0.00100666 -0.00557570 0.10000000
      vertex 0.00025173 -0.00280732 0.10000000
    endloop
  endfacet
  facet normal -9.647708e-01 -2.630917e-01 0.000000e+00
    outer loop
      vertex 0.00100666 -0.00557570 0.00000000
      vertex 0.00025173 -0.00280732 0.10000000
      vertex 0.00025173 -0.00280732 0.00000000
    endloop
  endfacet
  facet normal -9.960038e-01 -8.931044e-02 0.000000e+00
    outer loop
      vertex 0.00025173 -0.00280732 0.00000000
      vertex 0.00025173 -0.00280732 0.10000000
      vertex 0.00000000 0.00000000 0.10000000
    endloop
  endfacet
  facet normal -9.960038e-01 -8.931044e-02 0.000000e+00
    outer loop
      vertex 0.00025173 -0.00280732 0.00000000
      vertex 0.00000000 0.00000000 0.10000000
      vertex 0.00000000 0.00000000 0.00000000
    endloop
  endfacet
  facet normal 0.000000e+00 0.000000e+00 0.000000e+00
    outer loop
      vertex 0.00000000 0.00000000 0.00000000
      vertex 0.00000000 0.00000000 0.10000000
      vertex 0.00000000 0.00000000 0.10000000
    endloop
  endfacet
  facet normal 0.000000e+00 0.000000e+00 0.000000e+00
    outer loop
      vertex 0.00000000 0.00000000 0.00000000
      vertex 0.00000000 0.00000000 0.10000000
      vertex 0.00000000 0.00000000 0.00000000
    endloop
  endfacet
  facet normal 0.000000e+00 0.000000e+00 1.000000e+00
    outer loop
      vertex 0.49748744 0.00000000 0.00000000
      vertex 0.00025173 0.00280732 0.00000000
      vertex 0.00000000 0.00000000 0.00000000
    endloop
  endfacet
  facet normal 0.000000e+00 0.000000e+00 1.000000e+00
    outer loop
      vertex 0.49748744 0.00000000 0.00000000
      vertex 0.00100666 0.00557570 0.00000000
      vertex 0.00025173 0.00280732 0.00000000
    endloop
  endfacet
  facet normal 0.000000e+00 0.000000e+00 1.000000e+00
    outer loop
      vertex 0.49748744 0.00000000 0.00000000
      vertex 0.00226404 0.00830400 0.00000000
      vertex 0.00100666 0.00557570 0.00000000
    endloop
  endfacet
  facet normal 0.000000e+00 0.000000e+00 1.000000e+00
    outer loop
      vertex 0.49748744 0.00000000 0.00000000
      vertex 0.00402259 0.01099083 0.00000000
      vertex 0.00226404 0.00830400 0.00000000
    endloop
  endfacet
  facet normal 0.000000e+00 0.000000e+00 1.000000e+00
    outer loop
      vertex 0.49748744 0.00000000 0.00000000
      vertex 0.00628056 0.01363450 0.00000000
      vertex 0.00402259 0.01099083 0.00000000
    endloop
  endfacet
  facet normal 0.000000e+00 0.000000e+00 1.000000e+00
    outer loop
      vertex 0.49748744 0.00000000 0.00000000
      vertex 0.00903565 0.01623309 0.00000000
      vertex 0.00628056 0.01363450 0.00000000
    endloop
  endfacet
  facet normal 0.000000e+00 0.000000e+00 1.000000e+00
    outer loop
      vertex 0.49748744 0.00000000 0.00000000
      vertex 0.01228511 0.01878444 0.00000000
      vertex 0.00903565 0.01623309 0.00000000
    endloop
  endfacet
  facet normal 0.000000e+00 0.000000e+00 1.000000e+00
    outer loop
      vertex 0.49748744 0.00000000 0.00000000
      vertex 0.01602565 0.02128616 0.00000000
      vertex 0.01228511 0.01878444 0.00000000
    endloop
  endfacet
  facet normal 0.000000e+00 0.000000e+00 1.000000e+00
    outer loop
      vertex 0.49748744 0.00000000 0.00000000
      vertex 0.02025351 0.02373567 0.00000000
      vertex 0.01602565 0.02128616 0.00000000
    endloop
  endfacet
  facet normal 0.000000e+00 0.000000e+00 1.000000e+00
    outer loop
      vertex 0.49748744 0.00000000 0.00000000
      vertex 0.02496444 0.02613021 0.00000000
      vertex 0.02025351 0.02373567 0.00000000
    endloop
  endfacet
  facet normal 0.000000e+00 0.000000e+00 1.000000e+00
    outer loop
      vertex 0.49748744 0.00000000 0.00000000
      vertex 0.03015369 0.02846688 0.00000000
      vertex 0.02496444 0.02613021 0.00000000
    endloop
  endfacet
  facet normal 0.000000e+00 0.000000e+00 1.000000e+00
    outer loop
      vertex 0.49748744 0.00000000 0.00000000
      vertex 0.03581603 0.03074264 0.00000000
      vertex 0.03015369 0.02846688 0.00000000
    endloop
  endfacet
  facet normal 0.000000e+00 0.000000e+00 1.000000e+00
    outer loop
      vertex 0.49748744 0.00000000 0.00000000
      vertex 0.04194577 0.03295439 0.00000000
      vertex 0.03581603 0.03074264 0.00000000
    endloop
  endfacet
  facet normal 0.000000e+00 0.000000e+00 1.000000e+00
    outer loop
      vertex 0.49748744 0.00000000 0.00000000
      vertex 0.04853673 0.03509893 0.00000000
      vertex 0.04194577 0.03295439 0.00000000
    endloop
  endfacet
  facet normal 0.000000e+00 0.000000e+00 1.000000e+00
    outer loop
      vertex 0.49748744 0.00000000 0.00000000
      vertex 0.05558228 0.03717305 0.00000000
      vertex 0.04853673 0.03509893 0.00000000
    endloop
  endfacet
  facet normal 0.000000e+00 0.000000e+00 1.000000e+00
    outer loop
      vertex 0.49748744 0.00000000 0.00000000
      vertex 0.06307531 0.03917355 0.00000000
      vertex 0.05558228 0.03717305 0.00000000
    endloop
  endfacet
  facet normal 0.000000e+00 0.000000e+00 1.000000e+00
    outer loop
      vertex 0.49748744 0.00000000 0.00000000
      vertex 0.07100829 0.04109725 0.00000000
      vertex 0.06307531 0.03917355 0.00000000
    endloop
  endfacet
  facet normal 0.000000e+00 0.000000e+00 1.000000e+00
    outer loop
      vertex 0.49748744 0.00000000 0.00000000
      vertex 0.07937323 0.04294103 0.00000000
      vertex 0.07100829 0.04109725 0.00000000
    endloop
  endfacet
  facet normal 0.000000e+00 0.000000e+00 1.000000e+00
    outer loop
      vertex 0.49748744 0.00000000 0.00000000
      vertex 0.08816171 0.04470190 0.00000000
      vertex 0.07937323 0.04294103 0.00000000
    endloop
  endfacet
  facet normal 0.000000e+00 0.000000e+00 1.000000e+00
    outer loop
      vertex 0.49748744 0.00000000 0.00000000
      vertex 0.09736487 0.04637694 0.00000000
      vertex 0.08816171 0.04470190 0.00000000
    endloop
  endfacet
  facet normal 0.000000e+00 0.000000e+00 1.000000e+00
    outer loop
      vertex 0.49748744 0.00000000 0.00000000
      vertex 0.10697345 0.04796345 0.00000000
      vertex 0.09736487 0.04637694 0.00000000
    endloop
  endfacet
  facet normal 0.000000e+00 0.000000e+00 1.000000e+00
    outer loop
      vertex 0.49748744 0.00000000 0.00000000
      vertex 0.11697778 0.04945886 0.00000000
      vertex 0.10697345 0.04796345 0.00000000
    endloop
  endfacet
  facet normal 0.000000e+00 0.000000e+00 1.000000e+00
    outer loop
      vertex 0.49748744 0.00000000 0.00000000
      vertex 0.12736778 0.05086083 0.00000000
      vertex 0.11697778 0.04945886 0.00000000
    endloop
  endfacet
  facet normal 0.000000e+00 0.000000e+00 1.000000e+00
    outer loop
      vertex 0.49748744 0.00000000 0.00000000
      vertex 0.13813298 0.05216725 0.00000000
      vertex 0.12736778 0.05086083 0.00000000
    endloop
  endfacet
  facet normal 0.000000e+00 0.000000e+00 1.000000e+00
    outer loop
      vertex 0.49748744 0.00000000 0.00000000
      vertex 0.14926256 0.05337626 0.00000000
      vertex 0.13813298 0.05216725 0.00000000
    endloop
  endfacet
  facet normal 0.000000e+00 0.000000e+00 1.000000e+00
    outer loop
      vertex 0.49748744 0.00000000 0.00000000
      vertex 0.16074529 0.05448626 0.00000000
      vertex 0.14926256 0.05337626 0.00000000
    endloop
  endfacet
  facet normal 0.000000e+00 0.000000e+00 1.000000e+00
    outer loop
      vertex 0.49748744 0.00000000 0.00000000
      vertex 0.17256963 0.05549595 0.00000000
      vertex 0.16074529 0.05448626 0.00000000
    endloop
  endfacet
  facet normal 0.000000e+00 0.000000e+00 1.000000e+00
    outer loop
      vertex 0.49748744 0.00000000 0.00000000
      vertex 0.18472367 0.05640431 0.00000000
      vertex 0.17256963 0.05549595 0.00000000
    endloop
  endfacet
  facet normal 0.000000e+00 0.000000e+00 1.000000e+00
    outer loop
      vertex 0.49748744 0.00000000 0.00000000
      vertex 0.19719516 0.05721064 0.00000000
      vertex 0.18472367 0.05640431 0.00000000
    endloop
  endfacet
  facet normal 0.000000e+00 0.000000e+00 1.000000e+00
    outer loop
      vertex 0.49748744 0.00000000 0.00000000
      vertex 0.20997155 0.05791453 0.00000000
      vertex 0.19719516 0.05721064 0.00000000
    endloop
  endfacet
  facet normal 0.000000e+00 0.000000e+00 1.000000e+00
    outer loop
      vertex 0.49748744 0.00000000 0.00000000
      vertex 0.22303997 0.05851592 0.00000000
      vertex 0.20997155 0.05791453 0.00000000
    endloop
  endfacet
  facet normal 0.000000e+00 0.000000e+00 1.000000e+00
    outer loop
      vertex 0.49748744 0.00000000 0.00000000
      vertex 0.23638727 0.05901503 0.00000000
      vertex 0.22303997 0.05851592 0.00000000
    endloop
  endfacet
  facet normal 0.000000e+00 0.000000e+00 1.000000e+00
    outer loop
      vertex 0.49748744 0.00000000 0.00000000
      vertex 0.25000000 0.05941242 0.00000000
      vertex 0.23638727 0.05901503 0.00000000
    endloop
  endfacet
  facet normal 0.000000e+00 0.000000e+00 1.000000e+00
    outer loop
      vertex 0.49748744 0.00000000 0.00000000
      vertex 0.26386446 0.05970894 0.00000000
      vertex 0.25000000 0.05941242 0.00000000
    endloop
  endfacet
  facet normal 0.000000e+00 0.000000e+00 1.000000e+00
    outer loop
      vertex 0.49748744 0.00000000 0.00000000
      vertex 0.27796669 0.05990575 0.00000000
      vertex 0.26386446 0.05970894 0.00000000
    endloop
  endfacet
  facet normal 0.000000e+00 0.000000e+00 1.000000e+00
    outer loop
      vertex 0.49748744 0.00000000 0.00000000
      vertex 0.29229249 0.06000430 0.00000000
      vertex 0.27796669 0.05990575 0.00000000
    endloop
  endfacet
  facet normal 0.000000e+00 0.000000e+00 1.000000e+00
    outer loop
      vertex 0.49748744 0.00000000 0.00000000
      vertex 0.30682744 0.06000631 0.00000000
      vertex 0.29229249 0.06000430 0.00000000
    endloop
  endfacet
  facet normal 0.000000e+00 0.000000e+00 1.000000e+00
    outer loop
      vertex 0.49748744 0.00000000 0.00000000
      vertex 0.32155689 0.05991377 0.00000000
      vertex 0.30682744 0.06000631 0.00000000
    endloop
  endfacet
  facet normal 0.000000e+00 0.000000e+00 1.000000e+00
    outer loop
      vertex 0.49748744 0.00000000 0.00000000
      vertex 0.33646602 0.05972892 0.00000000
      vertex 0.32155689 0.05991377 0.00000000
    endloop
  endfacet
  facet normal 0.000000e+00 0.000000e+00 1.000000e+00
    outer loop
      vertex 0.49748744 0.00000000 0.00000000
      vertex 0.35153981 0.05945422 0.00000000
      vertex 0.33646602 0.05972892 0.00000000
    endloop
  endfacet
  facet normal 0.000000e+00 0.000000e+00 1.000000e+00
    outer loop
      vertex 0.49748744 0.00000000 0.00000000
      vertex 0.36676309 0.05909235 0.00000000
      vertex 0.35153981 0.05945422 0.00000000
    endloop
  endfacet
  facet normal 0.000000e+00 0.000000e+00 1.000000e+00
    outer loop
      vertex 0.49748744 0.00000000 0.00000000
      vertex 0.38212053 0.05864618 0.00000000
      vertex 0.36676309 0.05909235 0.00000000
    endloop
  endfacet
  facet normal 0.000000e+00 0.000000e+00 1.000000e+00
    outer loop
      vertex 0.49748744 0.00000000 0.00000000
      vertex 0.39759667 0.05811874 0.00000000
      vertex 0.38212053 0.05864618 0.00000000
    endloop
  endfacet
  facet normal 0.000000e+00 0.000000e+00 1.000000e+00
    outer loop
      vertex 0.49748744 0.00000000 0.00000000
      vertex 0.41317591 0.05751323 0.00000000
      vertex 0.39759667 0.05811874 0.00000000
    endloop
  endfacet
  facet normal 0.000000e+00 0.000000e+00 1.000000e+00
    outer loop
      vertex 0.49748744 0.00000000 0.00000000
      vertex 0.42884258 0.05683295 0.00000000
      vertex 0.41317591 0.05751323 0.00000000
    endloop
  endfacet
  facet normal 0.000000e+00 0.000000e+00 1.000000e+00
    outer loop
      vertex 0.49748744 0.00000000 0.00000000
      vertex 0.44458090 0.05608134 0.00000000
      vertex 0.42884258 0.05683295 0.00000000
    endloop
  endfacet
  facet normal 0.000000e+00 0.000000e+00 1.000000e+00
    outer loop
      vertex 0.49748744 0.00000000 0.00000000
      vertex 0.46037502 0.05526191 0.00000000
      vertex 0.44458090 0.05608134 0.00000000
    endloop
  endfacet
  facet normal 0.000000e+00 0.000000e+00 1.000000e+00
    outer loop
      vertex 0.49748744 0.00000000 0.00000000
      vertex 0.47620904 0.05437824 0.00000000
      vertex 0.46037502 0.05526191 0.00000000
    endloop
  endfacet
  facet normal 0.000000e+00 0.000000e+00 1.000000e+00
    outer loop
      vertex 0.49748744 0.00000000 0.00000000
      vertex 0.49206702 0.05343397 0.00000000
      vertex 0.47620904 0.05437824 0.00000000
    endloop
  endfacet
  facet normal 0.000000e+00 -0.000000e+00 1.000000e+00
    outer loop
      vertex 0.49748744 0.00000000 0.00000000
      vertex 0.50793298 0.05243276 0.00000000
      vertex 0.49206702 0.05343397 0.00000000
    endloop
  endfacet
  facet normal 0.000000e+00 0.000000e+00 1.000000e+00
    outer loop
      vertex 0.49748744 0.00000000 0.00000000
      vertex 0.52379096 0.05137831 0.00000000
      vertex 0.50793298 0.05243276 0.00000000
    endloop
  endfacet
  facet normal 0.000000e+00 0.000000e+00 1.000000e+00
    outer loop
      vertex 0.49748744 0.00000000 0.00000000
      vertex 0.53962498 0.05027429 0.00000000
      vertex 0.52379096 0.05137831 0.00000000
    endloop
  endfacet
  facet normal 0.000000e+00 0.000000e+00 1.000000e+00
    outer loop
      vertex 0.49748744 0.00000000 0.00000000
      vertex 0.55541910 0.04912439 0.00000000
      vertex 0.53962498 0.05027429 0.00000000
    endloop
  endfacet
  facet normal 0.000000e+00 0.000000e+00 1.000000e+00
    outer loop
      vertex 0.49748744 0.00000000 0.00000000
      vertex 0.57115742 0.04793226 0.00000000
      vertex 0.55541910 0.04912439 0.00000000
    endloop
  endfacet
  facet normal 0.000000e+00 0.000000e+00 1.000000e+00
    outer loop
      vertex 0.49748744 0.00000000 0.00000000
      vertex 0.58682409 0.04670152 0.00000000
      vertex 0.57115742 0.04793226 0.00000000
    endloop
  endfacet
  facet normal 0.000000e+00 0.000000e+00 1.000000e+00
    outer loop
      vertex 0.49748744 0.00000000 0.00000000
      vertex 0.60240333 0.04543577 0.00000000
      vertex 0.58682409 0.04670152 0.00000000
    endloop
  endfacet
  facet normal 0.000000e+00 0.000000e+00 1.000000e+00
    outer loop
      vertex 0.49748744 0.00000000 0.00000000
      vertex 0.61787947 0.04413852 0.00000000
      vertex 0.60240333 0.04543577 0.00000000
    endloop
  endfacet
  facet normal 0.000000e+00 0.000000e+00 1.000000e+00
    outer loop
      vertex 0.49748744 0.00000000 0.00000000
      vertex 0.63323691 0.04281327 0.00000000
      vertex 0.61787947 0.04413852 0.00000000
    endloop
  endfacet
  facet normal 0.000000e+00 0.000000e+00 1.000000e+00
    outer loop
      vertex 0.49748744 0.00000000 0.00000000
      vertex 0.64846019 0.04146346 0.00000000
      vertex 0.63323691 0.04281327 0.00000000
    endloop
  endfacet
  facet normal 0.000000e+00 0.000000e+00 1.000000e+00
    outer loop
      vertex 0.49748744 0.00000000 0.00000000
      vertex 0.66353398 0.04009244 0.00000000
      vertex 0.64846019 0.04146346 0.00000000
    endloop
  endfacet
  facet normal 0.000000e+00 0.000000e+00 1.000000e+00
    outer loop
      vertex 0.49748744 0.00000000 0.00000000
      vertex 0.67844311 0.03870354 0.00000000
      vertex 0.66353398 0.04009244 0.00000000
    endloop
  endfacet
  facet normal 0.000000e+00 0.000000e+00 1.000000e+00
    outer loop
      vertex 0.49748744 0.00000000 0.00000000
      vertex 0.69317256 0.03730003 0.00000000
      vertex 0.67844311 0.03870354 0.00000000
    endloop
  endfacet
  facet normal 0.000000e+00 0.000000e+00 1.000000e+00
    outer loop
      vertex 0.49748744 0.00000000 0.00000000
      vertex 0.70770751 0.03588509 0.00000000
      vertex 0.69317256 0.03730003 0.00000000
    endloop
  endfacet
  facet normal 0.000000e+00 0.000000e+00 1.000000e+00
    outer loop
      vertex 0.49748744 0.00000000 0.00000000
      vertex 0.72203331 0.03446189 0.00000000
      vertex 0.70770751 0.03588509 0.00000000
    endloop
  endfacet
  facet normal 0.000000e+00 0.000000e+00 1.000000e+00
    outer loop
      vertex 0.49748744 0.00000000 0.00000000
      vertex 0.73613554 0.03303353 0.00000000
      vertex 0.72203331 0.03446189 0.00000000
    endloop
  endfacet
  facet normal 0.000000e+00 0.000000e+00 1.000000e+00
    outer loop
      vertex 0.49748744 0.00000000 0.00000000
      vertex 0.75000000 0.03160306 0.00000000
      vertex 0.73613554 0.03303353 0.00000000
    endloop
  endfacet
  facet normal 0.000000e+00 0.000000e+00 1.000000e+00
    outer loop
      vertex 0.49748744 0.00000000 0.00000000
      vertex 0.76361273 0.03017351 0.00000000
      vertex 0.75000000 0.03160306 0.00000000
    endloop
  endfacet
  facet normal 0.000000e+00 0.000000e+00 1.000000e+00
    outer loop
      vertex 0.49748744 0.00000000 0.00000000
      vertex 0.77696003 0.02874785 0.00000000
      vertex 0.76361273 0.03017351 0.00000000
    endloop
  endfacet
  facet normal 0.000000e+00 0.000000e+00 1.000000e+00
    outer loop
      vertex 0.49748744 0.00000000 0.00000000
      vertex 0.79002845 0.02732904 0.00000000
      vertex 0.77696003 0.02874785 0.00000000
    endloop
  endfacet
  facet normal 0.000000e+00 0.000000e+00 1.000000e+00
    outer loop
      vertex 0.49748744 0.00000000 0.00000000
      vertex 0.80280484 0.02591999 0.00000000
      vertex 0.79002845 0.02732904 0.00000000
    endloop
  endfacet
  facet normal 0.000000e+00 0.000000e+00 1.000000e+00
    outer loop
      vertex 0.49748744 0.00000000 0.00000000
      vertex 0.81527633 0.02452359 0.00000000
      vertex 0.80280484 0.02591999 0.00000000
    endloop
  endfacet
  facet normal 0.000000e+00 0.000000e+00 1.000000e+00
    outer loop
      vertex 0.49748744 0.00000000 0.00000000
      vertex 0.82743037 0.02314272 0.00000000
      vertex 0.81527633 0.02452359 0.00000000
    endloop
  endfacet
  facet normal 0.000000e+00 0.000000e+00 1.000000e+00
    outer loop
      vertex 0.49748744 0.00000000 0.00000000
      vertex 0.83925471 0.02178023 0.00000000
      vertex 0.82743037 0.02314272 0.00000000
    endloop
  endfacet
  facet normal 0.000000e+00 0.000000e+00 1.000000e+00
    outer loop
      vertex 0.49748744 0.00000000 0.00000000
      vertex 0.85073744 0.02043895 0.00000000
      vertex 0.83925471 0.02178023 0.00000000
    endloop
  endfacet
  facet normal 0.000000e+00 0.000000e+00 1.000000e+00
    outer loop
      vertex 0.49748744 0.00000000 0.00000000
      vertex 0.86186702 0.01912170 0.00000000
      vertex 0.85073744 0.02043895 0.00000000
    endloop
  endfacet
  facet normal 0.000000e+00 0.000000e+00 1.000000e+00
    outer loop
      vertex 0.49748744 0.00000000 0.00000000
      vertex 0.87263222 0.01783127 0.00000000
      vertex 0.86186702 0.01912170 0.00000000
    endloop
  endfacet
  facet normal 0.000000e+00 0.000000e+00 1.000000e+00
    outer loop
      vertex 0.49748744 0.00000000 0.00000000
      vertex 0.88302222 0.01657044 0.00000000
      vertex 0.87263222 0.01783127 0.00000000
    endloop
  endfacet
  facet normal 0.000000e+00 0.000000e+00 1.000000e+00
    outer loop
      vertex 0.49748744 0.00000000 0.00000000
      vertex 0.89302655 0.01534196 0.00000000
      vertex 0.88302222 0.01657044 0.00000000
    endloop
  endfacet
  facet normal 0.000000e+00 0.000000e+00 1.000000e+00
    outer loop
      vertex 0.49748744 0.00000000 0.00000000
      vertex 0.90263513 0.01414856 0.00000000
      vertex 0.89302655 0.01534196 0.00000000
    endloop
  endfacet
  facet normal 0.000000e+00 0.000000e+00 1.000000e+00
    outer loop
      vertex 0.49748744 0.00000000 0.00000000
      vertex 0.91183829 0.01299292 0.00000000
      vertex 0.90263513 0.01414856 0.00000000
    endloop
  endfacet
  facet normal 0.000000e+00 0.000000e+00 1.000000e+00
    outer loop
      vertex 0.49748744 0.00000000 0.00000000
      vertex 0.92062677 0.01187769 0.00000000
      vertex 0.91183829 0.01299292 0.00000000
    endloop
  endfacet
  facet normal 0.000000e+00 0.000000e+00 1.000000e+00
    outer loop
      vertex 0.49748744 0.00000000 0.00000000
      vertex 0.92899171 0.01080549 0.00000000
      vertex 0.92062677 0.01187769 0.00000000
    endloop
  endfacet
  facet normal 0.000000e+00 0.000000e+00 1.000000e+00
    outer loop
      vertex 0.49748744 0.00000000 0.00000000
      vertex 0.93692469 0.00977887 0.00000000
      vertex 0.92899171 0.01080549 0.00000000
    endloop
  endfacet
  facet normal 0.000000e+00 0.000000e+00 1.000000e+00
    outer loop
      vertex 0.49748744 0.00000000 0.00000000
      vertex 0.94441772 0.00880030 0.00000000
      vertex 0.93692469 0.00977887 0.00000000
    endloop
  endfacet
  facet normal 0.000000e+00 0.000000e+00 1.000000e+00
    outer loop
      vertex 0.49748744 0.00000000 0.00000000
      vertex 0.95146327 0.00787220 0.00000000
      vertex 0.94441772 0.00880030 0.00000000
    endloop
  endfacet
  facet normal 0.000000e+00 0.000000e+00 1.000000e+00
    outer loop
      vertex 0.49748744 0.00000000 0.00000000
      vertex 0.95805423 0.00699689 0.00000000
      vertex 0.95146327 0.00787220 0.00000000
    endloop
  endfacet
  facet normal 0.000000e+00 0.000000e+00 1.000000e+00
    outer loop
      vertex 0.49748744 0.00000000 0.00000000
      vertex 0.96418397 0.00617662 0.00000000
      vertex 0.95805423 0.00699689 0.00000000
    endloop
  endfacet
  facet normal 0.000000e+00 0.000000e+00 1.000000e+00
    outer loop
      vertex 0.49748744 0.00000000 0.00000000
      vertex 0.96984631 0.00541350 0.00000000
      vertex 0.96418397 0.00617662 0.00000000
    endloop
  endfacet
  facet normal 0.000000e+00 0.000000e+00 1.000000e+00
    outer loop
      vertex 0.49748744 0.00000000 0.00000000
      vertex 0.97503556 0.00470955 0.00000000
      vertex 0.96984631 0.00541350 0.00000000
    endloop
  endfacet
  facet normal 0.000000e+00 0.000000e+00 1.000000e+00
    outer loop
      vertex 0.49748744 0.00000000 0.00000000
      vertex 0.97974649 0.00406663 0.00000000
      vertex 0.97503556 0.00470955 0.00000000
    endloop
  endfacet
  facet normal 0.000000e+00 0.000000e+00 1.000000e+00
    outer loop
      vertex 0.49748744 0.00000000 0.00000000
      vertex 0.98397435 0.00348649 0.00000000
      vertex 0.97974649 0.00406663 0.00000000
    endloop
  endfacet
  facet normal 0.000000e+00 0.000000e+00 1.000000e+00
    outer loop
      vertex 0.49748744 0.00000000 0.00000000
      vertex 0.98771489 0.00297072 0.00000000
      vertex 0.98397435 0.00348649 0.00000000
    endloop
  endfacet
  facet normal 0.000000e+00 0.000000e+00 1.000000e+00
    outer loop
      vertex 0.49748744 0.00000000 0.00000000
      vertex 0.99096435 0.00252074 0.00000000
      vertex 0.98771489 0.00297072 0.00000000
    endloop
  endfacet
  facet normal 0.000000e+00 0.000000e+00 1.000000e+00
    outer loop
      vertex 0.49748744 0.00000000 0.00000000
      vertex 0.99371944 0.00213781 0.00000000
      vertex 0.99096435 0.00252074 0.00000000
    endloop
  endfacet
  facet normal 0.000000e+00 0.000000e+00 1.000000e+00
    outer loop
      vertex 0.49748744 0.00000000 0.00000000
      vertex 0.99597741 0.00182301 0.00000000
      vertex 0.99371944 0.00213781 0.00000000
    endloop
  endfacet
  facet normal 0.000000e+00 0.000000e+00 1.000000e+00
    outer loop
      vertex 0.49748744 0.00000000 0.00000000
      vertex 0.99773596 0.00157722 0.00000000
      vertex 0.99597741 0.00182301 0.00000000
    endloop
  endfacet
  facet normal 0.000000e+00 0.000000e+00 1.000000e+00
    outer loop
      vertex 0.49748744 0.00000000 0.00000000
      vertex 0.99899334 0.00140116 0.00000000
      vertex 0.99773596 0.00157722 0.00000000
    endloop
  endfacet
  facet normal 0.000000e+00 0.000000e+00 1.000000e+00
    outer loop
      vertex 0.49748744 0.00000000 0.00000000
      vertex 0.99974827 0.00129531 0.00000000
      vertex 0.99899334 0.00140116 0.00000000
    endloop
  endfacet
  facet normal 0.000000e+00 0.000000e+00 1.000000e+00
    outer loop
      vertex 0.49748744 0.00000000 0.00000000
      vertex 1.00000000 0.00000000 0.00000000
      vertex 0.99974827 0.00129531 0.00000000
    endloop
  endfacet
  facet normal -0.000000e+00 0.000000e+00 1.000000e+00
    outer loop
      vertex 0.49748744 0.00000000 0.00000000
      vertex 0.99974827 -0.00129531 0.00000000
      vertex 1.00000000 0.00000000 0.00000000
    endloop
  endfacet
  facet normal 0.000000e+00 0.000000e+00 1.000000e+00
    outer loop
      vertex 0.49748744 0.00000000 0.00000000
      vertex 0.99899334 -0.00140116 0.00000000
      vertex 0.99974827 -0.00129531 0.00000000
    endloop
  endfacet
  facet normal 0.000000e+00 0.000000e+00 1.000000e+00
    outer loop
      vertex 0.49748744 0.00000000 0.00000000
      vertex 0.99773596 -0.00157722 0.00000000
      vertex 0.99899334 -0.00140116 0.00000000
    endloop
  endfacet
  facet normal 0.000000e+00 0.000000e+00 1.000000e+00
    outer loop
      vertex 0.49748744 0.00000000 0.00000000
      vertex 0.99597741 -0.00182301 0.00000000
      vertex 0.99773596 -0.00157722 0.00000000
    endloop
  endfacet
  facet normal 0.000000e+00 0.000000e+00 1.000000e+00
    outer loop
      vertex 0.49748744 0.00000000 0.00000000
      vertex 0.99371944 -0.00213781 0.00000000
      vertex 0.99597741 -0.00182301 0.00000000
    endloop
  endfacet
  facet normal 0.000000e+00 0.000000e+00 1.000000e+00
    outer loop
      vertex 0.49748744 0.00000000 0.00000000
      vertex 0.99096435 -0.00252074 0.00000000
      vertex 0.99371944 -0.00213781 0.00000000
    endloop
  endfacet
  facet normal 0.000000e+00 0.000000e+00 1.000000e+00
    outer loop
      vertex 0.49748744 0.00000000 0.00000000
      vertex 0.98771489 -0.00297072 0.00000000
      vertex 0.99096435 -0.00252074 0.00000000
    endloop
  endfacet
  facet normal 0.000000e+00 0.000000e+00 1.000000e+00
    outer loop
      vertex 0.49748744 0.00000000 0.00000000
      vertex 0.98397435 -0.00348649 0.00000000
      vertex 0.98771489 -0.00297072 0.00000000
    endloop
  endfacet
  facet normal 0.000000e+00 0.000000e+00 1.000000e+00
    outer loop
      vertex 0.49748744 0.00000000 0.00000000
      vertex 0.97974649 -0.00406663 0.00000000
      vertex 0.98397435 -0.00348649 0.00000000
    endloop
  endfacet
  facet normal 0.000000e+00 0.000000e+00 1.000000e+00
    outer loop
      vertex 0.49748744 0.00000000 0.00000000
      vertex 0.97503556 -0.00470955 0.00000000
      vertex 0.97974649 -0.00406663 0.00000000
    endloop
  endfacet
  facet normal 0.000000e+00 0.000000e+00 1.000000e+00
    outer loop
      vertex 0.49748744 0.00000000 0.00000000
      vertex 0.96984631 -0.00541350 0.00000000
      vertex 0.97503556 -0.00470955 0.00000000
    endloop
  endfacet
  facet normal 0.000000e+00 0.000000e+00 1.000000e+00
    outer loop
      vertex 0.49748744 0.00000000 0.00000000
      vertex 0.96418397 -0.00617662 0.00000000
      vertex 0.96984631 -0.00541350 0.00000000
    endloop
  endfacet
  facet normal 0.000000e+00 0.000000e+00 1.000000e+00
    outer loop
      vertex 0.49748744 0.00000000 0.00000000
      vertex 0.95805423 -0.00699689 0.00000000
      vertex 0.96418397 -0.00617662 0.00000000
    endloop
  endfacet
  facet normal 0.000000e+00 0.000000e+00 1.000000e+00
    outer loop
      vertex 0.49748744 0.00000000 0.00000000
      vertex 0.95146327 -0.00787220 0.00000000
      vertex 0.95805423 -0.00699689 0.00000000
    endloop
  endfacet
  facet normal 0.000000e+00 0.000000e+00 1.000000e+00
    outer loop
      vertex 0.49748744 0.00000000 0.00000000
      vertex 0.94441772 -0.00880030 0.00000000
      vertex 0.95146327 -0.00787220 0.00000000
    endloop
  endfacet
  facet normal 0.000000e+00 0.000000e+00 1.000000e+00
    outer loop
      vertex 0.49748744 0.00000000 0.00000000
      vertex 0.93692469 -0.00977887 0.00000000
      vertex 0.94441772 -0.00880030 0.00000000
    endloop
  endfacet
  facet normal 0.000000e+00 0.000000e+00 1.000000e+00
    outer loop
      vertex 0.49748744 0.00000000 0.00000000
      vertex 0.92899171 -0.01080549 0.00000000
      vertex 0.93692469 -0.00977887 0.00000000
    endloop
  endfacet
  facet normal 0.000000e+00 0.000000e+00 1.000000e+00
    outer loop
      vertex 0.49748744 0.00000000 0.00000000
      vertex 0.92062677 -0.01187769 0.00000000
      vertex 0.92899171 -0.01080549 0.00000000
    endloop
  endfacet
  facet normal 0.000000e+00 0.000000e+00 1.000000e+00
    outer loop
      vertex 0.49748744 0.00000000 0.00000000
      vertex 0.91183829 -0.01299292 0.00000000
      vertex 0.92062677 -0.01187769 0.00000000
    endloop
  endfacet
  facet normal 0.000000e+00 0.000000e+00 1.000000e+00
    outer loop
      vertex 0.49748744 0.00000000 0.00000000
      vertex 0.90263513 -0.01414856 0.00000000
      vertex 0.91183829 -0.01299292 0.00000000
    endloop
  endfacet
  facet normal 0.000000e+00 0.000000e+00 1.000000e+00
    outer loop
      vertex 0.49748744 0.00000000 0.00000000
      vertex 0.89302655 -0.01534196 0.00000000
      vertex 0.90263513 -0.01414856 0.00000000
    endloop
  endfacet
  facet normal 0.000000e+00 0.000000e+00 1.000000e+00
    outer loop
      vertex 0.49748744 0.00000000 0.00000000
      vertex 0.88302222 -0.01657044 0.00000000
      vertex 0.89302655 -0.01534196 0.00000000
    endloop
  endfacet
  facet normal 0.000000e+00 0.000000e+00 1.000000e+00
    outer loop
      vertex 0.49748744 0.00000000 0.00000000
      vertex 0.87263222 -0.01783127 0.00000000
      vertex 0.88302222 -0.01657044 0.00000000
    endloop
  endfacet
  facet normal 0.000000e+00 0.000000e+00 1.000000e+00
    outer loop
      vertex 0.49748744 0.00000000 0.00000000
      vertex 0.86186702 -0.01912170 0.00000000
      vertex 0.87263222 -0.01783127 0.00000000
    endloop
  endfacet
  facet normal 0.000000e+00 0.000000e+00 1.000000e+00
    outer loop
      vertex 0.49748744 0.00000000 0.00000000
      vertex 0.85073744 -0.02043895 0.00000000
      vertex 0.86186702 -0.01912170 0.00000000
    endloop
  endfacet
  facet normal 0.000000e+00 0.000000e+00 1.000000e+00
    outer loop
      vertex 0.49748744 0.00000000 0.00000000
      vertex 0.83925471 -0.02178023 0.00000000
      vertex 0.85073744 -0.02043895 0.00000000
    endloop
  endfacet
  facet normal 0.000000e+00 0.000000e+00 1.000000e+00
    outer loop
      vertex 0.49748744 0.00000000 0.00000000
      vertex 0.82743037 -0.02314272 0.00000000
      vertex 0.83925471 -0.02178023 0.00000000
    endloop
  endfacet
  facet normal 0.000000e+00 0.000000e+00 1.000000e+00
    outer loop
      vertex 0.49748744 0.00000000 0.00000000
      vertex 0.81527633 -0.02452359 0.00000000
      vertex 0.82743037 -0.02314272 0.00000000
    endloop
  endfacet
  facet normal 0.000000e+00 0.000000e+00 1.000000e+00
    outer loop
      vertex 0.49748744 0.00000000 0.00000000
      vertex 0.80280484 -0.02591999 0.00000000
      vertex 0.81527633 -0.02452359 0.00000000
    endloop
  endfacet
  facet normal 0.000000e+00 0.000000e+00 1.000000e+00
    outer loop
      vertex 0.49748744 0.00000000 0.00000000
      vertex 0.79002845 -0.02732904 0.00000000
      vertex 0.80280484 -0.02591999 0.00000000
    endloop
  endfacet
  facet normal 0.000000e+00 0.000000e+00 1.000000e+00
    outer loop
      vertex 0.49748744 0.00000000 0.00000000
      vertex 0.77696003 -0.02874785 0.00000000
      vertex 0.79002845 -0.02732904 0.00000000
    endloop
  endfacet
  facet normal 0.000000e+00 0.000000e+00 1.000000e+00
    outer loop
      vertex 0.49748744 0.00000000 0.00000000
      vertex 0.76361273 -0.03017351 0.00000000
      vertex 0.77696003 -0.02874785 0.00000000
    endloop
  endfacet
  facet normal 0.000000e+00 0.000000e+00 1.000000e+00
    outer loop
      vertex 0.49748744 0.00000000 0.00000000
      vertex 0.75000000 -0.03160306 0.00000000
      vertex 0.76361273 -0.03017351 0.00000000
    endloop
  endfacet
  facet normal 0.000000e+00 0.000000e+00 1.000000e+00
    outer loop
      vertex 0.49748744 0.00000000 0.00000000
      vertex 0.73613554 -0.03303353 0.00000000
      vertex 0.75000000 -0.03160306 0.00000000
    endloop
  endfacet
  facet normal 0.000000e+00 0.000000e+00 1.000000e+00
    outer loop
      vertex 0.49748744 0.00000000 0.00000000
      vertex 0.72203331 -0.03446189 0.00000000
      vertex 0.73613554 -0.03303353 0.00000000
    endloop
  endfacet
  facet normal 0.000000e+00 0.000000e+00 1.000000e+00
    outer loop
      vertex 0.49748744 0.00000000 0.00000000
      vertex 0.70770751 -0.03588509 0.00000000
      vertex 0.72203331 -0.03446189 0.00000000
    endloop
  endfacet
  facet normal 0.000000e+00 0.000000e+00 1.000000e+00
    outer loop
      vertex 0.49748744 0.00000000 0.00000000
      vertex 0.69317256 -0.03730003 0.00000000
      vertex 0.70770751 -0.03588509 0.00000000
    endloop
  endfacet
  facet normal 0.000000e+00 0.000000e+00 1.000000e+00
    outer loop
      vertex 0.49748744 0.00000000 0.00000000
      vertex 0.67844311 -0.03870354 0.00000000
      vertex 0.69317256 -0.03730003 0.00000000
    endloop
  endfacet
  facet normal 0.000000e+00 0.000000e+00 1.000000e+00
    outer loop
      vertex 0.49748744 0.00000000 0.00000000
      vertex 0.66353398 -0.04009244 0.00000000
      vertex 0.67844311 -0.03870354 0.00000000
    endloop
  endfacet
  facet normal 0.000000e+00 0.000000e+00 1.000000e+00
    outer loop
      vertex 0.49748744 0.00000000 0.00000000
      vertex 0.64846019 -0.04146346 0.00000000
      vertex 0.66353398 -0.04009244 0.00000000
    endloop
  endfacet
  facet normal 0.000000e+00 0.000000e+00 1.000000e+00
    outer loop
      vertex 0.49748744 0.00000000 0.00000000
      vertex 0.63323691 -0.04281327 0.00000000
      vertex 0.64846019 -0.04146346 0.00000000
    endloop
  endfacet
  facet normal 0.000000e+00 0.000000e+00 1.000000e+00
    outer loop
      vertex 0.49748744 0.00000000 0.00000000
      vertex 0.61787947 -0.04413852 0.00000000
      vertex 0.63323691 -0.04281327 0.00000000
    endloop
  endfacet
  facet normal 0.000000e+00 0.000000e+00 1.000000e+00
    outer loop
      vertex 0.49748744 0.00000000 0.00000000
      vertex 0.60240333 -0.04543577 0.00000000
      vertex 0.61787947 -0.04413852 0.00000000
    endloop
  endfacet
  facet normal 0.000000e+00 0.000000e+00 1.000000e+00
    outer loop
      vertex 0.49748744 0.00000000 0.00000000
      vertex 0.58682409 -0.04670152 0.00000000
      vertex 0.60240333 -0.04543577 0.00000000
    endloop
  endfacet
  facet normal 0.000000e+00 0.000000e+00 1.000000e+00
    outer loop
      vertex 0.49748744 0.00000000 0.00000000
      vertex 0.57115742 -0.04793226 0.00000000
      vertex 0.58682409 -0.04670152 0.00000000
    endloop
  endfacet
  facet normal 0.000000e+00 0.000000e+00 1.000000e+00
    outer loop
      vertex 0.49748744 0.00000000 0.00000000
      vertex 0.55541910 -0.04912439 0.00000000
      vertex 0.57115742 -0.04793226 0.00000000
    endloop
  endfacet
  facet normal 0.000000e+00 0.000000e+00 1.000000e+00
    outer loop
      vertex 0.49748744 0.00000000 0.00000000
      vertex 0.53962498 -0.05027429 0.00000000
      vertex 0.55541910 -0.04912439 0.00000000
    endloop
  endfacet
  facet normal 0.000000e+00 0.000000e+00 1.000000e+00
    outer loop
      vertex 0.49748744 0.00000000 0.00000000
      vertex 0.52379096 -0.05137831 0.00000000
      vertex 0.53962498 -0.05027429 0.00000000
    endloop
  endfacet
  facet normal 0.000000e+00 0.000000e+00 1.000000e+00
    outer loop
      vertex 0.49748744 0.00000000 0.00000000
      vertex 0.50793298 -0.05243276 0.00000000
      vertex 0.52379096 -0.05137831 0.00000000
    endloop
  endfacet
  facet normal 0.000000e+00 0.000000e+00 1.000000e+00
    outer loop
      vertex 0.49748744 0.00000000 0.00000000
      vertex 0.49206702 -0.05343397 0.00000000
      vertex 0.50793298 -0.05243276 0.00000000
    endloop
  endfacet
  facet normal 0.000000e+00 0.000000e+00 1.000000e+00
    outer loop
      vertex 0.49748744 0.00000000 0.00000000
      vertex 0.47620904 -0.05437824 0.00000000
      vertex 0.49206702 -0.05343397 0.00000000
    endloop
  endfacet
  facet normal 0.000000e+00 0.000000e+00 1.000000e+00
    outer loop
      vertex 0.49748744 0.00000000 0.00000000
      vertex 0.46037502 -0.05526191 0.00000000
      vertex 0.47620904 -0.05437824 0.00000000
    endloop
  endfacet
  facet normal 0.000000e+00 0.000000e+00 1.000000e+00
    outer loop
      vertex 0.49748744 0.00000000 0.00000000
      vertex 0.44458090 -0.05608134 0.00000000
      vertex 0.46037502 -0.05526191 0.00000000
    endloop
  endfacet
  facet normal 0.000000e+00 0.000000e+00 1.000000e+00
    outer loop
      vertex 0.49748744 0.00000000 0.00000000
      vertex 0.42884258 -0.05683295 0.00000000
      vertex 0.44458090 -0.05608134 0.00000000
    endloop
  endfacet
  facet normal 0.000000e+00 0.000000e+00 1.000000e+00
    outer loop
      vertex 0.49748744 0.00000000 0.00000000
      vertex 0.41317591 -0.05751323 0.00000000
      vertex 0.42884258 -0.05683295 0.00000000
    endloop
  endfacet
  facet normal 0.000000e+00 0.000000e+00 1.000000e+00
    outer loop
      vertex 0.49748744 0.00000000 0.00000000
      vertex 0.39759667 -0.05811874 0.00000000
      vertex 0.41317591 -0.05751323 0.00000000
    endloop
  endfacet
  facet normal 0.000000e+00 0.000000e+00 1.000000e+00
    outer loop
      vertex 0.49748744 0.00000000 0.00000000
      vertex 0.38212053 -0.05864618 0.00000000
      vertex 0.39759667 -0.05811874 0.00000000
    endloop
  endfacet
  facet normal 0.000000e+00 0.000000e+00 1.000000e+00
    outer loop
      vertex 0.49748744 0.00000000 0.00000000
      vertex 0.36676309 -0.05909235 0.00000000
      vertex 0.38212053 -0.05864618 0.00000000
    endloop
  endfacet
  facet normal 0.000000e+00 0.000000e+00 1.000000e+00
    outer loop
      vertex 0.49748744 0.00000000 0.00000000
      vertex 0.35153981 -0.05945422 0.00000000
      vertex 0.36676309 -0.05909235 0.00000000
    endloop
  endfacet
  facet normal 0.000000e+00 0.000000e+00 1.000000e+00
    outer loop
      vertex 0.49748744 0.00000000 0.00000000
      vertex 0.33646602 -0.05972892 0.00000000
      vertex 0.35153981 -0.05945422 0.00000000
    endloop
  endfacet
  facet normal 0.000000e+00 0.000000e+00 1.000000e+00
    outer loop
      vertex 0.49748744 0.00000000 0.00000000
      vertex 0.32155689 -0.05991377 0.00000000
      vertex 0.33646602 -0.05972892 0.00000000
    endloop
  endfacet
  facet normal 0.000000e+00 0.000000e+00 1.000000e+00
    outer loop
      vertex 0.49748744 0.00000000 0.00000000
      vertex 0.30682744 -0.06000631 0.00000000
      vertex 0.32155689 -0.05991377 0.00000000
    endloop
  endfacet
  facet normal 0.000000e+00 0.000000e+00 1.000000e+00
    outer loop
      vertex 0.49748744 0.00000000 0.00000000
      vertex 0.29229249 -0.06000430 0.00000000
      vertex 0.30682744 -0.06000631 0.00000000
    endloop
  endfacet
  facet normal 0.000000e+00 0.000000e+00 1.000000e+00
    outer loop
      vertex 0.49748744 0.00000000 0.00000000
      vertex 0.27796669 -0.05990575 0.00000000
      vertex 0.29229249 -0.06000430 0.00000000
    endloop
  endfacet
  facet normal 0.000000e+00 0.000000e+00 1.000000e+00
    outer loop
      vertex 0.49748744 0.00000000 0.00000000
      vertex 0.26386446 -0.05970894 0.00000000
      vertex 0.27796669 -0.05990575 0.00000000
    endloop
  endfacet
  facet normal 0.000000e+00 0.000000e+00 1.000000e+00
    outer loop
      vertex 0.49748744 0.00000000 0.00000000
      vertex 0.25000000 -0.05941242 0.00000000
      vertex 0.26386446 -0.05970894 0.00000000
    endloop
  endfacet
  facet normal 0.000000e+00 0.000000e+00 1.000000e+00
    outer loop
      vertex 0.49748744 0.00000000 0.00000000
      vertex 0.23638727 -0.05901503 0.00000000
      vertex 0.25000000 -0.05941242 0.00000000
    endloop
  endfacet
  facet normal 0.000000e+00 0.000000e+00 1.000000e+00
    outer loop
      vertex 0.49748744 0.00000000 0.00000000
      vertex 0.22303997 -0.05851592 0.00000000
      vertex 0.23638727 -0.05901503 0.00000000
    endloop
  endfacet
  facet normal 0.000000e+00 0.000000e+00 1.000000e+00
    outer loop
      vertex 0.49748744 0.00000000 0.00000000
      vertex 0.20997155 -0.05791453 0.00000000
      vertex 0.22303997 -0.05851592 0.00000000
    endloop
  endfacet
  facet normal 0.000000e+00 0.000000e+00 1.000000e+00
    outer loop
      vertex 0.49748744 0.00000000 0.00000000
      vertex 0.19719516 -0.05721064 0.00000000
      vertex 0.20997155 -0.05791453 0.00000000
    endloop
  endfacet
  facet normal 0.000000e+00 0.000000e+00 1.000000e+00
    outer loop
      vertex 0.49748744 0.00000000 0.00000000
      vertex 0.18472367 -0.05640431 0.00000000
      vertex 0.19719516 -0.05721064 0.00000000
    endloop
  endfacet
  facet normal 0.000000e+00 0.000000e+00 1.000000e+00
    outer loop
      vertex 0.49748744 0.00000000 0.00000000
      vertex 0.17256963 -0.05549595 0.00000000
      vertex 0.18472367 -0.05640431 0.00000000
    endloop
  endfacet
  facet normal 0.000000e+00 0.000000e+00 1.000000e+00
    outer loop
      vertex 0.49748744 0.00000000 0.00000000
      vertex 0.16074529 -0.05448626 0.00000000
      vertex 0.17256963 -0.05549595 0.00000000
    endloop
  endfacet
  facet normal 0.000000e+00 0.000000e+00 1.000000e+00
    outer loop
      vertex 0.49748744 0.00000000 0.00000000
      vertex 0.14926256 -0.05337626 0.00000000
      vertex 0.16074529 -0.05448626 0.00000000
    endloop
  endfacet
  facet normal 0.000000e+00 0.000000e+00 1.000000e+00
    outer loop
      vertex 0.49748744 0.00000000 0.00000000
      vertex 0.13813298 -0.05216725 0.00000000
      vertex 0.14926256 -0.05337626 0.00000000
    endloop
  endfacet
  facet normal 0.000000e+00 0.000000e+00 1.000000e+00
    outer loop
      vertex 0.49748744 0.00000000 0.00000000
      vertex 0.12736778 -0.05086083 0.00000000
      vertex 0.13813298 -0.05216725 0.00000000
    endloop
  endfacet
  facet normal 0.000000e+00 0.000000e+00 1.000000e+00
    outer loop
      vertex 0.49748744 0.00000000 0.00000000
      vertex 0.11697778 -0.04945886 0.00000000
      vertex 0.12736778 -0.05086083 0.00000000
    endloop
  endfacet
  facet normal 0.000000e+00 0.000000e+00 1.000000e+00
    outer loop
      vertex 0.49748744 0.00000000 0.00000000
      vertex 0.10697345 -0.04796345 0.00000000
      vertex 0.11697778 -0.04945886 0.00000000
    endloop
  endfacet
  facet normal 0.000000e+00 0.000000e+00 1.000000e+00
    outer loop
      vertex 0.49748744 0.00000000 0.00000000
      vertex 0.09736487 -0.04637694 0.00000000
      vertex 0.10697345 -0.04796345 0.00000000
    endloop
  endfacet
  facet normal 0.000000e+00 0.000000e+00 1.000000e+00
    outer loop
      vertex 0.49748744 0.00000000 0.00000000
      vertex 0.08816171 -0.04470190 0.00000000
      vertex 0.09736487 -0.04637694 0.00000000
    endloop
  endfacet
  facet normal 0.000000e+00 0.000000e+00 1.000000e+00
    outer loop
      vertex 0.49748744 0.00000000 0.00000000
      vertex 0.07937323 -0.04294103 0.00000000
      vertex 0.08816171 -0.04470190 0.00000000
    endloop
  endfacet
  facet normal 0.000000e+00 0.000000e+00 1.000000e+00
    outer loop
      vertex 0.49748744 0.00000000 0.00000000
      vertex 0.07100829 -0.04109725 0.00000000
      vertex 0.07937323 -0.04294103 0.00000000
    endloop
  endfacet
  facet normal 0.000000e+00 0.000000e+00 1.000000e+00
    outer loop
      vertex 0.49748744 0.00000000 0.00000000
      vertex 0.06307531 -0.03917355 0.00000000
      vertex 0.07100829 -0.04109725 0.00000000
    endloop
  endfacet
  facet normal 0.000000e+00 0.000000e+00 1.000000e+00
    outer loop
      vertex 0.49748744 0.00000000 0.00000000
      vertex 0.05558228 -0.03717305 0.00000000
      vertex 0.06307531 -0.03917355 0.00000000
    endloop
  endfacet
  facet normal 0.000000e+00 0.000000e+00 1.000000e+00
    outer loop
      vertex 0.49748744 0.00000000 0.00000000
      vertex 0.04853673 -0.03509893 0.00000000
      vertex 0.05558228 -0.03717305 0.00000000
    endloop
  endfacet
  facet normal 0.000000e+00 0.000000e+00 1.000000e+00
    outer loop
      vertex 0.49748744 0.00000000 0.00000000
      vertex 0.04194577 -0.03295439 0.00000000
      vertex 0.04853673 -0.03509893 0.00000000
    endloop
  endfacet
  facet normal 0.000000e+00 0.000000e+00 1.000000e+00
    outer loop
      vertex 0.49748744 0.00000000 0.00000000
      vertex 0.03581603 -0.03074264 0.00000000
      vertex 0.04194577 -0.03295439 0.00000000
    endloop
  endfacet
  facet normal 0.000000e+00 0.000000e+00 1.000000e+00
    outer loop
      vertex 0.49748744 0.00000000 0.00000000
      vertex 0.03015369 -0.02846688 0.00000000
      vertex 0.03581603 -0.03074264 0.00000000
    endloop
  endfacet
  facet normal 0.000000e+00 0.000000e+00 1.000000e+00
    outer loop
      vertex 0.49748744 0.00000000 0.00000000
      vertex 0.02496444 -0.02613021 0.00000000
      vertex 0.03015369 -0.02846688 0.00000000
    endloop
  endfacet
  facet normal 0.000000e+00 0.000000e+00 1.000000e+00
    outer loop
      vertex 0.49748744 0.00000000 0.00000000
      vertex 0.02025351 -0.02373567 0.00000000
      vertex 0.02496444 -0.02613021 0.00000000
    endloop
  endfacet
  facet normal 0.000000e+00 0.000000e+00 1.000000e+00
    outer loop
      vertex 0.49748744 0.00000000 0.00000000
      vertex 0.01602565 -0.02128616 0.00000000
      vertex 0.02025351 -0.02373567 0.00000000
    endloop
  endfacet
  facet normal 0.000000e+00 0.000000e+00 1.000000e+00
    outer loop
      vertex 0.49748744 0.00000000 0.00000000
      vertex 0.01228511 -0.01878444 0.00000000
      vertex 0.01602565 -0.02128616 0.00000000
    endloop
  endfacet
  facet normal 0.000000e+00 0.000000e+00 1.000000e+00
    outer loop
      vertex 0.49748744 0.00000000 0.00000000
      vertex 0.00903565 -0.01623309 0.00000000
      vertex 0.01228511 -0.01878444 0.00000000
    endloop
  endfacet
  facet normal 0.000000e+00 0.000000e+00 1.000000e+00
    outer loop
      vertex 0.49748744 0.00000000 0.00000000
      vertex 0.00628056 -0.01363450 0.00000000
      vertex 0.00903565 -0.01623309 0.00000000
    endloop
  endfacet
  facet normal 0.000000e+00 0.000000e+00 1.000000e+00
    outer loop
      vertex 0.49748744 0.00000000 0.00000000
      vertex 0.00402259 -0.01099083 0.00000000
      vertex 0.00628056 -0.01363450 0.00000000
    endloop
  endfacet
  facet normal 0.000000e+00 0.000000e+00 1.000000e+00
    outer loop
      vertex 0.49748744 0.00000000 0.00000000
      vertex 0.00226404 -0.00830400 0.00000000
      vertex 0.00402259 -0.01099083 0.00000000
    endloop
  endfacet
  facet normal 0.000000e+00 0.000000e+00 1.000000e+00
    outer loop
      vertex 0.49748744 0.00000000 0.00000000
      vertex 0.00100666 -0.00557570 0.00000000
      vertex 0.00226404 -0.00830400 0.00000000
    endloop
  endfacet
  facet normal 0.000000e+00 0.000000e+00 1.000000e+00
    outer loop
      vertex 0.49748744 0.00000000 0.00000000
      vertex 0.00025173 -0.00280732 0.00000000
      vertex 0.00100666 -0.00557570 0.00000000
    endloop
  endfacet
  facet normal 0.000000e+00 0.000000e+00 1.000000e+00
    outer loop
      vertex 0.49748744 0.00000000 0.00000000
      vertex 0.00000000 0.00000000 0.00000000
      vertex 0.00025173 -0.00280732 0.00000000
    endloop
  endfacet
  facet normal 0.000000e+00 0.000000e+00 0.000000e+00
    outer loop
      vertex 0.49748744 0.00000000 0.00000000
      vertex 0.00000000 0.00000000 0.00000000
      vertex 0.00000000 0.00000000 0.00000000
    endloop
  endfacet
  facet normal 0.000000e+00 0.000000e+00 -1.000000e+00
    outer loop
      vertex 0.49748744 0.00000000 0.10000000
      vertex 0.00000000 0.00000000 0.10000000
      vertex 0.00025173 0.00280732 0.10000000
    endloop
  endfacet
  facet normal 0.000000e+00 0.000000e+00 -1.000000e+00
    outer loop
      vertex 0.49748744 0.00000000 0.10000000
      vertex 0.00025173 0.00280732 0.10000000
      vertex 0.00100666 0.00557570 0.10000000
    endloop
  endfacet
  facet normal 0.000000e+00 0.000000e+00 -1.000000e+00
    outer loop
      vertex 0.49748744 0.00000000 0.10000000
      vertex 0.00100666 0.00557570 0.10000000
      vertex 0.00226404 0.00830400 0.10000000
    endloop
  endfacet
  facet normal 0.000000e+00 0.000000e+00 -1.000000e+00
    outer loop
      vertex 0.49748744 0.00000000 0.10000000
      vertex 0.00226404 0.00830400 0.10000000
      vertex 0.00402259 0.01099083 0.10000000
    endloop
  endfacet
  facet normal 0.000000e+00 0.000000e+00 -1.000000e+00
    outer loop
      vertex 0.49748744 0.00000000 0.10000000
      vertex 0.00402259 0.01099083 0.10000000
      vertex 0.00628056 0.01363450 0.10000000
    endloop
  endfacet
  facet normal 0.000000e+00 0.000000e+00 -1.000000e+00
    outer loop
      vertex 0.49748744 0.00000000 0.10000000
      vertex 0.00628056 0.01363450 0.10000000
      vertex 0.00903565 0.01623309 0.10000000
    endloop
  endfacet
  facet normal 0.000000e+00 0.000000e+00 -1.000000e+00
    outer loop
      vertex 0.49748744 0.00000000 0.10000000
      vertex 0.00903565 0.01623309 0.10000000
      vertex 0.01228511 0.01878444 0.10000000
    endloop
  endfacet
  facet normal 0.000000e+00 0.000000e+00 -1.000000e+00
    outer loop
      vertex 0.49748744 0.00000000 0.10000000
      vertex 0.01228511 0.01878444 0.10000000
      vertex 0.01602565 0.02128616 0.10000000
    endloop
  endfacet
  facet normal 0.000000e+00 0.000000e+00 -1.000000e+00
    outer loop
      vertex 0.49748744 0.00000000 0.10000000
      vertex 0.01602565 0.02128616 0.10000000
      vertex 0.02025351 0.02373567 0.10000000
    endloop
  endfacet
  facet normal 0.000000e+00 0.000000e+00 -1.000000e+00
    outer loop
      vertex 0.49748744 0.00000000 0.10000000
      vertex 0.02025351 0.02373567 0.10000000
      vertex 0.02496444 0.02613021 0.10000000
    endloop
  endfacet
  facet normal 0.000000e+00 0.000000e+00 -1.000000e+00
    outer loop
      vertex 0.49748744 0.00000000 0.10000000
      vertex 0.02496444 0.02613021 0.10000000
      vertex 0.03015369 0.02846688 0.10000000
    endloop
  endfacet
  facet normal 0.000000e+00 0.000000e+00 -1.000000e+00
    outer loop
      vertex 0.49748744 0.00000000 0.10000000
      vertex 0.03015369 0.02846688 0.10000000
      vertex 0.03581603 0.03074264 0.10000000
    endloop
  endfacet
  facet normal 0.000000e+00 0.000000e+00 -1.000000e+00
    outer loop
      vertex 0.49748744 0.00000000 0.10000000
      vertex 0.03581603 0.03074264 0.10000000
      vertex 0.04194577 0.03295439 0.10000000
    endloop
  endfacet
  facet normal 0.000000e+00 0.000000e+00 -1.000000e+00
    outer loop
      vertex 0.49748744 0.00000000 0.10000000
      vertex 0.04194577 0.03295439 0.10000000
      vertex 0.04853673 0.03509893 0.10000000
    endloop
  endfacet
  facet normal 0.000000e+00 0.000000e+00 -1.000000e+00
    outer loop
      vertex 0.49748744 0.00000000 0.10000000
      vertex 0.04853673 0.03509893 0.10000000
      vertex 0.05558228 0.03717305 0.10000000
    endloop
  endfacet
  facet normal 0.000000e+00 0.000000e+00 -1.000000e+00
    outer loop
      vertex 0.49748744 0.00000000 0.10000000
      vertex 0.05558228 0.03717305 0.10000000
      vertex 0.06307531 0.03917355 0.10000000
    endloop
  endfacet
  facet normal 0.000000e+00 0.000000e+00 -1.000000e+00
    outer loop
      vertex 0.49748744 0.00000000 0.10000000
      vertex 0.06307531 0.03917355 0.10000000
      vertex 0.07100829 0.04109725 0.10000000
    endloop
  endfacet
  facet normal 0.000000e+00 0.000000e+00 -1.000000e+00
    outer loop
      vertex 0.49748744 0.00000000 0.10000000
      vertex 0.07100829 0.04109725 0.10000000
      vertex 0.07937323 0.04294103 0.10000000
    endloop
  endfacet
  facet normal 0.000000e+00 0.000000e+00 -1.000000e+00
    outer loop
      vertex 0.49748744 0.00000000 0.10000000
      vertex 0.07937323 0.04294103 0.10000000
      vertex 0.08816171 0.04470190 0.10000000
    endloop
  endfacet
  facet normal 0.000000e+00 0.000000e+00 -1.000000e+00
    outer loop
      vertex 0.49748744 0.00000000 0.10000000
      vertex 0.08816171 0.04470190 0.10000000
      vertex 0.09736487 0.04637694 0.10000000
    endloop
  endfacet
  facet normal 0.000000e+00 0.000000e+00 -1.000000e+00
    outer loop
      vertex 0.49748744 0.00000000 0.10000000
      vertex 0.09736487 0.04637694 0.10000000
      vertex 0.10697345 0.04796345 0.10000000
    endloop
  endfacet
  facet normal 0.000000e+00 0.000000e+00 -1.000000e+00
    outer loop
      vertex 0.49748744 0.00000000 0.10000000
      vertex 0.10697345 0.04796345 0.10000000
      vertex 0.11697778 0.04945886 0.10000000
    endloop
  endfacet
  facet normal 0.000000e+00 0.000000e+00 -1.000000e+00
    outer loop
      vertex 0.49748744 0.00000000 0.10000000
      vertex 0.11697778 0.04945886 0.10000000
      vertex 0.12736778 0.05086083 0.10000000
    endloop
  endfacet
  facet normal 0.000000e+00 0.000000e+00 -1.000000e+00
    outer loop
      vertex 0.49748744 0.00000000 0.10000000
      vertex 0.12736778 0.05086083 0.10000000
      vertex 0.13813298 0.05216725 0.10000000
    endloop
  endfacet
  facet normal 0.000000e+00 0.000000e+00 -1.000000e+00
    outer loop
      vertex 0.49748744 0.00000000 0.10000000
      vertex 0.13813298 0.05216725 0.10000000
      vertex 0.14926256 0.05337626 0.10000000
    endloop
  endfacet
  facet normal 0.000000e+00 0.000000e+00 -1.000000e+00
    outer loop
      vertex 0.49748744 0.00000000 0.10000000
      vertex 0.14926256 0.05337626 0.10000000
      vertex 0.16074529 0.05448626 0.10000000
    endloop
  endfacet
  facet normal 0.000000e+00 0.000000e+00 -1.000000e+00
    outer loop
      vertex 0.49748744 0.00000000 0.10000000
      vertex 0.16074529 0.05448626 0.10000000
      vertex 0.17256963 0.05549595 0.10000000
    endloop
  endfacet
  facet normal 0.000000e+00 0.000000e+00 -1.000000e+00
    outer loop
      vertex 0.49748744 0.00000000 0.10000000
      vertex 0.17256963 0.05549595 0.10000000
      vertex 0.18472367 0.05640431 0.10000000
    endloop
  endfacet
  facet normal 0.000000e+00 0.000000e+00 -1.000000e+00
    outer loop
      vertex 0.49748744 0.00000000 0.10000000
      vertex 0.18472367 0.05640431 0.10000000
      vertex 0.19719516 0.05721064 0.10000000
    endloop
  endfacet
  facet normal 0.000000e+00 0.000000e+00 -1.000000e+00
    outer loop
      vertex 0.49748744 0.00000000 0.10000000
      vertex 0.19719516 0.05721064 0.10000000
      vertex 0.20997155 0.05791453 0.10000000
    endloop
  endfacet
  facet normal 0.000000e+00 0.000000e+00 -1.000000e+00
    outer loop
      vertex 0.49748744 0.00000000 0.10000000
      vertex 0.20997155 0.05791453 0.10000000
      vertex 0.22303997 0.05851592 0.10000000
    endloop
  endfacet
  facet normal 0.000000e+00 0.000000e+00 -1.000000e+00
    outer loop
      vertex 0.49748744 0.00000000 0.10000000
      vertex 0.22303997 0.05851592 0.10000000
      vertex 0.23638727 0.05901503 0.10000000
    endloop
  endfacet
  facet normal 0.000000e+00 0.000000e+00 -1.000000e+00
    outer loop
      vertex 0.49748744 0.00000000 0.10000000
      vertex 0.23638727 0.05901503 0.10000000
      vertex 0.25000000 0.05941242 0.10000000
    endloop
  endfacet
  facet normal 0.000000e+00 0.000000e+00 -1.000000e+00
    outer loop
      vertex 0.49748744 0.00000000 0.10000000
      vertex 0.25000000 0.05941242 0.10000000
      vertex 0.26386446 0.05970894 0.10000000
    endloop
  endfacet
  facet normal 0.000000e+00 0.000000e+00 -1.000000e+00
    outer loop
      vertex 0.49748744 0.00000000 0.10000000
      vertex 0.26386446 0.05970894 0.10000000
      vertex 0.27796669 0.05990575 0.10000000
    endloop
  endfacet
  facet normal 0.000000e+00 0.000000e+00 -1.000000e+00
    outer loop
      vertex 0.49748744 0.00000000 0.10000000
      vertex 0.27796669 0.05990575 0.10000000
      vertex 0.29229249 0.06000430 0.10000000
    endloop
  endfacet
  facet normal 0.000000e+00 0.000000e+00 -1.000000e+00
    outer loop
      vertex 0.49748744 0.00000000 0.10000000
      vertex 0.29229249 0.06000430 0.10000000
      vertex 0.30682744 0.06000631 0.10000000
    endloop
  endfacet
  facet normal 0.000000e+00 0.000000e+00 -1.000000e+00
    outer loop
      vertex 0.49748744 0.00000000 0.10000000
      vertex 0.30682744 0.06000631 0.10000000
      vertex 0.32155689 0.05991377 0.10000000
    endloop
  endfacet
  facet normal 0.000000e+00 0.000000e+00 -1.000000e+00
    outer loop
      vertex 0.49748744 0.00000000 0.10000000
      vertex 0.32155689 0.05991377 0.10000000
      vertex 0.33646602 0.05972892 0.10000000
    endloop
  endfacet
  facet normal 0.000000e+00 0.000000e+00 -1.000000e+00
    outer loop
      vertex 0.49748744 0.00000000 0.10000000
      vertex 0.33646602 0.05972892 0.10000000
      vertex 0.35153981 0.05945422 0.10000000
    endloop
  endfacet
  facet normal 0.000000e+00 0.000000e+00 -1.000000e+00
    outer loop
      vertex 0.49748744 0.00000000 0.10000000
      vertex 0.35153981 0.05945422 0.10000000
      vertex 0.36676309 0.05909235 0.10000000
    endloop
  endfacet
  facet normal 0.000000e+00 0.000000e+00 -1.000000e+00
    outer loop
      vertex 0.49748744 0.00000000 0.10000000
      vertex 0.36676309 0.05909235 0.10000000
      vertex 0.38212053 0.05864618 0.10000000
    endloop
  endfacet
  facet normal 0.000000e+00 0.000000e+00 -1.000000e+00
    outer loop
      vertex 0.49748744 0.00000000 0.10000000
      vertex 0.38212053 0.05864618 0.10000000
      vertex 0.39759667 0.05811874 0.10000000
    endloop
  endfacet
  facet normal 0.000000e+00 0.000000e+00 -1.000000e+00
    outer loop
      vertex 0.49748744 0.00000000 0.10000000
      vertex 0.39759667 0.05811874 0.10000000
      vertex 0.41317591 0.05751323 0.10000000
    endloop
  endfacet
  facet normal 0.000000e+00 0.000000e+00 -1.000000e+00
    outer loop
      vertex 0.49748744 0.00000000 0.10000000
      vertex 0.41317591 0.05751323 0.10000000
      vertex 0.42884258 0.05683295 0.10000000
    endloop
  endfacet
  facet normal 0.000000e+00 0.000000e+00 -1.000000e+00
    outer loop
      vertex 0.49748744 0.00000000 0.10000000
      vertex 0.42884258 0.05683295 0.10000000
      vertex 0.44458090 0.05608134 0.10000000
    endloop
  endfacet
  facet normal 0.000000e+00 0.000000e+00 -1.000000e+00
    outer loop
      vertex 0.49748744 0.00000000 0.10000000
      vertex 0.44458090 0.05608134 0.10000000
      vertex 0.46037502 0.05526191 0.10000000
    endloop
  endfacet
  facet normal 0.000000e+00 0.000000e+00 -1.000000e+00
    outer loop
      vertex 0.49748744 0.00000000 0.10000000
      vertex 0.46037502 0.05526191 0.10000000
      vertex 0.47620904 0.05437824 0.10000000
    endloop
  endfacet
  facet normal 0.000000e+00 0.000000e+00 -1.000000e+00
    outer loop
      vertex 0.49748744 0.00000000 0.10000000
      vertex 0.47620904 0.05437824 0.10000000
      vertex 0.49206702 0.05343397 0.10000000
    endloop
  endfacet
  facet normal 0.000000e+00 0.000000e+00 -1.000000e+00
    outer loop
      vertex 0.49748744 0.00000000 0.10000000
      vertex 0.49206702 0.05343397 0.10000000
      vertex 0.50793298 0.05243276 0.10000000
    endloop
  endfacet
  facet normal 0.000000e+00 0.000000e+00 -1.000000e+00
    outer loop
      vertex 0.49748744 0.00000000 0.10000000
      vertex 0.50793298 0.05243276 0.10000000
      vertex 0.52379096 0.05137831 0.10000000
    endloop
  endfacet
  facet normal 0.000000e+00 0.000000e+00 -1.000000e+00
    outer loop
      vertex 0.49748744 0.00000000 0.10000000
      vertex 0.52379096 0.05137831 0.10000000
      vertex 0.53962498 0.05027429 0.10000000
    endloop
  endfacet
  facet normal 0.000000e+00 0.000000e+00 -1.000000e+00
    outer loop
      vertex 0.49748744 0.00000000 0.10000000
      vertex 0.53962498 0.05027429 0.10000000
      vertex 0.55541910 0.04912439 0.10000000
    endloop
  endfacet
  facet normal 0.000000e+00 0.000000e+00 -1.000000e+00
    outer loop
      vertex 0.49748744 0.00000000 0.10000000
      vertex 0.55541910 0.04912439 0.10000000
      vertex 0.57115742 0.04793226 0.10000000
    endloop
  endfacet
  facet normal 0.000000e+00 0.000000e+00 -1.000000e+00
    outer loop
      vertex 0.49748744 0.00000000 0.10000000
      vertex 0.57115742 0.04793226 0.10000000
      vertex 0.58682409 0.04670152 0.10000000
    endloop
  endfacet
  facet normal 0.000000e+00 0.000000e+00 -1.000000e+00
    outer loop
      vertex 0.49748744 0.00000000 0.10000000
      vertex 0.58682409 0.04670152 0.10000000
      vertex 0.60240333 0.04543577 0.10000000
    endloop
  endfacet
  facet normal 0.000000e+00 0.000000e+00 -1.000000e+00
    outer loop
      vertex 0.49748744 0.00000000 0.10000000
      vertex 0.60240333 0.04543577 0.10000000
      vertex 0.61787947 0.04413852 0.10000000
    endloop
  endfacet
  facet normal 0.000000e+00 0.000000e+00 -1.000000e+00
    outer loop
      vertex 0.49748744 0.00000000 0.10000000
      vertex 0.61787947 0.04413852 0.10000000
      vertex 0.63323691 0.04281327 0.10000000
    endloop
  endfacet
  facet normal 0.000000e+00 0.000000e+00 -1.000000e+00
    outer loop
      vertex 0.49748744 0.00000000 0.10000000
      vertex 0.63323691 0.04281327 0.10000000
      vertex 0.64846019 0.04146346 0.10000000
    endloop
  endfacet
  facet normal 0.000000e+00 0.000000e+00 -1.000000e+00
    outer loop
      vertex 0.49748744 0.00000000 0.10000000
      vertex 0.64846019 0.04146346 0.10000000
      vertex 0.66353398 0.04009244 0.10000000
    endloop
  endfacet
  facet normal 0.000000e+00 0.000000e+00 -1.000000e+00
    outer loop
      vertex 0.49748744 0.00000000 0.10000000
      vertex 0.66353398 0.04009244 0.10000000
      vertex 0.67844311 0.03870354 0.10000000
    endloop
  endfacet
  facet normal 0.000000e+00 0.000000e+00 -1.000000e+00
    outer loop
      vertex 0.49748744 0.00000000 0.10000000
      vertex 0.67844311 0.03870354 0.10000000
      vertex 0.69317256 0.03730003 0.10000000
    endloop
  endfacet
  facet normal 0.000000e+00 0.000000e+00 -1.000000e+00
    outer loop
      vertex 0.49748744 0.00000000 0.10000000
      vertex 0.69317256 0.03730003 0.10000000
      vertex 0.70770751 0.03588509 0.10000000
    endloop
  endfacet
  facet normal 0.000000e+00 0.000000e+00 -1.000000e+00
    outer loop
      vertex 0.49748744 0.00000000 0.10000000
      vertex 0.70770751 0.03588509 0.10000000
      vertex 0.72203331 0.03446189 0.10000000
    endloop
  endfacet
  facet normal 0.000000e+00 0.000000e+00 -1.000000e+00
    outer loop
      vertex 0.49748744 0.00000000 0.10000000
      vertex 0.72203331 0.03446189 0.10000000
      vertex 0.73613554 0.03303353 0.10000000
    endloop
  endfacet
  facet normal 0.000000e+00 0.000000e+00 -1.000000e+00
    outer loop
      vertex 0.49748744 0.00000000 0.10000000
      vertex 0.73613554 0.03303353 0.10000000
      vertex 0.75000000 0.03160306 0.10000000
    endloop
  endfacet
  facet normal 0.000000e+00 0.000000e+00 -1.000000e+00
    outer loop
      vertex 0.49748744 0.00000000 0.10000000
      vertex 0.75000000 0.03160306 0.10000000
      vertex 0.76361273 0.03017351 0.10000000
    endloop
  endfacet
  facet normal 0.000000e+00 0.000000e+00 -1.000000e+00
    outer loop
      vertex 0.49748744 0.00000000 0.10000000
      vertex 0.76361273 0.03017351 0.10000000
      vertex 0.77696003 0.02874785 0.10000000
    endloop
  endfacet
  facet normal 0.000000e+00 0.000000e+00 -1.000000e+00
    outer loop
      vertex 0.49748744 0.00000000 0.10000000
      vertex 0.77696003 0.02874785 0.10000000
      vertex 0.79002845 0.02732904 0.10000000
    endloop
  endfacet
  facet normal 0.000000e+00 0.000000e+00 -1.000000e+00
    outer loop
      vertex 0.49748744 0.00000000 0.10000000
      vertex 0.79002845 0.02732904 0.10000000
      vertex 0.80280484 0.02591999 0.10000000
    endloop
  endfacet
  facet normal 0.000000e+00 0.000000e+00 -1.000000e+00
    outer loop
      vertex 0.49748744 0.00000000 0.10000000
      vertex 0.80280484 0.02591999 0.10000000
      vertex 0.81527633 0.02452359 0.10000000
    endloop
  endfacet
  facet normal 0.000000e+00 0.000000e+00 -1.000000e+00
    outer loop
      vertex 0.49748744 0.00000000 0.10000000
      vertex 0.81527633 0.02452359 0.10000000
      vertex 0.82743037 0.02314272 0.10000000
    endloop
  endfacet
  facet normal 0.000000e+00 0.000000e+00 -1.000000e+00
    outer loop
      vertex 0.49748744 0.00000000 0.10000000
      vertex 0.82743037 0.02314272 0.10000000
      vertex 0.83925471 0.02178023 0.10000000
    endloop
  endfacet
  facet normal 0.000000e+00 0.000000e+00 -1.000000e+00
    outer loop
      vertex 0.49748744 0.00000000 0.10000000
      vertex 0.83925471 0.02178023 0.10000000
      vertex 0.85073744 0.02043895 0.10000000
    endloop
  endfacet
  facet normal 0.000000e+00 0.000000e+00 -1.000000e+00
    outer loop
      vertex 0.49748744 0.00000000 0.10000000
      vertex 0.85073744 0.02043895 0.10000000
      vertex 0.86186702 0.01912170 0.10000000
    endloop
  endfacet
  facet normal 0.000000e+00 0.000000e+00 -1.000000e+00
    outer loop
      vertex 0.49748744 0.00000000 0.10000000
      vertex 0.86186702 0.01912170 0.10000000
      vertex 0.87263222 0.01783127 0.10000000
    endloop
  endfacet
  facet normal 0.000000e+00 0.000000e+00 -1.000000e+00
    outer loop
      vertex 0.49748744 0.00000000 0.10000000
      vertex 0.87263222 0.01783127 0.10000000
      vertex 0.88302222 0.01657044 0.10000000
    endloop
  endfacet
  facet normal 0.000000e+00 0.000000e+00 -1.000000e+00
    outer loop
      vertex 0.49748744 0.00000000 0.10000000
      vertex 0.88302222 0.01657044 0.10000000
      vertex 0.89302655 0.01534196 0.10000000
    endloop
  endfacet
  facet normal 0.000000e+00 0.000000e+00 -1.000000e+00
    outer loop
      vertex 0.49748744 0.00000000 0.10000000
      vertex 0.89302655 0.01534196 0.10000000
      vertex 0.90263513 0.01414856 0.10000000
    endloop
  endfacet
  facet normal 0.000000e+00 0.000000e+00 -1.000000e+00
    outer loop
      vertex 0.49748744 0.00000000 0.10000000
      vertex 0.90263513 0.01414856 0.10000000
      vertex 0.91183829 0.01299292 0.10000000
    endloop
  endfacet
  facet normal 0.000000e+00 0.000000e+00 -1.000000e+00
    outer loop
      vertex 0.49748744 0.00000000 0.10000000
      vertex 0.91183829 0.01299292 0.10000000
      vertex 0.92062677 0.01187769 0.10000000
    endloop
  endfacet
  facet normal 0.000000e+00 0.000000e+00 -1.000000e+00
    outer loop
      vertex 0.49748744 0.00000000 0.10000000
      vertex 0.92062677 0.01187769 0.10000000
      vertex 0.92899171 0.01080549 0.10000000
    endloop
  endfacet
  facet normal 0.000000e+00 0.000000e+00 -1.000000e+00
    outer loop
      vertex 0.49748744 0.00000000 0.10000000
      vertex 0.92899171 0.01080549 0.10000000
      vertex 0.93692469 0.00977887 0.10000000
    endloop
  endfacet
  facet normal 0.000000e+00 0.000000e+00 -1.000000e+00
    outer loop
      vertex 0.49748744 0.00000000 0.10000000
      vertex 0.93692469 0.00977887 0.10000000
      vertex 0.94441772 0.00880030 0.10000000
    endloop
  endfacet
  facet normal 0.000000e+00 0.000000e+00 -1.000000e+00
    outer loop
      vertex 0.49748744 0.00000000 0.10000000
      vertex 0.94441772 0.00880030 0.10000000
      vertex 0.95146327 0.00787220 0.10000000
    endloop
  endfacet
  facet normal 0.000000e+00 0.000000e+00 -1.000000e+00
    outer loop
      vertex 0.49748744 0.00000000 0.10000000
      vertex 0.95146327 0.00787220 0.10000000
      vertex 0.95805423 0.00699689 0.10000000
    endloop
  endfacet
  facet normal 0.000000e+00 0.000000e+00 -1.000000e+00
    outer loop
      vertex 0.49748744 0.00000000 0.10000000
      vertex 0.95805423 0.00699689 0.10000000
      vertex 0.96418397 0.00617662 0.10000000
    endloop
  endfacet
  facet normal 0.000000e+00 0.000000e+00 -1.000000e+00
    outer loop
      vertex 0.49748744 0.00000000 0.10000000
      vertex 0.96418397 0.00617662 0.10000000
      vertex 0.96984631 0.00541350 0.10000000
    endloop
  endfacet
  facet normal 0.000000e+00 0.000000e+00 -1.000000e+00
    outer loop
      vertex 0.49748744 0.00000000 0.10000000
      vertex 0.96984631 0.00541350 0.10000000
      vertex 0.97503556 0.00470955 0.10000000
    endloop
  endfacet
  facet normal 0.000000e+00 0.000000e+00 -1.000000e+00
    outer loop
      vertex 0.49748744 0.00000000 0.10000000
      vertex 0.97503556 0.00470955 0.10000000
      vertex 0.97974649 0.00406663 0.10000000
    endloop
  endfacet
  facet normal 0.000000e+00 0.000000e+00 -1.000000e+00
    outer loop
      vertex 0.49748744 0.00000000 0.10000000
      vertex 0.97974649 0.00406663 0.10000000
      vertex 0.98397435 0.00348649 0.10000000
    endloop
  endfacet
  facet normal 0.000000e+00 0.000000e+00 -1.000000e+00
    outer loop
      vertex 0.49748744 0.00000000 0.10000000
      vertex 0.98397435 0.00348649 0.10000000
      vertex 0.98771489 0.00297072 0.10000000
    endloop
  endfacet
  facet normal 0.000000e+00 0.000000e+00 -1.000000e+00
    outer loop
      vertex 0.49748744 0.00000000 0.10000000
      vertex 0.98771489 0.00297072 0.10000000
      vertex 0.99096435 0.00252074 0.10000000
    endloop
  endfacet
  facet normal 0.000000e+00 0.000000e+00 -1.000000e+00
    outer loop
      vertex 0.49748744 0.00000000 0.10000000
      vertex 0.99096435 0.00252074 0.10000000
      vertex 0.99371944 0.00213781 0.10000000
    endloop
  endfacet
  facet normal 0.000000e+00 0.000000e+00 -1.000000e+00
    outer loop
      vertex 0.49748744 0.00000000 0.10000000
      vertex 0.99371944 0.00213781 0.10000000
      vertex 0.99597741 0.00182301 0.10000000
    endloop
  endfacet
  facet normal 0.000000e+00 0.000000e+00 -1.000000e+00
    outer loop
      vertex 0.49748744 0.00000000 0.10000000
      vertex 0.99597741 0.00182301 0.10000000
      vertex 0.99773596 0.00157722 0.10000000
    endloop
  endfacet
  facet normal 0.000000e+00 0.000000e+00 -1.000000e+00
    outer loop
      vertex 0.49748744 0.00000000 0.10000000
      vertex 0.99773596 0.00157722 0.10000000
      vertex 0.99899334 0.00140116 0.10000000
    endloop
  endfacet
  facet normal 0.000000e+00 0.000000e+00 -1.000000e+00
    outer loop
      vertex 0.49748744 0.00000000 0.10000000
      vertex 0.99899334 0.00140116 0.10000000
      vertex 0.99974827 0.00129531 0.10000000
    endloop
  endfacet
  facet normal 0.000000e+00 0.000000e+00 -1.000000e+00
    outer loop
      vertex 0.49748744 0.00000000 0.10000000
      vertex 0.99974827 0.00129531 0.10000000
      vertex 1.00000000 0.00000000 0.10000000
    endloop
  endfacet
  facet normal 0.000000e+00 0.000000e+00 -1.000000e+00
    outer loop
      vertex 0.49748744 0.00000000 0.10000000
      vertex 1.00000000 0.00000000 0.10000000
      vertex 0.99974827 -0.00129531 0.10000000
    endloop
  endfacet
  facet normal 0.000000e+00 0.000000e+00 -1.000000e+00
    outer loop
      vertex 0.49748744 0.00000000 0.10000000
      vertex 0.99974827 -0.00129531 0.10000000
      vertex 0.99899334 -0.00140116 0.10000000
    endloop
  endfacet
  facet normal 0.000000e+00 0.000000e+00 -1.000000e+00
    outer loop
      vertex 0.49748744 0.00000000 0.10000000
      vertex 0.99899334 -0.00140116 0.10000000
      vertex 0.99773596 -0.00157722 0.10000000
    endloop
  endfacet
  facet normal 0.000000e+00 0.000000e+00 -1.000000e+00
    outer loop
      vertex 0.49748744 0.00000000 0.10000000
      vertex 0.99773596 -0.00157722 0.10000000
      vertex 0.99597741 -0.00182301 0.10000000
    endloop
  endfacet
  facet normal 0.000000e+00 0.000000e+00 -1.000000e+00
    outer loop
      vertex 0.49748744 0.00000000 0.10000000
      vertex 0.99597741 -0.00182301 0.10000000
      vertex 0.99371944 -0.00213781 0.10000000
    endloop
  endfacet
  facet normal 0.000000e+00 0.000000e+00 -1.000000e+00
    outer loop
      vertex 0.49748744 0.00000000 0.10000000
      vertex 0.99371944 -0.00213781 0.10000000
      vertex 0.99096435 -0.00252074 0.10000000
    endloop
  endfacet
  facet normal 0.000000e+00 0.000000e+00 -1.000000e+00
    outer loop
      vertex 0.49748744 0.00000000 0.10000000
      vertex 0.99096435 -0.00252074 0.10000000
      vertex 0.98771489 -0.00297072 0.10000000
    endloop
  endfacet
  facet normal 0.000000e+00 0.000000e+00 -1.000000e+00
    outer loop
      vertex 0.49748744 0.00000000 0.10000000
      vertex 0.98771489 -0.00297072 0.10000000
      vertex 0.98397435 -0.00348649 0.10000000
    endloop
  endfacet
  facet normal 0.000000e+00 0.000000e+00 -1.000000e+00
    outer loop
      vertex 0.49748744 0.00000000 0.10000000
      vertex 0.98397435 -0.00348649 0.10000000
      vertex 0.97974649 -0.00406663 0.10000000
    endloop
  endfacet
  facet normal 0.000000e+00 0.000000e+00 -1.000000e+00
    outer loop
      vertex 0.49748744 0.00000000 0.10000000
      vertex 0.97974649 -0.00406663 0.10000000
      vertex 0.97503556 -0.00470955 0.10000000
    endloop
  endfacet
  facet normal 0.000000e+00 0.000000e+00 -1.000000e+00
    outer loop
      vertex 0.49748744 0.00000000 0.10000000
      vertex 0.97503556 -0.00470955 0.10000000
      vertex 0.96984631 -0.00541350 0.10000000
    endloop
  endfacet
  facet normal 0.000000e+00 0.000000e+00 -1.000000e+00
    outer loop
      vertex 0.49748744 0.00000000 0.10000000
      vertex 0.96984631 -0.00541350 0.10000000
      vertex 0.96418397 -0.00617662 0.10000000
    endloop
  endfacet
  facet normal 0.000000e+00 0.000000e+00 -1.000000e+00
    outer loop
      vertex 0.49748744 0.00000000 0.10000000
      vertex 0.96418397 -0.00617662 0.10000000
      vertex 0.95805423 -0.00699689 0.10000000
    endloop
  endfacet
  facet normal 0.000000e+00 0.000000e+00 -1.000000e+00
    outer loop
      vertex 0.49748744 0.00000000 0.10000000
      vertex 0.95805423 -0.00699689 0.10000000
      vertex 0.95146327 -0.00787220 0.10000000
    endloop
  endfacet
  facet normal 0.000000e+00 0.000000e+00 -1.000000e+00
    outer loop
      vertex 0.49748744 0.00000000 0.10000000
      vertex 0.95146327 -0.00787220 0.10000000
      vertex 0.94441772 -0.00880030 0.10000000
    endloop
  endfacet
  facet normal 0.000000e+00 0.000000e+00 -1.000000e+00
    outer loop
      vertex 0.49748744 0.00000000 0.10000000
      vertex 0.94441772 -0.00880030 0.10000000
      vertex 0.93692469 -0.00977887 0.10000000
    endloop
  endfacet
  facet normal 0.000000e+00 0.000000e+00 -1.000000e+00
    outer loop
      vertex 0.49748744 0.00000000 0.10000000
      vertex 0.93692469 -0.00977887 0.10000000
      vertex 0.92899171 -0.01080549 0.10000000
    endloop
  endfacet
  facet normal 0.000000e+00 0.000000e+00 -1.000000e+00
    outer loop
      vertex 0.49748744 0.00000000 0.10000000
      vertex 0.92899171 -0.01080549 0.10000000
      vertex 0.92062677 -0.01187769 0.10000000
    endloop
  endfacet
  facet normal 0.000000e+00 0.000000e+00 -1.000000e+00
    outer loop
      vertex 0.49748744 0.00000000 0.10000000
      vertex 0.92062677 -0.01187769 0.10000000
      vertex 0.91183829 -0.01299292 0.10000000
    endloop
  endfacet
  facet normal 0.000000e+00 0.000000e+00 -1.000000e+00
    outer loop
      vertex 0.49748744 0.00000000 0.10000000
      vertex 0.91183829 -0.01299292 0.10000000
      vertex 0.90263513 -0.01414856 0.10000000
    endloop
  endfacet
  facet normal 0.000000e+00 0.000000e+00 -1.000000e+00
    outer loop
      vertex 0.49748744 0.00000000 0.10000000
      vertex 0.90263513 -0.01414856 0.10000000
      vertex 0.89302655 -0.01534196 0.10000000
    endloop
  endfacet
  facet normal 0.000000e+00 0.000000e+00 -1.000000e+00
    outer loop
      vertex 0.49748744 0.00000000 0.10000000
      vertex 0.89302655 -0.01534196 0.10000000
      vertex 0.88302222 -0.01657044 0.10000000
    endloop
  endfacet
  facet normal 0.000000e+00 0.000000e+00 -1.000000e+00
    outer loop
      vertex 0.49748744 0.00000000 0.10000000
      vertex 0.88302222 -0.01657044 0.10000000
      vertex 0.87263222 -0.01783127 0.10000000
    endloop
  endfacet
  facet normal 0.000000e+00 0.000000e+00 -1.000000e+00
    outer loop
      vertex 0.49748744 0.00000000 0.10000000
      vertex 0.87263222 -0.01783127 0.10000000
      vertex 0.86186702 -0.01912170 0.10000000
    endloop
  endfacet
  facet normal 0.000000e+00 0.000000e+00 -1.000000e+00
    outer loop
      vertex 0.49748744 0.00000000 0.10000000
      vertex 0.86186702 -0.01912170 0.10000000
      vertex 0.85073744 -0.02043895 0.10000000
    endloop
  endfacet
  facet normal 0.000000e+00 0.000000e+00 -1.000000e+00
    outer loop
      vertex 0.49748744 0.00000000 0.10000000
      vertex 0.85073744 -0.02043895 0.10000000
      vertex 0.83925471 -0.02178023 0.10000000
    endloop
  endfacet
  facet normal 0.000000e+00 0.000000e+00 -1.000000e+00
    outer loop
      vertex 0.49748744 0.00000000 0.10000000
      vertex 0.83925471 -0.02178023 0.10000000
      vertex 0.82743037 -0.02314272 0.10000000
    endloop
  endfacet
  facet normal 0.000000e+00 0.000000e+00 -1.000000e+00
    outer loop
      vertex 0.49748744 0.00000000 0.10000000
      vertex 0.82743037 -0.02314272 0.10000000
      vertex 0.81527633 -0.02452359 0.10000000
    endloop
  endfacet
  facet normal 0.000000e+00 0.000000e+00 -1.000000e+00
    outer loop
      vertex 0.49748744 0.00000000 0.10000000
      vertex 0.81527633 -0.02452359 0.10000000
      vertex 0.80280484 -0.02591999 0.10000000
    endloop
  endfacet
  facet normal 0.000000e+00 0.000000e+00 -1.000000e+00
    outer loop
      vertex 0.49748744 0.00000000 0.10000000
      vertex 0.80280484 -0.02591999 0.10000000
      vertex 0.79002845 -0.02732904 0.10000000
    endloop
  endfacet
  facet normal 0.000000e+00 0.000000e+00 -1.000000e+00
    outer loop
      vertex 0.49748744 0.00000000 0.10000000
      vertex 0.79002845 -0.02732904 0.10000000
      vertex 0.77696003 -0.02874785 0.10000000
    endloop
  endfacet
  facet normal 0.000000e+00 0.000000e+00 -1.000000e+00
    outer loop
      vertex 0.49748744 0.00000000 0.10000000
      vertex 0.77696003 -0.02874785 0.10000000
      vertex 0.76361273 -0.03017351 0.10000000
    endloop
  endfacet
  facet normal 0.000000e+00 0.000000e+00 -1.000000e+00
    outer loop
      vertex 0.49748744 0.00000000 0.10000000
      vertex 0.76361273 -0.03017351 0.10000000
      vertex 0.75000000 -0.03160306 0.10000000
    endloop
  endfacet
  facet normal 0.000000e+00 0.000000e+00 -1.000000e+00
    outer loop
      vertex 0.49748744 0.00000000 0.10000000
      vertex 0.75000000 -0.03160306 0.10000000
      vertex 0.73613554 -0.03303353 0.10000000
    endloop
  endfacet
  facet normal 0.000000e+00 0.000000e+00 -1.000000e+00
    outer loop
      vertex 0.49748744 0.00000000 0.10000000
      vertex 0.73613554 -0.03303353 0.10000000
      vertex 0.72203331 -0.03446189 0.10000000
    endloop
  endfacet
  facet normal 0.000000e+00 0.000000e+00 -1.000000e+00
    outer loop
      vertex 0.49748744 0.00000000 0.10000000
      vertex 0.72203331 -0.03446189 0.10000000
      vertex 0.70770751 -0.03588509 0.10000000
    endloop
  endfacet
  facet normal 0.000000e+00 0.000000e+00 -1.000000e+00
    outer loop
      vertex 0.49748744 0.00000000 0.10000000
      vertex 0.70770751 -0.03588509 0.10000000
      vertex 0.69317256 -0.03730003 0.10000000
    endloop
  endfacet
  facet normal 0.000000e+00 0.000000e+00 -1.000000e+00
    outer loop
      vertex 0.49748744 0.00000000 0.10000000
      vertex 0.69317256 -0.03730003 0.10000000
      vertex 0.67844311 -0.03870354 0.10000000
    endloop
  endfacet
  facet normal 0.000000e+00 0.000000e+00 -1.000000e+00
    outer loop
      vertex 0.49748744 0.00000000 0.10000000
      vertex 0.67844311 -0.03870354 0.10000000
      vertex 0.66353398 -0.04009244 0.10000000
    endloop
  endfacet
  facet normal 0.000000e+00 0.000000e+00 -1.000000e+00
    outer loop
      vertex 0.49748744 0.00000000 0.10000000
      vertex 0.66353398 -0.04009244 0.10000000
      vertex 0.64846019 -0.04146346 0.10000000
    endloop
  endfacet
  facet normal 0.000000e+00 0.000000e+00 -1.000000e+00
    outer loop
      vertex 0.49748744 0.00000000 0.10000000
      vertex 0.64846019 -0.04146346 0.10000000
      vertex 0.63323691 -0.04281327 0.10000000
    endloop
  endfacet
  facet normal 0.000000e+00 0.000000e+00 -1.000000e+00
    outer loop
      vertex 0.49748744 0.00000000 0.10000000
      vertex 0.63323691 -0.04281327 0.10000000
      vertex 0.61787947 -0.04413852 0.10000000
    endloop
  endfacet
  facet normal 0.000000e+00 0.000000e+00 -1.000000e+00
    outer loop
      vertex 0.49748744 0.00000000 0.10000000
      vertex 0.61787947 -0.04413852 0.10000000
      vertex 0.60240333 -0.04543577 0.10000000
    endloop
  endfacet
  facet normal 0.000000e+00 0.000000e+00 -1.000000e+00
    outer loop
      vertex 0.49748744 0.00000000 0.10000000
      vertex 0.60240333 -0.04543577 0.10000000
      vertex 0.58682409 -0.04670152 0.10000000
    endloop
  endfacet
  facet normal 0.000000e+00 0.000000e+00 -1.000000e+00
    outer loop
      vertex 0.49748744 0.00000000 0.10000000
      vertex 0.58682409 -0.04670152 0.10000000
      vertex 0.57115742 -0.04793226 0.10000000
    endloop
  endfacet
  facet normal 0.000000e+00 0.000000e+00 -1.000000e+00
    outer loop
      vertex 0.49748744 0.00000000 0.10000000
      vertex 0.57115742 -0.04793226 0.10000000
      vertex 0.55541910 -0.04912439 0.10000000
    endloop
  endfacet
  facet normal 0.000000e+00 0.000000e+00 -1.000000e+00
    outer loop
      vertex 0.49748744 0.00000000 0.10000000
      vertex 0.55541910 -0.04912439 0.10000000
      vertex 0.53962498 -0.05027429 0.10000000
    endloop
  endfacet
  facet normal 0.000000e+00 0.000000e+00 -1.000000e+00
    outer loop
      vertex 0.49748744 0.00000000 0.10000000
      vertex 0.53962498 -0.05027429 0.10000000
      vertex 0.52379096 -0.05137831 0.10000000
    endloop
  endfacet
  facet normal 0.000000e+00 0.000000e+00 -1.000000e+00
    outer loop
      vertex 0.49748744 0.00000000 0.10000000
      vertex 0.52379096 -0.05137831 0.10000000
      vertex 0.50793298 -0.05243276 0.10000000
    endloop
  endfacet
  facet normal 0.000000e+00 -0.000000e+00 -1.000000e+00
    outer loop
      vertex 0.49748744 0.00000000 0.10000000
      vertex 0.50793298 -0.05243276 0.10000000
      vertex 0.49206702 -0.05343397 0.10000000
    endloop
  endfacet
  facet normal 0.000000e+00 0.000000e+00 -1.000000e+00
    outer loop
      vertex 0.49748744 0.00000000 0.10000000
      vertex 0.49206702 -0.05343397 0.10000000
      vertex 0.47620904 -0.05437824 0.10000000
    endloop
  endfacet
  facet normal 0.000000e+00 0.000000e+00 -1.000000e+00
    outer loop
      vertex 0.49748744 0.00000000 0.10000000
      vertex 0.47620904 -0.05437824 0.10000000
      vertex 0.46037502 -0.05526191 0.10000000
    endloop
  endfacet
  facet normal 0.000000e+00 0.000000e+00 -1.000000e+00
    outer loop
      vertex 0.49748744 0.00000000 0.10000000
      vertex 0.46037502 -0.05526191 0.10000000
      vertex 0.44458090 -0.05608134 0.10000000
    endloop
  endfacet
  facet normal 0.000000e+00 0.000000e+00 -1.000000e+00
    outer loop
      vertex 0.49748744 0.00000000 0.10000000
      vertex 0.44458090 -0.05608134 0.10000000
      vertex 0.42884258 -0.05683295 0.10000000
    endloop
  endfacet
  facet normal 0.000000e+00 0.000000e+00 -1.000000e+00
    outer loop
      vertex 0.49748744 0.00000000 0.10000000
      vertex 0.42884258 -0.05683295 0.10000000
      vertex 0.41317591 -0.05751323 0.10000000
    endloop
  endfacet
  facet normal 0.000000e+00 0.000000e+00 -1.000000e+00
    outer loop
      vertex 0.49748744 0.00000000 0.10000000
      vertex 0.41317591 -0.05751323 0.10000000
      vertex 0.39759667 -0.05811874 0.10000000
    endloop
  endfacet
  facet normal 0.000000e+00 0.000000e+00 -1.000000e+00
    outer loop
      vertex 0.49748744 0.00000000 0.10000000
      vertex 0.39759667 -0.05811874 0.10000000
      vertex 0.38212053 -0.05864618 0.10000000
    endloop
  endfacet
  facet normal 0.000000e+00 0.000000e+00 -1.000000e+00
    outer loop
      vertex 0.49748744 0.00000000 0.10000000
      vertex 0.38212053 -0.05864618 0.10000000
      vertex 0.36676309 -0.05909235 0.10000000
    endloop
  endfacet
  facet normal 0.000000e+00 0.000000e+00 -1.000000e+00
    outer loop
      vertex 0.49748744 0.00000000 0.10000000
      vertex 0.36676309 -0.05909235 0.10000000
      vertex 0.35153981 -0.05945422 0.10000000
    endloop
  endfacet
  facet normal 0.000000e+00 0.000000e+00 -1.000000e+00
    outer loop
      vertex 0.49748744 0.00000000 0.10000000
      vertex 0.35153981 -0.05945422 0.10000000
      vertex 0.33646602 -0.05972892 0.10000000
    endloop
  endfacet
  facet normal 0.000000e+00 0.000000e+00 -1.000000e+00
    outer loop
      vertex 0.49748744 0.00000000 0.10000000
      vertex 0.33646602 -0.05972892 0.10000000
      vertex 0.32155689 -0.05991377 0.10000000
    endloop
  endfacet
  facet normal 0.000000e+00 0.000000e+00 -1.000000e+00
    outer loop
      vertex 0.49748744 0.00000000 0.10000000
      vertex 0.32155689 -0.05991377 0.10000000
      vertex 0.30682744 -0.06000631 0.10000000
    endloop
  endfacet
  facet normal 0.000000e+00 0.000000e+00 -1.000000e+00
    outer loop
      vertex 0.49748744 0.00000000 0.10000000
      vertex 0.30682744 -0.06000631 0.10000000
      vertex 0.29229249 -0.06000430 0.10000000
    endloop
  endfacet
  facet normal 0.000000e+00 0.000000e+00 -1.000000e+00
    outer loop
      vertex 0.49748744 0.00000000 0.10000000
      vertex 0.29229249 -0.06000430 0.10000000
      vertex 0.27796669 -0.05990575 0.10000000
    endloop
  endfacet
  facet normal 0.000000e+00 0.000000e+00 -1.000000e+00
    outer loop
      vertex 0.49748744 0.00000000 0.10000000
      vertex 0.27796669 -0.05990575 0.10000000
      vertex 0.26386446 -0.05970894 0.10000000
    endloop
  endfacet
  facet normal 0.000000e+00 0.000000e+00 -1.000000e+00
    outer loop
      vertex 0.49748744 0.00000000 0.10000000
      vertex 0.26386446 -0.05970894 0.10000000
      vertex 0.25000000 -0.05941242 0.10000000
    endloop
  endfacet
  facet normal 0.000000e+00 0.000000e+00 -1.000000e+00
    outer loop
      vertex 0.49748744 0.00000000 0.10000000
      vertex 0.25000000 -0.05941242 0.10000000
      vertex 0.23638727 -0.05901503 0.10000000
    endloop
  endfacet
  facet normal 0.000000e+00 0.000000e+00 -1.000000e+00
    outer loop
      vertex 0.49748744 0.00000000 0.10000000
      vertex 0.23638727 -0.05901503 0.10000000
      vertex 0.22303997 -0.05851592 0.10000000
    endloop
  endfacet
  facet normal 0.000000e+00 0.000000e+00 -1.000000e+00
    outer loop
      vertex 0.49748744 0.00000000 0.10000000
      vertex 0.22303997 -0.05851592 0.10000000
      vertex 0.20997155 -0.05791453 0.10000000
    endloop
  endfacet
  facet normal 0.000000e+00 0.000000e+00 -1.000000e+00
    outer loop
      vertex 0.49748744 0.00000000 0.10000000
      vertex 0.20997155 -0.05791453 0.10000000
      vertex 0.19719516 -0.05721064 0.10000000
    endloop
  endfacet
  facet normal 0.000000e+00 0.000000e+00 -1.000000e+00
    outer loop
      vertex 0.49748744 0.00000000 0.10000000
      vertex 0.19719516 -0.05721064 0.10000000
      vertex 0.18472367 -0.05640431 0.10000000
    endloop
  endfacet
  facet normal 0.000000e+00 0.000000e+00 -1.000000e+00
    outer loop
      vertex 0.49748744 0.00000000 0.10000000
      vertex 0.18472367 -0.05640431 0.10000000
      vertex 0.17256963 -0.05549595 0.10000000
    endloop
  endfacet
  facet normal 0.000000e+00 0.000000e+00 -1.000000e+00
    outer loop
      vertex 0.49748744 0.00000000 0.10000000
      vertex 0.17256963 -0.05549595 0.10000000
      vertex 0.16074529 -0.05448626 0.10000000
    endloop
  endfacet
  facet normal 0.000000e+00 0.000000e+00 -1.000000e+00
    outer loop
      vertex 0.49748744 0.00000000 0.10000000
      vertex 0.16074529 -0.05448626 0.10000000
      vertex 0.14926256 -0.05337626 0.10000000
    endloop
  endfacet
  facet normal 0.000000e+00 0.000000e+00 -1.000000e+00
    outer loop
      vertex 0.49748744 0.00000000 0.10000000
      vertex 0.14926256 -0.05337626 0.10000000
      vertex 0.13813298 -0.05216725 0.10000000
    endloop
  endfacet
  facet normal 0.000000e+00 0.000000e+00 -1.000000e+00
    outer loop
      vertex 0.49748744 0.00000000 0.10000000
      vertex 0.13813298 -0.05216725 0.10000000
      vertex 0.12736778 -0.05086083 0.10000000
    endloop
  endfacet
  facet normal 0.000000e+00 0.000000e+00 -1.000000e+00
    outer loop
      vertex 0.49748744 0.00000000 0.10000000
      vertex 0.12736778 -0.05086083 0.10000000
      vertex 0.11697778 -0.04945886 0.10000000
    endloop
  endfacet
  facet normal 0.000000e+00 0.000000e+00 -1.000000e+00
    outer loop
      vertex 0.49748744 0.00000000 0.10000000
      vertex 0.11697778 -0.04945886 0.10000000
      vertex 0.10697345 -0.04796345 0.10000000
    endloop
  endfacet
  facet normal 0.000000e+00 0.000000e+00 -1.000000e+00
    outer loop
      vertex 0.49748744 0.00000000 0.10000000
      vertex 0.10697345 -0.04796345 0.10000000
      vertex 0.09736487 -0.04637694 0.10000000
    endloop
  endfacet
  facet normal 0.000000e+00 0.000000e+00 -1.000000e+00
    outer loop
      vertex 0.49748744 0.00000000 0.10000000
      vertex 0.09736487 -0.04637694 0.10000000
      vertex 0.08816171 -0.04470190 0.10000000
    endloop
  endfacet
  facet normal 0.000000e+00 0.000000e+00 -1.000000e+00
    outer loop
      vertex 0.49748744 0.00000000 0.10000000
      vertex 0.08816171 -0.04470190 0.10000000
      vertex 0.07937323 -0.04294103 0.10000000
    endloop
  endfacet
  facet normal 0.000000e+00 0.000000e+00 -1.000000e+00
    outer loop
      vertex 0.49748744 0.00000000 0.10000000
      vertex 0.07937323 -0.04294103 0.10000000
      vertex 0.07100829 -0.04109725 0.10000000
    endloop
  endfacet
  facet normal 0.000000e+00 0.000000e+00 -1.000000e+00
    outer loop
      vertex 0.49748744 0.00000000 0.10000000
      vertex 0.07100829 -0.04109725 0.10000000
      vertex 0.06307531 -0.03917355 0.10000000
    endloop
  endfacet
  facet normal 0.000000e+00 0.000000e+00 -1.000000e+00
    outer loop
      vertex 0.49748744 0.00000000 0.10000000
      vertex 0.06307531 -0.03917355 0.10000000
      vertex 0.05558228 -0.03717305 0.10000000
    endloop
  endfacet
  facet normal 0.000000e+00 0.000000e+00 -1.000000e+00
    outer loop
      vertex 0.49748744 0.00000000 0.10000000
      vertex 0.05558228 -0.03717305 0.10000000
      vertex 0.04853673 -0.03509893 0.10000000
    endloop
  endfacet
  facet normal 0.000000e+00 0.000000e+00 -1.000000e+00
    outer loop
      vertex 0.49748744 0.00000000 0.10000000
      vertex 0.04853673 -0.03509893 0.10000000
      vertex 0.04194577 -0.03295439 0.10000000
    endloop
  endfacet
  facet normal 0.000000e+00 0.000000e+00 -1.000000e+00
    outer loop
      vertex 0.49748744 0.00000000 0.10000000
      vertex 0.04194577 -0.03295439 0.10000000
      vertex 0.03581603 -0.03074264 0.10000000
    endloop
  endfacet
  facet normal 0.000000e+00 0.000000e+00 -1.000000e+00
    outer loop
      vertex 0.49748744 0.00000000 0.10000000
      vertex 0.03581603 -0.03074264 0.10000000
      vertex 0.03015369 -0.02846688 0.10000000
    endloop
  endfacet
  facet normal 0.000000e+00 0.000000e+00 -1.000000e+00
    outer loop
      vertex 0.49748744 0.00000000 0.10000000
      vertex 0.03015369 -0.02846688 0.10000000
      vertex 0.02496444 -0.02613021 0.10000000
    endloop
  endfacet
  facet normal 0.000000e+00 0.000000e+00 -1.000000e+00
    outer loop
      vertex 0.49748744 0.00000000 0.10000000
      vertex 0.02496444 -0.02613021 0.10000000
      vertex 0.02025351 -0.02373567 0.10000000
    endloop
  endfacet
  facet normal 0.000000e+00 0.000000e+00 -1.000000e+00
    outer loop
      vertex 0.49748744 0.00000000 0.10000000
      vertex 0.02025351 -0.02373567 0.10000000
      vertex 0.01602565 -0.02128616 0.10000000
    endloop
  endfacet
  facet normal 0.000000e+00 0.000000e+00 -1.000000e+00
    outer loop
      vertex 0.49748744 0.00000000 0.10000000
      vertex 0.01602565 -0.02128616 0.10000000
      vertex 0.01228511 -0.01878444 0.10000000
    endloop
  endfacet
  facet normal 0.000000e+00 0.000000e+00 -1.000000e+00
    outer loop
      vertex 0.49748744 0.00000000 0.10000000
      vertex 0.01228511 -0.01878444 0.10000000
      vertex 0.00903565 -0.01623309 0.10000000
    endloop
  endfacet
  facet normal 0.000000e+00 0.000000e+00 -1.000000e+00
    outer loop
      vertex 0.49748744 0.00000000 0.10000000
      vertex 0.00903565 -0.01623309 0.10000000
      vertex 0.00628056 -0.01363450 0.10000000
    endloop
  endfacet
  facet normal 0.000000e+00 0.000000e+00 -1.000000e+00
    outer loop
      vertex 0.49748744 0.00000000 0.10000000
      vertex 0.00628056 -0.01363450 0.10000000
      vertex 0.00402259 -0.01099083 0.10000000
    endloop
  endfacet
  facet normal 0.000000e+00 0.000000e+00 -1.000000e+00
    outer loop
      vertex 0.49748744 0.00000000 0.10000000
      vertex 0.00402259 -0.01099083 0.10000000
      vertex 0.00226404 -0.00830400 0.10000000
    endloop
  endfacet
  facet normal 0.000000e+00 0.000000e+00 -1.000000e+00
    outer loop
      vertex 0.49748744 0.00000000 0.10000000
      vertex 0.00226404 -0.00830400 0.10000000
      vertex 0.00100666 -0.00557570 0.10000000
    endloop
  endfacet
  facet normal 0.000000e+00 0.000000e+00 -1.000000e+00
    outer loop
      vertex 0.49748744 0.00000000 0.10000000
      vertex 0.00100666 -0.00557570 0.10000000
      vertex 0.00025173 -0.00280732 0.10000000
    endloop
  endfacet
  facet normal -0.000000e+00 0.000000e+00 -1.000000e+00
    outer loop
      vertex 0.49748744 0.00000000 0.10000000
      vertex 0.00025173 -0.00280732 0.10000000
      vertex 0.00000000 0.00000000 0.10000000
    endloop
  endfacet
  facet normal 0.000000e+00 0.000000e+00 0.000000e+00
    outer loop
      vertex 0.49748744 0.00000000 0.10000000
      vertex 0.00000000 0.00000000 0.10000000
      vertex 0.00000000 0.00000000 0.10000000
    endloop
  endfacet
endsolid NACA0012
