solid NACA2412
  facet normal -9.999526e-01 -9.733483e-03 0.000000e+00
    outer loop
      vertex 0.00000000 0.00000000 0.00000000
      vertex 0.00000000 0.00000000 0.10000000
      vertex -0.00002744 0.00281857 0.10000000
    endloop
  endfacet
  facet normal -9.999526e-01 -9.733483e-03 0.000000e+00
    outer loop
      vertex 0.00000000 0.00000000 0.00000000
      vertex -0.00002744 0.00281857 0.10000000
      vertex -0.00002744 0.00281857 0.00000000
    endloop
  endfacet
  facet normal -9.858815e-01 1.674447e-01 0.000000e+00
    outer loop
      vertex -0.00002744 0.00281857 0.00000000
      vertex -0.00002744 0.00281857 0.10000000
      vertex 0.00045324 0.00564870 0.10000000
    endloop
  endfacet
  facet normal -9.858815e-01 1.674447e-01 0.000000e+00
    outer loop
      vertex -0.00002744 0.00281857 0.00000000
      vertex 0.00045324 0.00564870 0.10000000
      vertex 0.00045324 0.00564870 0.00000000
    endloop
  endfacet
  facet normal -9.443715e-01 3.288807e-01 0.000000e+00
    outer loop
      vertex 0.00045324 0.00564870 0.00000000
      vertex 0.00045324 0.00564870 0.10000000
      vertex 0.00144239 0.00848902 0.10000000
    endloop
  endfacet
  facet normal -9.443715e-01 3.288807e-01 0.000000e+00
    outer loop
      vertex 0.00045324 0.00564870 0.00000000
      vertex 0.00144239 0.00848902 0.10000000
      vertex 0.00144239 0.00848902 0.00000000
    endloop
  endfacet
  facet normal -8.851474e-01 4.653108e-01 0.000000e+00
    outer loop
      vertex 0.00144239 0.00848902 0.00000000
      vertex 0.00144239 0.00848902 0.10000000
      vertex 0.00293986 0.01133760 0.10000000
    endloop
  endfacet
  facet normal -8.851474e-01 4.653108e-01 0.000000e+00
    outer loop
      vertex 0.00144239 0.00848902 0.00000000
      vertex 0.00293986 0.01133760 0.10000000
      vertex 0.00293986 0.01133760 0.00000000
    endloop
  endfacet
  facet normal -8.182884e-01 5.748079e-01 0.000000e+00
    outer loop
      vertex 0.00293986 0.01133760 0.00000000
      vertex 0.00293986 0.01133760 0.10000000
      vertex 0.00494497 0.01419205 0.10000000
    endloop
  endfacet
  facet normal -8.182884e-01 5.748079e-01 0.000000e+00
    outer loop
      vertex 0.00293986 0.01133760 0.00000000
      vertex 0.00494497 0.01419205 0.10000000
      vertex 0.00494497 0.01419205 0.00000000
    endloop
  endfacet
  facet normal -7.510984e-01 6.601903e-01 0.000000e+00
    outer loop
      vertex 0.00494497 0.01419205 0.00000000
      vertex 0.00494497 0.01419205 0.10000000
      vertex 0.00745654 0.01704946 0.10000000
    endloop
  endfacet
  facet normal -7.510984e-01 6.601903e-01 0.000000e+00
    outer loop
      vertex 0.00494497 0.01419205 0.00000000
      vertex 0.00745654 0.01704946 0.10000000
      vertex 0.00745654 0.01704946 0.00000000
    endloop
  endfacet
  facet normal -6.876736e-01 7.260200e-01 0.000000e+00
    outer loop
      vertex 0.00745654 0.01704946 0.00000000
      vertex 0.00745654 0.01704946 0.10000000
      vertex 0.01047285 0.01990646 0.10000000
    endloop
  endfacet
  facet normal -6.876736e-01 7.260200e-01 0.000000e+00
    outer loop
      vertex 0.00745654 0.01704946 0.00000000
      vertex 0.01047285 0.01990646 0.10000000
      vertex 0.01047285 0.01990646 0.00000000
    endloop
  endfacet
  facet normal -6.297577e-01 7.767917e-01 0.000000e+00
    outer loop
      vertex 0.01047285 0.01990646 0.00000000
      vertex 0.01047285 0.01990646 0.10000000
      vertex 0.01399166 0.02275922 0.10000000
    endloop
  endfacet
  facet normal -6.297577e-01 7.767917e-01 0.000000e+00
    outer loop
      vertex 0.01047285 0.01990646 0.00000000
      vertex 0.01399166 0.02275922 0.10000000
      vertex 0.01399166 0.02275922 0.00000000
    endloop
  endfacet
  facet normal -5.777203e-01 8.162348e-01 0.000000e+00
    outer loop
      vertex 0.01399166 0.02275922 0.00000000
      vertex 0.01399166 0.02275922 0.10000000
      vertex 0.01801022 0.02560350 0.10000000
    endloop
  endfacet
  facet normal -5.777203e-01 8.162348e-01 0.000000e+00
    outer loop
      vertex 0.01399166 0.02275922 0.00000000
      vertex 0.01801022 0.02560350 0.10000000
      vertex 0.01801022 0.02560350 0.00000000
    endloop
  endfacet
  facet normal -5.312518e-01 8.472140e-01 0.000000e+00
    outer loop
      vertex 0.01801022 0.02560350 0.00000000
      vertex 0.01801022 0.02560350 0.10000000
      vertex 0.02252520 0.02843465 0.10000000
    endloop
  endfacet
  facet normal -5.312518e-01 8.472140e-01 0.000000e+00
    outer loop
      vertex 0.01801022 0.02560350 0.00000000
      vertex 0.02252520 0.02843465 0.10000000
      vertex 0.02252520 0.02843465 0.00000000
    endloop
  endfacet
  facet normal -4.897677e-01 8.718530e-01 0.000000e+00
    outer loop
      vertex 0.02252520 0.02843465 0.00000000
      vertex 0.02252520 0.02843465 0.10000000
      vertex 0.02753278 0.03124768 0.10000000
    endloop
  endfacet
  facet normal -4.897677e-01 8.718530e-01 0.000000e+00
    outer loop
      vertex 0.02252520 0.02843465 0.00000000
      vertex 0.02753278 0.03124768 0.10000000
      vertex 0.02753278 0.03124768 0.00000000
    endloop
  endfacet
  facet normal -4.526165e-01 8.917053e-01 0.000000e+00
    outer loop
      vertex 0.02753278 0.03124768 0.00000000
      vertex 0.02753278 0.03124768 0.10000000
      vertex 0.03302857 0.03403727 0.10000000
    endloop
  endfacet
  facet normal -4.526165e-01 8.917053e-01 0.000000e+00
    outer loop
      vertex 0.02753278 0.03124768 0.00000000
      vertex 0.03302857 0.03403727 0.10000000
      vertex 0.03302857 0.03403727 0.00000000
    endloop
  endfacet
  facet normal -4.191770e-01 9.079045e-01 0.000000e+00
    outer loop
      vertex 0.03302857 0.03403727 0.00000000
      vertex 0.03302857 0.03403727 0.10000000
      vertex 0.03900765 0.03679779 0.10000000
    endloop
  endfacet
  facet normal -4.191770e-01 9.079045e-01 0.000000e+00
    outer loop
      vertex 0.03302857 0.03403727 0.00000000
      vertex 0.03900765 0.03679779 0.10000000
      vertex 0.03900765 0.03679779 0.00000000
    endloop
  endfacet
  facet normal -3.888950e-01 9.212821e-01 0.000000e+00
    outer loop
      vertex 0.03900765 0.03679779 0.00000000
      vertex 0.03900765 0.03679779 0.10000000
      vertex 0.04546457 0.03952341 0.10000000
    endloop
  endfacet
  facet normal -3.888950e-01 9.212821e-01 0.000000e+00
    outer loop
      vertex 0.03900765 0.03679779 0.00000000
      vertex 0.04546457 0.03952341 0.10000000
      vertex 0.04546457 0.03952341 0.00000000
    endloop
  endfacet
  facet normal -3.612936e-01 9.324521e-01 0.000000e+00
    outer loop
      vertex 0.04546457 0.03952341 0.00000000
      vertex 0.04546457 0.03952341 0.10000000
      vertex 0.05239331 0.04220806 0.10000000
    endloop
  endfacet
  facet normal -3.612936e-01 9.324521e-01 0.000000e+00
    outer loop
      vertex 0.04546457 0.03952341 0.00000000
      vertex 0.05239331 0.04220806 0.10000000
      vertex 0.05239331 0.04220806 0.00000000
    endloop
  endfacet
  facet normal -3.359696e-01 9.418728e-01 0.000000e+00
    outer loop
      vertex 0.05239331 0.04220806 0.00000000
      vertex 0.05239331 0.04220806 0.10000000
      vertex 0.05978732 0.04484554 0.10000000
    endloop
  endfacet
  facet normal -3.359696e-01 9.418728e-01 0.000000e+00
    outer loop
      vertex 0.05239331 0.04220806 0.00000000
      vertex 0.05978732 0.04484554 0.10000000
      vertex 0.05978732 0.04484554 0.00000000
    endloop
  endfacet
  facet normal -3.125855e-01 9.498896e-01 0.000000e+00
    outer loop
      vertex 0.05978732 0.04484554 0.00000000
      vertex 0.05978732 0.04484554 0.10000000
      vertex 0.06763951 0.04742950 0.10000000
    endloop
  endfacet
  facet normal -3.125855e-01 9.498896e-01 0.000000e+00
    outer loop
      vertex 0.05978732 0.04484554 0.00000000
      vertex 0.06763951 0.04742950 0.10000000
      vertex 0.06763951 0.04742950 0.00000000
    endloop
  endfacet
  facet normal -2.908599e-01 9.567656e-01 0.000000e+00
    outer loop
      vertex 0.06763951 0.04742950 0.00000000
      vertex 0.06763951 0.04742950 0.10000000
      vertex 0.07594223 0.04995355 0.10000000
    endloop
  endfacet
  facet normal -2.908599e-01 9.567656e-01 0.000000e+00
    outer loop
      vertex 0.06763951 0.04742950 0.00000000
      vertex 0.07594223 0.04995355 0.10000000
      vertex 0.07594223 0.04995355 0.00000000
    endloop
  endfacet
  facet normal -2.705589e-01 9.627034e-01 0.000000e+00
    outer loop
      vertex 0.07594223 0.04995355 0.00000000
      vertex 0.07594223 0.04995355 0.10000000
      vertex 0.08468731 0.05241128 0.10000000
    endloop
  endfacet
  facet normal -2.705589e-01 9.627034e-01 0.000000e+00
    outer loop
      vertex 0.07594223 0.04995355 0.00000000
      vertex 0.08468731 0.05241128 0.10000000
      vertex 0.08468731 0.05241128 0.00000000
    endloop
  endfacet
  facet normal -2.514878e-01 9.678605e-01 0.000000e+00
    outer loop
      vertex 0.08468731 0.05241128 0.00000000
      vertex 0.08468731 0.05241128 0.10000000
      vertex 0.09386605 0.05479627 0.10000000
    endloop
  endfacet
  facet normal -2.514878e-01 9.678605e-01 0.000000e+00
    outer loop
      vertex 0.08468731 0.05241128 0.00000000
      vertex 0.09386605 0.05479627 0.10000000
      vertex 0.09386605 0.05479627 0.00000000
    endloop
  endfacet
  facet normal -2.334847e-01 9.723605e-01 0.000000e+00
    outer loop
      vertex 0.09386605 0.05479627 0.00000000
      vertex 0.09386605 0.05479627 0.10000000
      vertex 0.10346920 0.05710220 0.10000000
    endloop
  endfacet
  facet normal -2.334847e-01 9.723605e-01 0.000000e+00
    outer loop
      vertex 0.09386605 0.05479627 0.00000000
      vertex 0.10346920 0.05710220 0.10000000
      vertex 0.10346920 0.05710220 0.00000000
    endloop
  endfacet
  facet normal -2.164143e-01 9.763016e-01 0.000000e+00
    outer loop
      vertex 0.10346920 0.05710220 0.00000000
      vertex 0.10346920 0.05710220 0.10000000
      vertex 0.11348702 0.05932282 0.10000000
    endloop
  endfacet
  facet normal -2.164143e-01 9.763016e-01 0.000000e+00
    outer loop
      vertex 0.10346920 0.05710220 0.00000000
      vertex 0.11348702 0.05932282 0.10000000
      vertex 0.11348702 0.05932282 0.00000000
    endloop
  endfacet
  facet normal -2.001639e-01 9.797624e-01 0.000000e+00
    outer loop
      vertex 0.11348702 0.05932282 0.00000000
      vertex 0.11348702 0.05932282 0.10000000
      vertex 0.12390922 0.06145206 0.10000000
    endloop
  endfacet
  facet normal -2.001639e-01 9.797624e-01 0.000000e+00
    outer loop
      vertex 0.11348702 0.05932282 0.00000000
      vertex 0.12390922 0.06145206 0.10000000
      vertex 0.12390922 0.06145206 0.00000000
    endloop
  endfacet
  facet normal -1.846392e-01 9.828064e-01 0.000000e+00
    outer loop
      vertex 0.12390922 0.06145206 0.00000000
      vertex 0.12390922 0.06145206 0.10000000
      vertex 0.13472506 0.06348402 0.10000000
    endloop
  endfacet
  facet normal -1.846392e-01 9.828064e-01 0.000000e+00
    outer loop
      vertex 0.12390922 0.06145206 0.00000000
      vertex 0.13472506 0.06348402 0.10000000
      vertex 0.13472506 0.06348402 0.00000000
    endloop
  endfacet
  facet normal -1.697610e-01 9.854853e-01 0.000000e+00
    outer loop
      vertex 0.13472506 0.06348402 0.00000000
      vertex 0.13472506 0.06348402 0.10000000
      vertex 0.14592325 0.06541304 0.10000000
    endloop
  endfacet
  facet normal -1.697610e-01 9.854853e-01 0.000000e+00
    outer loop
      vertex 0.13472506 0.06348402 0.00000000
      vertex 0.14592325 0.06541304 0.10000000
      vertex 0.14592325 0.06541304 0.00000000
    endloop
  endfacet
  facet normal -1.554630e-01 9.878417e-01 0.000000e+00
    outer loop
      vertex 0.14592325 0.06541304 0.00000000
      vertex 0.14592325 0.06541304 0.10000000
      vertex 0.15749208 0.06723370 0.10000000
    endloop
  endfacet
  facet normal -1.554630e-01 9.878417e-01 0.000000e+00
    outer loop
      vertex 0.14592325 0.06541304 0.00000000
      vertex 0.15749208 0.06723370 0.10000000
      vertex 0.15749208 0.06723370 0.00000000
    endloop
  endfacet
  facet normal -1.416892e-01 9.899112e-01 0.000000e+00
    outer loop
      vertex 0.15749208 0.06723370 0.00000000
      vertex 0.15749208 0.06723370 0.10000000
      vertex 0.16941936 0.06894089 0.10000000
    endloop
  endfacet
  facet normal -1.416892e-01 9.899112e-01 0.000000e+00
    outer loop
      vertex 0.15749208 0.06723370 0.00000000
      vertex 0.16941936 0.06894089 0.10000000
      vertex 0.16941936 0.06894089 0.00000000
    endloop
  endfacet
  facet normal -1.283925e-01 9.917234e-01 0.000000e+00
    outer loop
      vertex 0.16941936 0.06894089 0.00000000
      vertex 0.16941936 0.06894089 0.10000000
      vertex 0.18169243 0.07052981 0.10000000
    endloop
  endfacet
  facet normal -1.283925e-01 9.917234e-01 0.000000e+00
    outer loop
      vertex 0.16941936 0.06894089 0.00000000
      vertex 0.18169243 0.07052981 0.10000000
      vertex 0.18169243 0.07052981 0.00000000
    endloop
  endfacet
  facet normal -1.155332e-01 9.933036e-01 0.000000e+00
    outer loop
      vertex 0.18169243 0.07052981 0.00000000
      vertex 0.18169243 0.07052981 0.10000000
      vertex 0.19429823 0.07199602 0.10000000
    endloop
  endfacet
  facet normal -1.155332e-01 9.933036e-01 0.000000e+00
    outer loop
      vertex 0.18169243 0.07052981 0.00000000
      vertex 0.19429823 0.07199602 0.10000000
      vertex 0.19429823 0.07199602 0.00000000
    endloop
  endfacet
  facet normal -1.030776e-01 9.946733e-01 0.000000e+00
    outer loop
      vertex 0.19429823 0.07199602 0.00000000
      vertex 0.19429823 0.07199602 0.10000000
      vertex 0.20722329 0.07333544 0.10000000
    endloop
  endfacet
  facet normal -1.030776e-01 9.946733e-01 0.000000e+00
    outer loop
      vertex 0.19429823 0.07199602 0.00000000
      vertex 0.20722329 0.07333544 0.10000000
      vertex 0.20722329 0.07333544 0.00000000
    endloop
  endfacet
  facet normal -9.099694e-02 9.958512e-01 0.000000e+00
    outer loop
      vertex 0.20722329 0.07333544 0.00000000
      vertex 0.20722329 0.07333544 0.10000000
      vertex 0.22045375 0.07454438 0.10000000
    endloop
  endfacet
  facet normal -9.099694e-02 9.958512e-01 0.000000e+00
    outer loop
      vertex 0.20722329 0.07333544 0.00000000
      vertex 0.22045375 0.07454438 0.10000000
      vertex 0.22045375 0.07454438 0.00000000
    endloop
  endfacet
  facet normal -7.926698e-02 9.968534e-01 0.000000e+00
    outer loop
      vertex 0.22045375 0.07454438 0.00000000
      vertex 0.22045375 0.07454438 0.10000000
      vertex 0.23397538 0.07561959 0.10000000
    endloop
  endfacet
  facet normal -7.926698e-02 9.968534e-01 0.000000e+00
    outer loop
      vertex 0.22045375 0.07454438 0.00000000
      vertex 0.23397538 0.07561959 0.10000000
      vertex 0.23397538 0.07561959 0.00000000
    endloop
  endfacet
  facet normal -6.786680e-02 9.976944e-01 0.000000e+00
    outer loop
      vertex 0.23397538 0.07561959 0.00000000
      vertex 0.23397538 0.07561959 0.10000000
      vertex 0.24777360 0.07655819 0.10000000
    endloop
  endfacet
  facet normal -6.786680e-02 9.976944e-01 0.000000e+00
    outer loop
      vertex 0.23397538 0.07561959 0.00000000
      vertex 0.24777360 0.07655819 0.10000000
      vertex 0.24777360 0.07655819 0.00000000
    endloop
  endfacet
  facet normal -5.677842e-02 9.983868e-01 0.000000e+00
    outer loop
      vertex 0.24777360 0.07655819 0.00000000
      vertex 0.24777360 0.07655819 0.10000000
      vertex 0.26183351 0.07735778 0.10000000
    endloop
  endfacet
  facet normal -5.677842e-02 9.983868e-01 0.000000e+00
    outer loop
      vertex 0.24777360 0.07655819 0.00000000
      vertex 0.26183351 0.07735778 0.10000000
      vertex 0.26183351 0.07735778 0.00000000
    endloop
  endfacet
  facet normal -4.598632e-02 9.989421e-01 0.000000e+00
    outer loop
      vertex 0.26183351 0.07735778 0.00000000
      vertex 0.26183351 0.07735778 0.10000000
      vertex 0.27613992 0.07801638 0.10000000
    endloop
  endfacet
  facet normal -4.598632e-02 9.989421e-01 0.000000e+00
    outer loop
      vertex 0.26183351 0.07735778 0.00000000
      vertex 0.27613992 0.07801638 0.10000000
      vertex 0.27613992 0.07801638 0.00000000
    endloop
  endfacet
  facet normal -3.547691e-02 9.993705e-01 0.000000e+00
    outer loop
      vertex 0.27613992 0.07801638 0.00000000
      vertex 0.27613992 0.07801638 0.10000000
      vertex 0.29067735 0.07853244 0.10000000
    endloop
  endfacet
  facet normal -3.547691e-02 9.993705e-01 0.000000e+00
    outer loop
      vertex 0.27613992 0.07801638 0.00000000
      vertex 0.29067735 0.07853244 0.10000000
      vertex 0.29067735 0.07853244 0.00000000
    endloop
  endfacet
  facet normal -2.523827e-02 9.996815e-01 0.000000e+00
    outer loop
      vertex 0.29067735 0.07853244 0.00000000
      vertex 0.29067735 0.07853244 0.10000000
      vertex 0.30543008 0.07890490 0.10000000
    endloop
  endfacet
  facet normal -2.523827e-02 9.996815e-01 0.000000e+00
    outer loop
      vertex 0.29067735 0.07853244 0.00000000
      vertex 0.30543008 0.07890490 0.10000000
      vertex 0.30543008 0.07890490 0.00000000
    endloop
  endfacet
  facet normal -1.525978e-02 9.998836e-01 0.000000e+00
    outer loop
      vertex 0.30543008 0.07890490 0.00000000
      vertex 0.30543008 0.07890490 0.10000000
      vertex 0.32038216 0.07913309 0.10000000
    endloop
  endfacet
  facet normal -1.525978e-02 9.998836e-01 0.000000e+00
    outer loop
      vertex 0.30543008 0.07890490 0.00000000
      vertex 0.32038216 0.07913309 0.10000000
      vertex 0.32038216 0.07913309 0.00000000
    endloop
  endfacet
  facet normal -5.531899e-03 9.999847e-01 0.000000e+00
    outer loop
      vertex 0.32038216 0.07913309 0.00000000
      vertex 0.32038216 0.07913309 0.10000000
      vertex 0.33551743 0.07921682 0.10000000
    endloop
  endfacet
  facet normal -5.531899e-03 9.999847e-01 0.000000e+00
    outer loop
      vertex 0.32038216 0.07913309 0.00000000
      vertex 0.33551743 0.07921682 0.10000000
      vertex 0.33551743 0.07921682 0.00000000
    endloop
  endfacet
  facet normal 3.954033e-03 9.999922e-01 -0.000000e+00
    outer loop
      vertex 0.33551743 0.07921682 0.00000000
      vertex 0.33551743 0.07921682 0.10000000
      vertex 0.35081957 0.07915631 0.10000000
    endloop
  endfacet
  facet normal 3.954033e-03 9.999922e-01 0.000000e+00
    outer loop
      vertex 0.33551743 0.07921682 0.00000000
      vertex 0.35081957 0.07915631 0.10000000
      vertex 0.35081957 0.07915631 0.00000000
    endloop
  endfacet
  facet normal 1.320600e-02 9.999128e-01 -0.000000e+00
    outer loop
      vertex 0.35081957 0.07915631 0.00000000
      vertex 0.35081957 0.07915631 0.10000000
      vertex 0.36627210 0.07895223 0.10000000
    endloop
  endfacet
  facet normal 1.320600e-02 9.999128e-01 0.000000e+00
    outer loop
      vertex 0.35081957 0.07915631 0.00000000
      vertex 0.36627210 0.07895223 0.10000000
      vertex 0.36627210 0.07895223 0.00000000
    endloop
  endfacet
  facet normal 2.223144e-02 9.997529e-01 -0.000000e+00
    outer loop
      vertex 0.36627210 0.07895223 0.00000000
      vertex 0.36627210 0.07895223 0.10000000
      vertex 0.38185839 0.07860564 0.10000000
    endloop
  endfacet
  facet normal 2.223144e-02 9.997529e-01 0.000000e+00
    outer loop
      vertex 0.36627210 0.07895223 0.00000000
      vertex 0.38185839 0.07860564 0.10000000
      vertex 0.38185839 0.07860564 0.00000000
    endloop
  endfacet
  facet normal 3.103736e-02 9.995182e-01 -0.000000e+00
    outer loop
      vertex 0.38185839 0.07860564 0.00000000
      vertex 0.38185839 0.07860564 0.10000000
      vertex 0.39756175 0.07811801 0.10000000
    endloop
  endfacet
  facet normal 3.103736e-02 9.995182e-01 0.000000e+00
    outer loop
      vertex 0.38185839 0.07860564 0.00000000
      vertex 0.39756175 0.07811801 0.10000000
      vertex 0.39756175 0.07811801 0.00000000
    endloop
  endfacet
  facet normal 3.911361e-02 9.992348e-01 -0.000000e+00
    outer loop
      vertex 0.39756175 0.07811801 0.00000000
      vertex 0.39756175 0.07811801 0.10000000
      vertex 0.41326011 0.07750352 0.10000000
    endloop
  endfacet
  facet normal 3.911361e-02 9.992348e-01 0.000000e+00
    outer loop
      vertex 0.39756175 0.07811801 0.00000000
      vertex 0.41326011 0.07750352 0.10000000
      vertex 0.41326011 0.07750352 0.00000000
    endloop
  endfacet
  facet normal 4.543963e-02 9.989671e-01 -0.000000e+00
    outer loop
      vertex 0.41326011 0.07750352 0.00000000
      vertex 0.41326011 0.07750352 0.10000000
      vertex 0.42902471 0.07678644 0.10000000
    endloop
  endfacet
  facet normal 4.543963e-02 9.989671e-01 0.000000e+00
    outer loop
      vertex 0.41326011 0.07750352 0.00000000
      vertex 0.42902471 0.07678644 0.10000000
      vertex 0.42902471 0.07678644 0.00000000
    endloop
  endfacet
  facet normal 5.147937e-02 9.986741e-01 -0.000000e+00
    outer loop
      vertex 0.42902471 0.07678644 0.00000000
      vertex 0.42902471 0.07678644 0.10000000
      vertex 0.44485869 0.07597024 0.10000000
    endloop
  endfacet
  facet normal 5.147937e-02 9.986741e-01 0.000000e+00
    outer loop
      vertex 0.42902471 0.07678644 0.00000000
      vertex 0.44485869 0.07597024 0.10000000
      vertex 0.44485869 0.07597024 0.00000000
    endloop
  endfacet
  facet normal 5.731600e-02 9.983561e-01 -0.000000e+00
    outer loop
      vertex 0.44485869 0.07597024 0.00000000
      vertex 0.44485869 0.07597024 0.10000000
      vertex 0.46074573 0.07505816 0.10000000
    endloop
  endfacet
  facet normal 5.731600e-02 9.983561e-01 0.000000e+00
    outer loop
      vertex 0.44485869 0.07597024 0.00000000
      vertex 0.46074573 0.07505816 0.10000000
      vertex 0.46074573 0.07505816 0.00000000
    endloop
  endfacet
  facet normal 6.295816e-02 9.980162e-01 -0.000000e+00
    outer loop
      vertex 0.46074573 0.07505816 0.00000000
      vertex 0.46074573 0.07505816 0.10000000
      vertex 0.47666948 0.07405363 0.10000000
    endloop
  endfacet
  facet normal 6.295816e-02 9.980162e-01 0.000000e+00
    outer loop
      vertex 0.46074573 0.07505816 0.00000000
      vertex 0.47666948 0.07405363 0.10000000
      vertex 0.47666948 0.07405363 0.00000000
    endloop
  endfacet
  facet normal 6.841433e-02 9.976570e-01 -0.000000e+00
    outer loop
      vertex 0.47666948 0.07405363 0.00000000
      vertex 0.47666948 0.07405363 0.10000000
      vertex 0.49261360 0.07296026 0.10000000
    endloop
  endfacet
  facet normal 6.841433e-02 9.976570e-01 0.000000e+00
    outer loop
      vertex 0.47666948 0.07405363 0.00000000
      vertex 0.49261360 0.07296026 0.10000000
      vertex 0.49261360 0.07296026 0.00000000
    endloop
  endfacet
  facet normal 7.369286e-02 9.972810e-01 -0.000000e+00
    outer loop
      vertex 0.49261360 0.07296026 0.00000000
      vertex 0.49261360 0.07296026 0.10000000
      vertex 0.50856174 0.07178180 0.10000000
    endloop
  endfacet
  facet normal 7.369286e-02 9.972810e-01 0.000000e+00
    outer loop
      vertex 0.49261360 0.07296026 0.00000000
      vertex 0.50856174 0.07178180 0.10000000
      vertex 0.50856174 0.07178180 0.00000000
    endloop
  endfacet
  facet normal 7.880196e-02 9.968903e-01 -0.000000e+00
    outer loop
      vertex 0.50856174 0.07178180 0.00000000
      vertex 0.50856174 0.07178180 0.10000000
      vertex 0.52449758 0.07052210 0.10000000
    endloop
  endfacet
  facet normal 7.880196e-02 9.968903e-01 0.000000e+00
    outer loop
      vertex 0.50856174 0.07178180 0.00000000
      vertex 0.52449758 0.07052210 0.10000000
      vertex 0.52449758 0.07052210 0.00000000
    endloop
  endfacet
  facet normal 8.374967e-02 9.964868e-01 -0.000000e+00
    outer loop
      vertex 0.52449758 0.07052210 0.00000000
      vertex 0.52449758 0.07052210 0.10000000
      vertex 0.54040483 0.06918518 0.10000000
    endloop
  endfacet
  facet normal 8.374967e-02 9.964868e-01 0.000000e+00
    outer loop
      vertex 0.52449758 0.07052210 0.00000000
      vertex 0.54040483 0.06918518 0.10000000
      vertex 0.54040483 0.06918518 0.00000000
    endloop
  endfacet
  facet normal 8.854387e-02 9.960723e-01 -0.000000e+00
    outer loop
      vertex 0.54040483 0.06918518 0.00000000
      vertex 0.54040483 0.06918518 0.10000000
      vertex 0.55626729 0.06777512 0.10000000
    endloop
  endfacet
  facet normal 8.854387e-02 9.960723e-01 0.000000e+00
    outer loop
      vertex 0.54040483 0.06918518 0.00000000
      vertex 0.55626729 0.06777512 0.10000000
      vertex 0.55626729 0.06777512 0.00000000
    endloop
  endfacet
  facet normal 9.319224e-02 9.956481e-01 -0.000000e+00
    outer loop
      vertex 0.55626729 0.06777512 0.00000000
      vertex 0.55626729 0.06777512 0.10000000
      vertex 0.57206881 0.06629610 0.10000000
    endloop
  endfacet
  facet normal 9.319224e-02 9.956481e-01 0.000000e+00
    outer loop
      vertex 0.55626729 0.06777512 0.00000000
      vertex 0.57206881 0.06629610 0.10000000
      vertex 0.57206881 0.06629610 0.00000000
    endloop
  endfacet
  facet normal 9.770224e-02 9.952157e-01 -0.000000e+00
    outer loop
      vertex 0.57206881 0.06629610 0.00000000
      vertex 0.57206881 0.06629610 0.10000000
      vertex 0.58779332 0.06475240 0.10000000
    endloop
  endfacet
  facet normal 9.770224e-02 9.952157e-01 0.000000e+00
    outer loop
      vertex 0.57206881 0.06629610 0.00000000
      vertex 0.58779332 0.06475240 0.10000000
      vertex 0.58779332 0.06475240 0.00000000
    endloop
  endfacet
  facet normal 1.020811e-01 9.947761e-01 -0.000000e+00
    outer loop
      vertex 0.58779332 0.06475240 0.00000000
      vertex 0.58779332 0.06475240 0.10000000
      vertex 0.60342489 0.06314833 0.10000000
    endloop
  endfacet
  facet normal 1.020811e-01 9.947761e-01 0.000000e+00
    outer loop
      vertex 0.58779332 0.06475240 0.00000000
      vertex 0.60342489 0.06314833 0.10000000
      vertex 0.60342489 0.06314833 0.00000000
    endloop
  endfacet
  facet normal 1.063357e-01 9.943303e-01 -0.000000e+00
    outer loop
      vertex 0.60342489 0.06314833 0.00000000
      vertex 0.60342489 0.06314833 0.10000000
      vertex 0.61894770 0.06148829 0.10000000
    endloop
  endfacet
  facet normal 1.063357e-01 9.943303e-01 0.000000e+00
    outer loop
      vertex 0.60342489 0.06314833 0.00000000
      vertex 0.61894770 0.06148829 0.10000000
      vertex 0.61894770 0.06148829 0.00000000
    endloop
  endfacet
  facet normal 1.104728e-01 9.938791e-01 -0.000000e+00
    outer loop
      vertex 0.61894770 0.06148829 0.00000000
      vertex 0.61894770 0.06148829 0.10000000
      vertex 0.63434605 0.05977671 0.10000000
    endloop
  endfacet
  facet normal 1.104728e-01 9.938791e-01 0.000000e+00
    outer loop
      vertex 0.61894770 0.06148829 0.00000000
      vertex 0.63434605 0.05977671 0.10000000
      vertex 0.63434605 0.05977671 0.00000000
    endloop
  endfacet
  facet normal 1.144987e-01 9.934234e-01 -0.000000e+00
    outer loop
      vertex 0.63434605 0.05977671 0.00000000
      vertex 0.63434605 0.05977671 0.10000000
      vertex 0.64960442 0.05801808 0.10000000
    endloop
  endfacet
  facet normal 1.144987e-01 9.934234e-01 0.000000e+00
    outer loop
      vertex 0.63434605 0.05977671 0.00000000
      vertex 0.64960442 0.05801808 0.10000000
      vertex 0.64960442 0.05801808 0.00000000
    endloop
  endfacet
  facet normal 1.184192e-01 9.929637e-01 -0.000000e+00
    outer loop
      vertex 0.64960442 0.05801808 0.00000000
      vertex 0.64960442 0.05801808 0.10000000
      vertex 0.66470745 0.05621692 0.10000000
    endloop
  endfacet
  facet normal 1.184192e-01 9.929637e-01 0.000000e+00
    outer loop
      vertex 0.64960442 0.05801808 0.00000000
      vertex 0.66470745 0.05621692 0.10000000
      vertex 0.66470745 0.05621692 0.00000000
    endloop
  endfacet
  facet normal 1.222399e-01 9.925006e-01 -0.000000e+00
    outer loop
      vertex 0.66470745 0.05621692 0.00000000
      vertex 0.66470745 0.05621692 0.10000000
      vertex 0.67963995 0.05437778 0.10000000
    endloop
  endfacet
  facet normal 1.222399e-01 9.925006e-01 0.000000e+00
    outer loop
      vertex 0.66470745 0.05621692 0.00000000
      vertex 0.67963995 0.05437778 0.10000000
      vertex 0.67963995 0.05437778 0.00000000
    endloop
  endfacet
  facet normal 1.259661e-01 9.920346e-01 -0.000000e+00
    outer loop
      vertex 0.67963995 0.05437778 0.00000000
      vertex 0.67963995 0.05437778 0.10000000
      vertex 0.69438696 0.05250524 0.10000000
    endloop
  endfacet
  facet normal 1.259661e-01 9.920346e-01 0.000000e+00
    outer loop
      vertex 0.67963995 0.05437778 0.00000000
      vertex 0.69438696 0.05250524 0.10000000
      vertex 0.69438696 0.05250524 0.00000000
    endloop
  endfacet
  facet normal 1.296023e-01 9.915661e-01 -0.000000e+00
    outer loop
      vertex 0.69438696 0.05250524 0.00000000
      vertex 0.69438696 0.05250524 0.10000000
      vertex 0.70893369 0.05060392 0.10000000
    endloop
  endfacet
  facet normal 1.296023e-01 9.915661e-01 0.000000e+00
    outer loop
      vertex 0.69438696 0.05250524 0.00000000
      vertex 0.70893369 0.05060392 0.10000000
      vertex 0.70893369 0.05060392 0.00000000
    endloop
  endfacet
  facet normal 1.331528e-01 9.910955e-01 -0.000000e+00
    outer loop
      vertex 0.70893369 0.05060392 0.00000000
      vertex 0.70893369 0.05060392 0.10000000
      vertex 0.72326562 0.04867844 0.10000000
    endloop
  endfacet
  facet normal 1.331528e-01 9.910955e-01 0.000000e+00
    outer loop
      vertex 0.70893369 0.05060392 0.00000000
      vertex 0.72326562 0.04867844 0.10000000
      vertex 0.72326562 0.04867844 0.00000000
    endloop
  endfacet
  facet normal 1.366215e-01 9.906233e-01 -0.000000e+00
    outer loop
      vertex 0.72326562 0.04867844 0.00000000
      vertex 0.72326562 0.04867844 0.10000000
      vertex 0.73736843 0.04673345 0.10000000
    endloop
  endfacet
  facet normal 1.366215e-01 9.906233e-01 0.000000e+00
    outer loop
      vertex 0.72326562 0.04867844 0.00000000
      vertex 0.73736843 0.04673345 0.10000000
      vertex 0.73736843 0.04673345 0.00000000
    endloop
  endfacet
  facet normal 1.400115e-01 9.901499e-01 -0.000000e+00
    outer loop
      vertex 0.73736843 0.04673345 0.00000000
      vertex 0.73736843 0.04673345 0.10000000
      vertex 0.75122808 0.04477364 0.10000000
    endloop
  endfacet
  facet normal 1.400115e-01 9.901499e-01 0.000000e+00
    outer loop
      vertex 0.73736843 0.04673345 0.00000000
      vertex 0.75122808 0.04477364 0.10000000
      vertex 0.75122808 0.04477364 0.00000000
    endloop
  endfacet
  facet normal 1.433256e-01 9.896756e-01 -0.000000e+00
    outer loop
      vertex 0.75122808 0.04477364 0.00000000
      vertex 0.75122808 0.04477364 0.10000000
      vertex 0.76483079 0.04280368 0.10000000
    endloop
  endfacet
  facet normal 1.433256e-01 9.896756e-01 0.000000e+00
    outer loop
      vertex 0.75122808 0.04477364 0.00000000
      vertex 0.76483079 0.04280368 0.10000000
      vertex 0.76483079 0.04280368 0.00000000
    endloop
  endfacet
  facet normal 1.465661e-01 9.892009e-01 -0.000000e+00
    outer loop
      vertex 0.76483079 0.04280368 0.00000000
      vertex 0.76483079 0.04280368 0.10000000
      vertex 0.77816307 0.04082829 0.10000000
    endloop
  endfacet
  facet normal 1.465661e-01 9.892009e-01 0.000000e+00
    outer loop
      vertex 0.76483079 0.04280368 0.00000000
      vertex 0.77816307 0.04082829 0.10000000
      vertex 0.77816307 0.04082829 0.00000000
    endloop
  endfacet
  facet normal 1.497347e-01 9.887262e-01 -0.000000e+00
    outer loop
      vertex 0.77816307 0.04082829 0.00000000
      vertex 0.77816307 0.04082829 0.10000000
      vertex 0.79121169 0.03885218 0.10000000
    endloop
  endfacet
  facet normal 1.497347e-01 9.887262e-01 0.000000e+00
    outer loop
      vertex 0.77816307 0.04082829 0.00000000
      vertex 0.79121169 0.03885218 0.10000000
      vertex 0.79121169 0.03885218 0.00000000
    endloop
  endfacet
  facet normal 1.528326e-01 9.882521e-01 -0.000000e+00
    outer loop
      vertex 0.79121169 0.03885218 0.00000000
      vertex 0.79121169 0.03885218 0.10000000
      vertex 0.80396376 0.03688008 0.10000000
    endloop
  endfacet
  facet normal 1.528326e-01 9.882521e-01 0.000000e+00
    outer loop
      vertex 0.79121169 0.03885218 0.00000000
      vertex 0.80396376 0.03688008 0.10000000
      vertex 0.80396376 0.03688008 0.00000000
    endloop
  endfacet
  facet normal 1.558606e-01 9.877791e-01 -0.000000e+00
    outer loop
      vertex 0.80396376 0.03688008 0.00000000
      vertex 0.80396376 0.03688008 0.10000000
      vertex 0.81640669 0.03491672 0.10000000
    endloop
  endfacet
  facet normal 1.558606e-01 9.877791e-01 0.000000e+00
    outer loop
      vertex 0.80396376 0.03688008 0.00000000
      vertex 0.81640669 0.03491672 0.10000000
      vertex 0.81640669 0.03491672 0.00000000
    endloop
  endfacet
  facet normal 1.588189e-01 9.873077e-01 -0.000000e+00
    outer loop
      vertex 0.81640669 0.03491672 0.00000000
      vertex 0.81640669 0.03491672 0.10000000
      vertex 0.82852823 0.03296684 0.10000000
    endloop
  endfacet
  facet normal 1.588189e-01 9.873077e-01 0.000000e+00
    outer loop
      vertex 0.81640669 0.03491672 0.00000000
      vertex 0.82852823 0.03296684 0.10000000
      vertex 0.82852823 0.03296684 0.00000000
    endloop
  endfacet
  facet normal 1.617071e-01 9.868388e-01 -0.000000e+00
    outer loop
      vertex 0.82852823 0.03296684 0.00000000
      vertex 0.82852823 0.03296684 0.10000000
      vertex 0.84031645 0.03103518 0.10000000
    endloop
  endfacet
  facet normal 1.617071e-01 9.868388e-01 0.000000e+00
    outer loop
      vertex 0.82852823 0.03296684 0.00000000
      vertex 0.84031645 0.03103518 0.10000000
      vertex 0.84031645 0.03103518 0.00000000
    endloop
  endfacet
  facet normal 1.645247e-01 9.863730e-01 -0.000000e+00
    outer loop
      vertex 0.84031645 0.03103518 0.00000000
      vertex 0.84031645 0.03103518 0.10000000
      vertex 0.85175978 0.02912646 0.10000000
    endloop
  endfacet
  facet normal 1.645247e-01 9.863730e-01 0.000000e+00
    outer loop
      vertex 0.84031645 0.03103518 0.00000000
      vertex 0.85175978 0.02912646 0.10000000
      vertex 0.85175978 0.02912646 0.00000000
    endloop
  endfacet
  facet normal 1.672703e-01 9.859111e-01 -0.000000e+00
    outer loop
      vertex 0.85175978 0.02912646 0.00000000
      vertex 0.85175978 0.02912646 0.10000000
      vertex 0.86284703 0.02724539 0.10000000
    endloop
  endfacet
  facet normal 1.672703e-01 9.859111e-01 0.000000e+00
    outer loop
      vertex 0.85175978 0.02912646 0.00000000
      vertex 0.86284703 0.02724539 0.10000000
      vertex 0.86284703 0.02724539 0.00000000
    endloop
  endfacet
  facet normal 1.699425e-01 9.854540e-01 -0.000000e+00
    outer loop
      vertex 0.86284703 0.02724539 0.00000000
      vertex 0.86284703 0.02724539 0.10000000
      vertex 0.87356734 0.02539666 0.10000000
    endloop
  endfacet
  facet normal 1.699425e-01 9.854540e-01 0.000000e+00
    outer loop
      vertex 0.86284703 0.02724539 0.00000000
      vertex 0.87356734 0.02539666 0.10000000
      vertex 0.87356734 0.02539666 0.00000000
    endloop
  endfacet
  facet normal 1.725391e-01 9.850027e-01 -0.000000e+00
    outer loop
      vertex 0.87356734 0.02539666 0.00000000
      vertex 0.87356734 0.02539666 0.10000000
      vertex 0.88391026 0.02358493 0.10000000
    endloop
  endfacet
  facet normal 1.725391e-01 9.850027e-01 0.000000e+00
    outer loop
      vertex 0.87356734 0.02539666 0.00000000
      vertex 0.88391026 0.02358493 0.10000000
      vertex 0.88391026 0.02358493 0.00000000
    endloop
  endfacet
  facet normal 1.750579e-01 9.845581e-01 -0.000000e+00
    outer loop
      vertex 0.88391026 0.02358493 0.00000000
      vertex 0.88391026 0.02358493 0.10000000
      vertex 0.89386573 0.02181482 0.10000000
    endloop
  endfacet
  facet normal 1.750579e-01 9.845581e-01 0.000000e+00
    outer loop
      vertex 0.88391026 0.02358493 0.00000000
      vertex 0.89386573 0.02181482 0.10000000
      vertex 0.89386573 0.02181482 0.00000000
    endloop
  endfacet
  facet normal 1.774963e-01 9.841215e-01 -0.000000e+00
    outer loop
      vertex 0.89386573 0.02181482 0.00000000
      vertex 0.89386573 0.02181482 0.10000000
      vertex 0.90342407 0.02009087 0.10000000
    endloop
  endfacet
  facet normal 1.774963e-01 9.841215e-01 0.000000e+00
    outer loop
      vertex 0.89386573 0.02181482 0.00000000
      vertex 0.90342407 0.02009087 0.10000000
      vertex 0.90342407 0.02009087 0.00000000
    endloop
  endfacet
  facet normal 1.798512e-01 9.836938e-01 -0.000000e+00
    outer loop
      vertex 0.90342407 0.02009087 0.00000000
      vertex 0.90342407 0.02009087 0.10000000
      vertex 0.91257602 0.01841760 0.10000000
    endloop
  endfacet
  facet normal 1.798512e-01 9.836938e-01 0.000000e+00
    outer loop
      vertex 0.90342407 0.02009087 0.00000000
      vertex 0.91257602 0.01841760 0.10000000
      vertex 0.91257602 0.01841760 0.00000000
    endloop
  endfacet
  facet normal 1.821195e-01 9.832764e-01 -0.000000e+00
    outer loop
      vertex 0.91257602 0.01841760 0.00000000
      vertex 0.91257602 0.01841760 0.10000000
      vertex 0.92131271 0.01679941 0.10000000
    endloop
  endfacet
  facet normal 1.821195e-01 9.832764e-01 0.000000e+00
    outer loop
      vertex 0.91257602 0.01841760 0.00000000
      vertex 0.92131271 0.01679941 0.10000000
      vertex 0.92131271 0.01679941 0.00000000
    endloop
  endfacet
  facet normal 1.842978e-01 9.828704e-01 -0.000000e+00
    outer loop
      vertex 0.92131271 0.01679941 0.00000000
      vertex 0.92131271 0.01679941 0.10000000
      vertex 0.92962573 0.01524064 0.10000000
    endloop
  endfacet
  facet normal 1.842978e-01 9.828704e-01 0.000000e+00
    outer loop
      vertex 0.92131271 0.01679941 0.00000000
      vertex 0.92962573 0.01524064 0.10000000
      vertex 0.92962573 0.01524064 0.00000000
    endloop
  endfacet
  facet normal 1.863825e-01 9.824773e-01 -0.000000e+00
    outer loop
      vertex 0.92962573 0.01524064 0.00000000
      vertex 0.92962573 0.01524064 0.10000000
      vertex 0.93750704 0.01374550 0.10000000
    endloop
  endfacet
  facet normal 1.863825e-01 9.824773e-01 0.000000e+00
    outer loop
      vertex 0.92962573 0.01524064 0.00000000
      vertex 0.93750704 0.01374550 0.10000000
      vertex 0.93750704 0.01374550 0.00000000
    endloop
  endfacet
  facet normal 1.883700e-01 9.820981e-01 -0.000000e+00
    outer loop
      vertex 0.93750704 0.01374550 0.00000000
      vertex 0.93750704 0.01374550 0.10000000
      vertex 0.94494909 0.01231809 0.10000000
    endloop
  endfacet
  facet normal 1.883700e-01 9.820981e-01 0.000000e+00
    outer loop
      vertex 0.93750704 0.01374550 0.00000000
      vertex 0.94494909 0.01231809 0.10000000
      vertex 0.94494909 0.01231809 0.00000000
    endloop
  endfacet
  facet normal 1.902566e-01 9.817344e-01 -0.000000e+00
    outer loop
      vertex 0.94494909 0.01231809 0.00000000
      vertex 0.94494909 0.01231809 0.10000000
      vertex 0.95194472 0.01096236 0.10000000
    endloop
  endfacet
  facet normal 1.902566e-01 9.817344e-01 0.000000e+00
    outer loop
      vertex 0.94494909 0.01231809 0.00000000
      vertex 0.95194472 0.01096236 0.10000000
      vertex 0.95194472 0.01096236 0.00000000
    endloop
  endfacet
  facet normal 1.920384e-01 9.813874e-01 -0.000000e+00
    outer loop
      vertex 0.95194472 0.01096236 0.00000000
      vertex 0.95194472 0.01096236 0.10000000
      vertex 0.95848725 0.00968212 0.10000000
    endloop
  endfacet
  facet normal 1.920384e-01 9.813874e-01 0.000000e+00
    outer loop
      vertex 0.95194472 0.01096236 0.00000000
      vertex 0.95848725 0.00968212 0.10000000
      vertex 0.95848725 0.00968212 0.00000000
    endloop
  endfacet
  facet normal 1.937117e-01 9.810585e-01 -0.000000e+00
    outer loop
      vertex 0.95848725 0.00968212 0.00000000
      vertex 0.95848725 0.00968212 0.10000000
      vertex 0.96457040 0.00848099 0.10000000
    endloop
  endfacet
  facet normal 1.937117e-01 9.810585e-01 0.000000e+00
    outer loop
      vertex 0.95848725 0.00968212 0.00000000
      vertex 0.96457040 0.00848099 0.10000000
      vertex 0.96457040 0.00848099 0.00000000
    endloop
  endfacet
  facet normal 1.952728e-01 9.807490e-01 -0.000000e+00
    outer loop
      vertex 0.96457040 0.00848099 0.00000000
      vertex 0.96457040 0.00848099 0.10000000
      vertex 0.97018839 0.00736242 0.10000000
    endloop
  endfacet
  facet normal 1.952728e-01 9.807490e-01 0.000000e+00
    outer loop
      vertex 0.96457040 0.00848099 0.00000000
      vertex 0.97018839 0.00736242 0.10000000
      vertex 0.97018839 0.00736242 0.00000000
    endloop
  endfacet
  facet normal 1.967182e-01 9.804601e-01 -0.000000e+00
    outer loop
      vertex 0.97018839 0.00736242 0.00000000
      vertex 0.97018839 0.00736242 0.10000000
      vertex 0.97533585 0.00632964 0.10000000
    endloop
  endfacet
  facet normal 1.967182e-01 9.804601e-01 0.000000e+00
    outer loop
      vertex 0.97018839 0.00736242 0.00000000
      vertex 0.97533585 0.00632964 0.10000000
      vertex 0.97533585 0.00632964 0.00000000
    endloop
  endfacet
  facet normal 1.980444e-01 9.801931e-01 -0.000000e+00
    outer loop
      vertex 0.97533585 0.00632964 0.00000000
      vertex 0.97533585 0.00632964 0.10000000
      vertex 0.98000790 0.00538567 0.10000000
    endloop
  endfacet
  facet normal 1.980444e-01 9.801931e-01 0.000000e+00
    outer loop
      vertex 0.97533585 0.00632964 0.00000000
      vertex 0.98000790 0.00538567 0.10000000
      vertex 0.98000790 0.00538567 0.00000000
    endloop
  endfacet
  facet normal 1.992481e-01 9.799491e-01 -0.000000e+00
    outer loop
      vertex 0.98000790 0.00538567 0.00000000
      vertex 0.98000790 0.00538567 0.10000000
      vertex 0.98420010 0.00453329 0.10000000
    endloop
  endfacet
  facet normal 1.992481e-01 9.799491e-01 0.000000e+00
    outer loop
      vertex 0.98000790 0.00538567 0.00000000
      vertex 0.98420010 0.00453329 0.10000000
      vertex 0.98420010 0.00453329 0.00000000
    endloop
  endfacet
  facet normal 2.003263e-01 9.797292e-01 -0.000000e+00
    outer loop
      vertex 0.98420010 0.00453329 0.00000000
      vertex 0.98420010 0.00453329 0.10000000
      vertex 0.98790847 0.00377503 0.10000000
    endloop
  endfacet
  facet normal 2.003263e-01 9.797292e-01 0.000000e+00
    outer loop
      vertex 0.98420010 0.00453329 0.00000000
      vertex 0.98790847 0.00377503 0.10000000
      vertex 0.98790847 0.00377503 0.00000000
    endloop
  endfacet
  facet normal 2.012762e-01 9.795345e-01 -0.000000e+00
    outer loop
      vertex 0.98790847 0.00377503 0.00000000
      vertex 0.98790847 0.00377503 0.10000000
      vertex 0.99112951 0.00311317 0.10000000
    endloop
  endfacet
  facet normal 2.012762e-01 9.795345e-01 0.000000e+00
    outer loop
      vertex 0.98790847 0.00377503 0.00000000
      vertex 0.99112951 0.00311317 0.10000000
      vertex 0.99112951 0.00311317 0.00000000
    endloop
  endfacet
  facet normal 2.020953e-01 9.793659e-01 -0.000000e+00
    outer loop
      vertex 0.99112951 0.00311317 0.00000000
      vertex 0.99112951 0.00311317 0.10000000
      vertex 0.99386017 0.00254969 0.10000000
    endloop
  endfacet
  facet normal 2.020953e-01 9.793659e-01 0.000000e+00
    outer loop
      vertex 0.99112951 0.00311317 0.00000000
      vertex 0.99386017 0.00254969 0.10000000
      vertex 0.99386017 0.00254969 0.00000000
    endloop
  endfacet
  facet normal 2.027814e-01 9.792240e-01 -0.000000e+00
    outer loop
      vertex 0.99386017 0.00254969 0.00000000
      vertex 0.99386017 0.00254969 0.10000000
      vertex 0.99609786 0.00208630 0.10000000
    endloop
  endfacet
  facet normal 2.027814e-01 9.792240e-01 0.000000e+00
    outer loop
      vertex 0.99386017 0.00254969 0.00000000
      vertex 0.99609786 0.00208630 0.10000000
      vertex 0.99609786 0.00208630 0.00000000
    endloop
  endfacet
  facet normal 2.033326e-01 9.791097e-01 -0.000000e+00
    outer loop
      vertex 0.99609786 0.00208630 0.00000000
      vertex 0.99609786 0.00208630 0.10000000
      vertex 0.99784048 0.00172441 0.10000000
    endloop
  endfacet
  facet normal 2.033326e-01 9.791097e-01 0.000000e+00
    outer loop
      vertex 0.99609786 0.00208630 0.00000000
      vertex 0.99784048 0.00172441 0.10000000
      vertex 0.99784048 0.00172441 0.00000000
    endloop
  endfacet
  facet normal 2.037473e-01 9.790235e-01 -0.000000e+00
    outer loop
      vertex 0.99784048 0.00172441 0.00000000
      vertex 0.99784048 0.00172441 0.10000000
      vertex 0.99908639 0.00146512 0.10000000
    endloop
  endfacet
  facet normal 2.037473e-01 9.790235e-01 0.000000e+00
    outer loop
      vertex 0.99784048 0.00172441 0.00000000
      vertex 0.99908639 0.00146512 0.10000000
      vertex 0.99908639 0.00146512 0.00000000
    endloop
  endfacet
  facet normal 2.040244e-01 9.789658e-01 -0.000000e+00
    outer loop
      vertex 0.99908639 0.00146512 0.00000000
      vertex 0.99908639 0.00146512 0.10000000
      vertex 0.99983440 0.00130923 0.10000000
    endloop
  endfacet
  facet normal 2.040244e-01 9.789658e-01 0.000000e+00
    outer loop
      vertex 0.99908639 0.00146512 0.00000000
      vertex 0.99983440 0.00130923 0.10000000
      vertex 0.99983440 0.00130923 0.00000000
    endloop
  endfacet
  facet normal 9.920951e-01 1.254884e-01 -0.000000e+00
    outer loop
      vertex 0.99983440 0.00130923 0.00000000
      vertex 0.99983440 0.00130923 0.10000000
      vertex 1.00000000 0.00000000 0.10000000
    endloop
  endfacet
  facet normal 9.920951e-01 1.254884e-01 0.000000e+00
    outer loop
      vertex 0.99983440 0.00130923 0.00000000
      vertex 1.00000000 0.00000000 0.10000000
      vertex 1.00000000 0.00000000 0.00000000
    endloop
  endfacet
  facet normal 9.666717e-01 -2.560190e-01 0.000000e+00
    outer loop
      vertex 1.00000000 0.00000000 0.00000000
      vertex 1.00000000 0.00000000 0.10000000
      vertex 0.99966214 -0.00127567 0.10000000
    endloop
  endfacet
  facet normal 9.666717e-01 -2.560190e-01 0.000000e+00
    outer loop
      vertex 1.00000000 0.00000000 0.00000000
      vertex 0.99966214 -0.00127567 0.10000000
      vertex 0.99966214 -0.00127567 0.00000000
    endloop
  endfacet
  facet normal 7.244724e-02 -9.973722e-01 0.000000e+00
    outer loop
      vertex 0.99966214 -0.00127567 0.00000000
      vertex 0.99966214 -0.00127567 0.10000000
      vertex 0.99890029 -0.00133101 0.10000000
    endloop
  endfacet
  facet normal 7.244724e-02 -9.973722e-01 0.000000e+00
    outer loop
      vertex 0.99966214 -0.00127567 0.00000000
      vertex 0.99890029 -0.00133101 0.10000000
      vertex 0.99890029 -0.00133101 0.00000000
    endloop
  endfacet
  facet normal 7.239113e-02 -9.973763e-01 0.000000e+00
    outer loop
      vertex 0.99890029 -0.00133101 0.00000000
      vertex 0.99890029 -0.00133101 0.10000000
      vertex 0.99763144 -0.00142310 0.10000000
    endloop
  endfacet
  facet normal 7.239113e-02 -9.973763e-01 0.000000e+00
    outer loop
      vertex 0.99890029 -0.00133101 0.00000000
      vertex 0.99763144 -0.00142310 0.10000000
      vertex 0.99763144 -0.00142310 0.00000000
    endloop
  endfacet
  facet normal 7.230768e-02 -9.973824e-01 0.000000e+00
    outer loop
      vertex 0.99763144 -0.00142310 0.00000000
      vertex 0.99763144 -0.00142310 0.10000000
      vertex 0.99585695 -0.00155175 0.10000000
    endloop
  endfacet
  facet normal 7.230768e-02 -9.973824e-01 0.000000e+00
    outer loop
      vertex 0.99763144 -0.00142310 0.00000000
      vertex 0.99585695 -0.00155175 0.10000000
      vertex 0.99585695 -0.00155175 0.00000000
    endloop
  endfacet
  facet normal 7.219774e-02 -9.973903e-01 0.000000e+00
    outer loop
      vertex 0.99585695 -0.00155175 0.00000000
      vertex 0.99585695 -0.00155175 0.10000000
      vertex 0.99357872 -0.00171666 0.10000000
    endloop
  endfacet
  facet normal 7.219774e-02 -9.973903e-01 0.000000e+00
    outer loop
      vertex 0.99585695 -0.00155175 0.00000000
      vertex 0.99357872 -0.00171666 0.10000000
      vertex 0.99357872 -0.00171666 0.00000000
    endloop
  endfacet
  facet normal 7.206243e-02 -9.974001e-01 0.000000e+00
    outer loop
      vertex 0.99357872 -0.00171666 0.00000000
      vertex 0.99357872 -0.00171666 0.10000000
      vertex 0.99079919 -0.00191749 0.10000000
    endloop
  endfacet
  facet normal 7.206243e-02 -9.974001e-01 0.000000e+00
    outer loop
      vertex 0.99357872 -0.00171666 0.00000000
      vertex 0.99079919 -0.00191749 0.10000000
      vertex 0.99079919 -0.00191749 0.00000000
    endloop
  endfacet
  facet normal 7.190310e-02 -9.974116e-01 0.000000e+00
    outer loop
      vertex 0.99079919 -0.00191749 0.00000000
      vertex 0.99079919 -0.00191749 0.10000000
      vertex 0.98752131 -0.00215379 0.10000000
    endloop
  endfacet
  facet normal 7.190310e-02 -9.974116e-01 0.000000e+00
    outer loop
      vertex 0.99079919 -0.00191749 0.00000000
      vertex 0.98752131 -0.00215379 0.10000000
      vertex 0.98752131 -0.00215379 0.00000000
    endloop
  endfacet
  facet normal 7.172135e-02 -9.974247e-01 0.000000e+00
    outer loop
      vertex 0.98752131 -0.00215379 0.00000000
      vertex 0.98752131 -0.00215379 0.10000000
      vertex 0.98374860 -0.00242507 0.10000000
    endloop
  endfacet
  facet normal 7.172135e-02 -9.974247e-01 0.000000e+00
    outer loop
      vertex 0.98752131 -0.00215379 0.00000000
      vertex 0.98374860 -0.00242507 0.10000000
      vertex 0.98374860 -0.00242507 0.00000000
    endloop
  endfacet
  facet normal 7.151896e-02 -9.974392e-01 0.000000e+00
    outer loop
      vertex 0.98374860 -0.00242507 0.00000000
      vertex 0.98374860 -0.00242507 0.10000000
      vertex 0.97948507 -0.00273078 0.10000000
    endloop
  endfacet
  facet normal 7.151896e-02 -9.974392e-01 0.000000e+00
    outer loop
      vertex 0.98374860 -0.00242507 0.00000000
      vertex 0.97948507 -0.00273078 0.10000000
      vertex 0.97948507 -0.00273078 0.00000000
    endloop
  endfacet
  facet normal 7.129791e-02 -9.974551e-01 0.000000e+00
    outer loop
      vertex 0.97948507 -0.00273078 0.00000000
      vertex 0.97948507 -0.00273078 0.10000000
      vertex 0.97473526 -0.00307029 0.10000000
    endloop
  endfacet
  facet normal 7.129791e-02 -9.974551e-01 0.000000e+00
    outer loop
      vertex 0.97948507 -0.00273078 0.00000000
      vertex 0.97473526 -0.00307029 0.10000000
      vertex 0.97473526 -0.00307029 0.00000000
    endloop
  endfacet
  facet normal 7.106031e-02 -9.974720e-01 0.000000e+00
    outer loop
      vertex 0.97473526 -0.00307029 0.00000000
      vertex 0.97473526 -0.00307029 0.10000000
      vertex 0.96950423 -0.00344295 0.10000000
    endloop
  endfacet
  facet normal 7.106031e-02 -9.974720e-01 0.000000e+00
    outer loop
      vertex 0.97473526 -0.00307029 0.00000000
      vertex 0.96950423 -0.00344295 0.10000000
      vertex 0.96950423 -0.00344295 0.00000000
    endloop
  endfacet
  facet normal 7.080839e-02 -9.974899e-01 0.000000e+00
    outer loop
      vertex 0.96950423 -0.00344295 0.00000000
      vertex 0.96950423 -0.00344295 0.10000000
      vertex 0.96379753 -0.00384805 0.10000000
    endloop
  endfacet
  facet normal 7.080839e-02 -9.974899e-01 0.000000e+00
    outer loop
      vertex 0.96950423 -0.00344295 0.00000000
      vertex 0.96379753 -0.00384805 0.10000000
      vertex 0.96379753 -0.00384805 0.00000000
    endloop
  endfacet
  facet normal 7.054445e-02 -9.975086e-01 0.000000e+00
    outer loop
      vertex 0.96379753 -0.00384805 0.00000000
      vertex 0.96379753 -0.00384805 0.10000000
      vertex 0.95762121 -0.00428484 0.10000000
    endloop
  endfacet
  facet normal 7.054445e-02 -9.975086e-01 0.000000e+00
    outer loop
      vertex 0.96379753 -0.00384805 0.00000000
      vertex 0.95762121 -0.00428484 0.10000000
      vertex 0.95762121 -0.00428484 0.00000000
    endloop
  endfacet
  facet normal 7.027083e-02 -9.975279e-01 0.000000e+00
    outer loop
      vertex 0.95762121 -0.00428484 0.00000000
      vertex 0.95762121 -0.00428484 0.10000000
      vertex 0.95098181 -0.00475256 0.10000000
    endloop
  endfacet
  facet normal 7.027083e-02 -9.975279e-01 0.000000e+00
    outer loop
      vertex 0.95762121 -0.00428484 0.00000000
      vertex 0.95098181 -0.00475256 0.10000000
      vertex 0.95098181 -0.00475256 0.00000000
    endloop
  endfacet
  facet normal 6.998989e-02 -9.975477e-01 0.000000e+00
    outer loop
      vertex 0.95098181 -0.00475256 0.00000000
      vertex 0.95098181 -0.00475256 0.10000000
      vertex 0.94388636 -0.00525039 0.10000000
    endloop
  endfacet
  facet normal 6.998989e-02 -9.975477e-01 0.000000e+00
    outer loop
      vertex 0.95098181 -0.00475256 0.00000000
      vertex 0.94388636 -0.00525039 0.10000000
      vertex 0.94388636 -0.00525039 0.00000000
    endloop
  endfacet
  facet normal 6.970390e-02 -9.975677e-01 0.000000e+00
    outer loop
      vertex 0.94388636 -0.00525039 0.00000000
      vertex 0.94388636 -0.00525039 0.10000000
      vertex 0.93634233 -0.00577752 0.10000000
    endloop
  endfacet
  facet normal 6.970390e-02 -9.975677e-01 0.000000e+00
    outer loop
      vertex 0.94388636 -0.00525039 0.00000000
      vertex 0.93634233 -0.00577752 0.10000000
      vertex 0.93634233 -0.00577752 0.00000000
    endloop
  endfacet
  facet normal 6.941510e-02 -9.975879e-01 0.000000e+00
    outer loop
      vertex 0.93634233 -0.00577752 0.00000000
      vertex 0.93634233 -0.00577752 0.10000000
      vertex 0.92835769 -0.00633311 0.10000000
    endloop
  endfacet
  facet normal 6.941510e-02 -9.975879e-01 0.000000e+00
    outer loop
      vertex 0.93634233 -0.00577752 0.00000000
      vertex 0.92835769 -0.00633311 0.10000000
      vertex 0.92835769 -0.00633311 0.00000000
    endloop
  endfacet
  facet normal 6.912557e-02 -9.976080e-01 0.000000e+00
    outer loop
      vertex 0.92835769 -0.00633311 0.00000000
      vertex 0.92835769 -0.00633311 0.10000000
      vertex 0.91994082 -0.00691633 0.10000000
    endloop
  endfacet
  facet normal 6.912557e-02 -9.976080e-01 0.000000e+00
    outer loop
      vertex 0.92835769 -0.00633311 0.00000000
      vertex 0.91994082 -0.00691633 0.10000000
      vertex 0.91994082 -0.00691633 0.00000000
    endloop
  endfacet
  facet normal 6.883721e-02 -9.976279e-01 0.000000e+00
    outer loop
      vertex 0.91994082 -0.00691633 0.00000000
      vertex 0.91994082 -0.00691633 0.10000000
      vertex 0.91110056 -0.00752631 0.10000000
    endloop
  endfacet
  facet normal 6.883721e-02 -9.976279e-01 0.000000e+00
    outer loop
      vertex 0.91994082 -0.00691633 0.00000000
      vertex 0.91110056 -0.00752631 0.10000000
      vertex 0.91110056 -0.00752631 0.00000000
    endloop
  endfacet
  facet normal 6.855172e-02 -9.976476e-01 0.000000e+00
    outer loop
      vertex 0.91110056 -0.00752631 0.00000000
      vertex 0.91110056 -0.00752631 0.10000000
      vertex 0.90184618 -0.00816221 0.10000000
    endloop
  endfacet
  facet normal 6.855172e-02 -9.976476e-01 0.000000e+00
    outer loop
      vertex 0.91110056 -0.00752631 0.00000000
      vertex 0.90184618 -0.00816221 0.10000000
      vertex 0.90184618 -0.00816221 0.00000000
    endloop
  endfacet
  facet normal 6.827054e-02 -9.976668e-01 0.000000e+00
    outer loop
      vertex 0.90184618 -0.00816221 0.00000000
      vertex 0.90184618 -0.00816221 0.10000000
      vertex 0.89218736 -0.00882317 0.10000000
    endloop
  endfacet
  facet normal 6.827054e-02 -9.976668e-01 0.000000e+00
    outer loop
      vertex 0.90184618 -0.00816221 0.00000000
      vertex 0.89218736 -0.00882317 0.10000000
      vertex 0.89218736 -0.00882317 0.00000000
    endloop
  endfacet
  facet normal 6.799481e-02 -9.976857e-01 0.000000e+00
    outer loop
      vertex 0.89218736 -0.00882317 0.00000000
      vertex 0.89218736 -0.00882317 0.10000000
      vertex 0.88213418 -0.00950832 0.10000000
    endloop
  endfacet
  facet normal 6.799481e-02 -9.976857e-01 0.000000e+00
    outer loop
      vertex 0.89218736 -0.00882317 0.00000000
      vertex 0.88213418 -0.00950832 0.10000000
      vertex 0.88213418 -0.00950832 0.00000000
    endloop
  endfacet
  facet normal 6.772533e-02 -9.977040e-01 0.000000e+00
    outer loop
      vertex 0.88213418 -0.00950832 0.00000000
      vertex 0.88213418 -0.00950832 0.10000000
      vertex 0.87169711 -0.01021680 0.10000000
    endloop
  endfacet
  facet normal 6.772533e-02 -9.977040e-01 0.000000e+00
    outer loop
      vertex 0.88213418 -0.00950832 0.00000000
      vertex 0.87169711 -0.01021680 0.10000000
      vertex 0.87169711 -0.01021680 0.00000000
    endloop
  endfacet
  facet normal 6.746250e-02 -9.977218e-01 0.000000e+00
    outer loop
      vertex 0.87169711 -0.01021680 0.00000000
      vertex 0.87169711 -0.01021680 0.10000000
      vertex 0.86088701 -0.01094774 0.10000000
    endloop
  endfacet
  facet normal 6.746250e-02 -9.977218e-01 0.000000e+00
    outer loop
      vertex 0.87169711 -0.01021680 0.00000000
      vertex 0.86088701 -0.01094774 0.10000000
      vertex 0.86088701 -0.01094774 0.00000000
    endloop
  endfacet
  facet normal 6.720634e-02 -9.977391e-01 0.000000e+00
    outer loop
      vertex 0.86088701 -0.01094774 0.00000000
      vertex 0.86088701 -0.01094774 0.10000000
      vertex 0.84971510 -0.01170026 0.10000000
    endloop
  endfacet
  facet normal 6.720634e-02 -9.977391e-01 0.000000e+00
    outer loop
      vertex 0.86088701 -0.01094774 0.00000000
      vertex 0.84971510 -0.01170026 0.10000000
      vertex 0.84971510 -0.01170026 0.00000000
    endloop
  endfacet
  facet normal 6.695639e-02 -9.977559e-01 0.000000e+00
    outer loop
      vertex 0.84971510 -0.01170026 0.00000000
      vertex 0.84971510 -0.01170026 0.10000000
      vertex 0.83819296 -0.01247348 0.10000000
    endloop
  endfacet
  facet normal 6.695639e-02 -9.977559e-01 0.000000e+00
    outer loop
      vertex 0.84971510 -0.01170026 0.00000000
      vertex 0.83819296 -0.01247348 0.10000000
      vertex 0.83819296 -0.01247348 0.00000000
    endloop
  endfacet
  facet normal 6.671173e-02 -9.977723e-01 0.000000e+00
    outer loop
      vertex 0.83819296 -0.01247348 0.00000000
      vertex 0.83819296 -0.01247348 0.10000000
      vertex 0.82633250 -0.01326648 0.10000000
    endloop
  endfacet
  facet normal 6.671173e-02 -9.977723e-01 0.000000e+00
    outer loop
      vertex 0.83819296 -0.01247348 0.00000000
      vertex 0.82633250 -0.01326648 0.10000000
      vertex 0.82633250 -0.01326648 0.00000000
    endloop
  endfacet
  facet normal 6.647092e-02 -9.977884e-01 0.000000e+00
    outer loop
      vertex 0.82633250 -0.01326648 0.00000000
      vertex 0.82633250 -0.01326648 0.10000000
      vertex 0.81414597 -0.01407832 0.10000000
    endloop
  endfacet
  facet normal 6.647092e-02 -9.977884e-01 0.000000e+00
    outer loop
      vertex 0.82633250 -0.01326648 0.00000000
      vertex 0.81414597 -0.01407832 0.10000000
      vertex 0.81414597 -0.01407832 0.00000000
    endloop
  endfacet
  facet normal 6.623200e-02 -9.978043e-01 0.000000e+00
    outer loop
      vertex 0.81414597 -0.01407832 0.00000000
      vertex 0.81414597 -0.01407832 0.10000000
      vertex 0.80164593 -0.01490805 0.10000000
    endloop
  endfacet
  facet normal 6.623200e-02 -9.978043e-01 0.000000e+00
    outer loop
      vertex 0.81414597 -0.01407832 0.00000000
      vertex 0.80164593 -0.01490805 0.10000000
      vertex 0.80164593 -0.01490805 0.00000000
    endloop
  endfacet
  facet normal 6.599247e-02 -9.978201e-01 0.000000e+00
    outer loop
      vertex 0.80164593 -0.01490805 0.00000000
      vertex 0.80164593 -0.01490805 0.10000000
      vertex 0.78884522 -0.01575465 0.10000000
    endloop
  endfacet
  facet normal 6.599247e-02 -9.978201e-01 0.000000e+00
    outer loop
      vertex 0.80164593 -0.01490805 0.00000000
      vertex 0.78884522 -0.01575465 0.10000000
      vertex 0.78884522 -0.01575465 0.00000000
    endloop
  endfacet
  facet normal 6.574924e-02 -9.978362e-01 0.000000e+00
    outer loop
      vertex 0.78884522 -0.01575465 0.00000000
      vertex 0.78884522 -0.01575465 0.10000000
      vertex 0.77575700 -0.01661705 0.10000000
    endloop
  endfacet
  facet normal 6.574924e-02 -9.978362e-01 0.000000e+00
    outer loop
      vertex 0.78884522 -0.01575465 0.00000000
      vertex 0.77575700 -0.01661705 0.10000000
      vertex 0.77575700 -0.01661705 0.00000000
    endloop
  endfacet
  facet normal 6.549866e-02 -9.978527e-01 0.000000e+00
    outer loop
      vertex 0.77575700 -0.01661705 0.00000000
      vertex 0.77575700 -0.01661705 0.10000000
      vertex 0.76239467 -0.01749415 0.10000000
    endloop
  endfacet
  facet normal 6.549866e-02 -9.978527e-01 0.000000e+00
    outer loop
      vertex 0.77575700 -0.01661705 0.00000000
      vertex 0.76239467 -0.01749415 0.10000000
      vertex 0.76239467 -0.01749415 0.00000000
    endloop
  endfacet
  facet normal 6.523650e-02 -9.978698e-01 0.000000e+00
    outer loop
      vertex 0.76239467 -0.01749415 0.00000000
      vertex 0.76239467 -0.01749415 0.10000000
      vertex 0.74877192 -0.01838475 0.10000000
    endloop
  endfacet
  facet normal 6.523650e-02 -9.978698e-01 0.000000e+00
    outer loop
      vertex 0.76239467 -0.01749415 0.00000000
      vertex 0.74877192 -0.01838475 0.10000000
      vertex 0.74877192 -0.01838475 0.00000000
    endloop
  endfacet
  facet normal 6.495794e-02 -9.978880e-01 0.000000e+00
    outer loop
      vertex 0.74877192 -0.01838475 0.00000000
      vertex 0.74877192 -0.01838475 0.10000000
      vertex 0.73490265 -0.01928757 0.10000000
    endloop
  endfacet
  facet normal 6.495794e-02 -9.978880e-01 0.000000e+00
    outer loop
      vertex 0.74877192 -0.01838475 0.00000000
      vertex 0.73490265 -0.01928757 0.10000000
      vertex 0.73490265 -0.01928757 0.00000000
    endloop
  endfacet
  facet normal 6.465757e-02 -9.979075e-01 0.000000e+00
    outer loop
      vertex 0.73490265 -0.01928757 0.00000000
      vertex 0.73490265 -0.01928757 0.10000000
      vertex 0.72080100 -0.02020126 0.10000000
    endloop
  endfacet
  facet normal 6.465757e-02 -9.979075e-01 0.000000e+00
    outer loop
      vertex 0.73490265 -0.01928757 0.00000000
      vertex 0.72080100 -0.02020126 0.10000000
      vertex 0.72080100 -0.02020126 0.00000000
    endloop
  endfacet
  facet normal 6.432942e-02 -9.979287e-01 0.000000e+00
    outer loop
      vertex 0.72080100 -0.02020126 0.00000000
      vertex 0.72080100 -0.02020126 0.10000000
      vertex 0.70648132 -0.02112435 0.10000000
    endloop
  endfacet
  facet normal 6.432942e-02 -9.979287e-01 0.000000e+00
    outer loop
      vertex 0.72080100 -0.02020126 0.00000000
      vertex 0.70648132 -0.02112435 0.10000000
      vertex 0.70648132 -0.02112435 0.00000000
    endloop
  endfacet
  facet normal 6.396695e-02 -9.979520e-01 0.000000e+00
    outer loop
      vertex 0.70648132 -0.02112435 0.00000000
      vertex 0.70648132 -0.02112435 0.10000000
      vertex 0.69195817 -0.02205526 0.10000000
    endloop
  endfacet
  facet normal 6.396695e-02 -9.979520e-01 0.000000e+00
    outer loop
      vertex 0.70648132 -0.02112435 0.00000000
      vertex 0.69195817 -0.02205526 0.10000000
      vertex 0.69195817 -0.02205526 0.00000000
    endloop
  endfacet
  facet normal 6.356306e-02 -9.979778e-01 0.000000e+00
    outer loop
      vertex 0.69195817 -0.02205526 0.00000000
      vertex 0.69195817 -0.02205526 0.10000000
      vertex 0.67724627 -0.02299229 0.10000000
    endloop
  endfacet
  facet normal 6.356306e-02 -9.979778e-01 0.000000e+00
    outer loop
      vertex 0.69195817 -0.02205526 0.00000000
      vertex 0.67724627 -0.02299229 0.10000000
      vertex 0.67724627 -0.02299229 0.00000000
    endloop
  endfacet
  facet normal 6.311011e-02 -9.980066e-01 0.000000e+00
    outer loop
      vertex 0.67724627 -0.02299229 0.00000000
      vertex 0.67724627 -0.02299229 0.10000000
      vertex 0.66236052 -0.02393361 0.10000000
    endloop
  endfacet
  facet normal 6.311011e-02 -9.980066e-01 0.000000e+00
    outer loop
      vertex 0.67724627 -0.02299229 0.00000000
      vertex 0.66236052 -0.02393361 0.10000000
      vertex 0.66236052 -0.02393361 0.00000000
    endloop
  endfacet
  facet normal 6.259997e-02 -9.980387e-01 0.000000e+00
    outer loop
      vertex 0.66236052 -0.02393361 0.00000000
      vertex 0.66236052 -0.02393361 0.10000000
      vertex 0.64731595 -0.02487725 0.10000000
    endloop
  endfacet
  facet normal 6.259997e-02 -9.980387e-01 0.000000e+00
    outer loop
      vertex 0.66236052 -0.02393361 0.00000000
      vertex 0.64731595 -0.02487725 0.10000000
      vertex 0.64731595 -0.02487725 0.00000000
    endloop
  endfacet
  facet normal 6.202402e-02 -9.980747e-01 0.000000e+00
    outer loop
      vertex 0.64731595 -0.02487725 0.00000000
      vertex 0.64731595 -0.02487725 0.10000000
      vertex 0.63212776 -0.02582110 0.10000000
    endloop
  endfacet
  facet normal 6.202402e-02 -9.980747e-01 0.000000e+00
    outer loop
      vertex 0.64731595 -0.02487725 0.00000000
      vertex 0.63212776 -0.02582110 0.10000000
      vertex 0.63212776 -0.02582110 0.00000000
    endloop
  endfacet
  facet normal 6.137316e-02 -9.981149e-01 0.000000e+00
    outer loop
      vertex 0.63212776 -0.02582110 0.00000000
      vertex 0.63212776 -0.02582110 0.10000000
      vertex 0.61681124 -0.02676290 0.10000000
    endloop
  endfacet
  facet normal 6.137316e-02 -9.981149e-01 0.000000e+00
    outer loop
      vertex 0.63212776 -0.02582110 0.00000000
      vertex 0.61681124 -0.02676290 0.10000000
      vertex 0.61681124 -0.02676290 0.00000000
    endloop
  endfacet
  facet normal 6.063790e-02 -9.981598e-01 0.000000e+00
    outer loop
      vertex 0.61681124 -0.02676290 0.00000000
      vertex 0.61681124 -0.02676290 0.10000000
      vertex 0.60138178 -0.02770023 0.10000000
    endloop
  endfacet
  facet normal 6.063790e-02 -9.981598e-01 0.000000e+00
    outer loop
      vertex 0.61681124 -0.02676290 0.00000000
      vertex 0.60138178 -0.02770023 0.10000000
      vertex 0.60138178 -0.02770023 0.00000000
    endloop
  endfacet
  facet normal 5.980832e-02 -9.982099e-01 0.000000e+00
    outer loop
      vertex 0.60138178 -0.02770023 0.00000000
      vertex 0.60138178 -0.02770023 0.10000000
      vertex 0.58585486 -0.02863053 0.10000000
    endloop
  endfacet
  facet normal 5.980832e-02 -9.982099e-01 0.000000e+00
    outer loop
      vertex 0.60138178 -0.02770023 0.00000000
      vertex 0.58585486 -0.02863053 0.10000000
      vertex 0.58585486 -0.02863053 0.00000000
    endloop
  endfacet
  facet normal 5.887414e-02 -9.982654e-01 0.000000e+00
    outer loop
      vertex 0.58585486 -0.02863053 0.00000000
      vertex 0.58585486 -0.02863053 0.10000000
      vertex 0.57024603 -0.02955109 0.10000000
    endloop
  endfacet
  facet normal 5.887414e-02 -9.982654e-01 0.000000e+00
    outer loop
      vertex 0.58585486 -0.02863053 0.00000000
      vertex 0.57024603 -0.02955109 0.10000000
      vertex 0.57024603 -0.02955109 0.00000000
    endloop
  endfacet
  facet normal 5.782478e-02 -9.983267e-01 0.000000e+00
    outer loop
      vertex 0.57024603 -0.02955109 0.00000000
      vertex 0.57024603 -0.02955109 0.10000000
      vertex 0.55457091 -0.03045902 0.10000000
    endloop
  endfacet
  facet normal 5.782478e-02 -9.983267e-01 0.000000e+00
    outer loop
      vertex 0.57024603 -0.02955109 0.00000000
      vertex 0.55457091 -0.03045902 0.10000000
      vertex 0.55457091 -0.03045902 0.00000000
    endloop
  endfacet
  facet normal 5.664934e-02 -9.983941e-01 0.000000e+00
    outer loop
      vertex 0.55457091 -0.03045902 0.00000000
      vertex 0.55457091 -0.03045902 0.10000000
      vertex 0.53884512 -0.03135131 0.10000000
    endloop
  endfacet
  facet normal 5.664934e-02 -9.983941e-01 0.000000e+00
    outer loop
      vertex 0.55457091 -0.03045902 0.00000000
      vertex 0.53884512 -0.03135131 0.10000000
      vertex 0.53884512 -0.03135131 0.00000000
    endloop
  endfacet
  facet normal 5.533665e-02 -9.984678e-01 0.000000e+00
    outer loop
      vertex 0.53884512 -0.03135131 0.00000000
      vertex 0.53884512 -0.03135131 0.10000000
      vertex 0.52308434 -0.03222479 0.10000000
    endloop
  endfacet
  facet normal 5.533665e-02 -9.984678e-01 0.000000e+00
    outer loop
      vertex 0.53884512 -0.03135131 0.00000000
      vertex 0.52308434 -0.03222479 0.10000000
      vertex 0.52308434 -0.03222479 0.00000000
    endloop
  endfacet
  facet normal 5.387533e-02 -9.985477e-01 0.000000e+00
    outer loop
      vertex 0.52308434 -0.03222479 0.00000000
      vertex 0.52308434 -0.03222479 0.10000000
      vertex 0.50730422 -0.03307619 0.10000000
    endloop
  endfacet
  facet normal 5.387533e-02 -9.985477e-01 0.000000e+00
    outer loop
      vertex 0.52308434 -0.03222479 0.00000000
      vertex 0.50730422 -0.03307619 0.10000000
      vertex 0.50730422 -0.03307619 0.00000000
    endloop
  endfacet
  facet normal 5.225379e-02 -9.986338e-01 0.000000e+00
    outer loop
      vertex 0.50730422 -0.03307619 0.00000000
      vertex 0.50730422 -0.03307619 0.10000000
      vertex 0.49152043 -0.03390208 0.10000000
    endloop
  endfacet
  facet normal 5.225379e-02 -9.986338e-01 0.000000e+00
    outer loop
      vertex 0.50730422 -0.03307619 0.00000000
      vertex 0.49152043 -0.03390208 0.10000000
      vertex 0.49152043 -0.03390208 0.00000000
    endloop
  endfacet
  facet normal 5.046026e-02 -9.987261e-01 0.000000e+00
    outer loop
      vertex 0.49152043 -0.03390208 0.00000000
      vertex 0.49152043 -0.03390208 0.10000000
      vertex 0.47574860 -0.03469895 0.10000000
    endloop
  endfacet
  facet normal 5.046026e-02 -9.987261e-01 0.000000e+00
    outer loop
      vertex 0.49152043 -0.03390208 0.00000000
      vertex 0.47574860 -0.03469895 0.10000000
      vertex 0.47574860 -0.03469895 0.00000000
    endloop
  endfacet
  facet normal 4.848280e-02 -9.988240e-01 0.000000e+00
    outer loop
      vertex 0.47574860 -0.03469895 0.00000000
      vertex 0.47574860 -0.03469895 0.10000000
      vertex 0.46000431 -0.03546317 0.10000000
    endloop
  endfacet
  facet normal 4.848280e-02 -9.988240e-01 0.000000e+00
    outer loop
      vertex 0.47574860 -0.03469895 0.00000000
      vertex 0.46000431 -0.03546317 0.10000000
      vertex 0.46000431 -0.03546317 0.00000000
    endloop
  endfacet
  facet normal 4.630934e-02 -9.989271e-01 0.000000e+00
    outer loop
      vertex 0.46000431 -0.03546317 0.00000000
      vertex 0.46000431 -0.03546317 0.10000000
      vertex 0.44430311 -0.03619107 0.10000000
    endloop
  endfacet
  facet normal 4.630934e-02 -9.989271e-01 0.000000e+00
    outer loop
      vertex 0.46000431 -0.03546317 0.00000000
      vertex 0.44430311 -0.03619107 0.10000000
      vertex 0.44430311 -0.03619107 0.00000000
    endloop
  endfacet
  facet normal 4.392768e-02 -9.990347e-01 0.000000e+00
    outer loop
      vertex 0.44430311 -0.03619107 0.00000000
      vertex 0.44430311 -0.03619107 0.10000000
      vertex 0.42866045 -0.03687887 0.10000000
    endloop
  endfacet
  facet normal 4.392768e-02 -9.990347e-01 0.000000e+00
    outer loop
      vertex 0.44430311 -0.03619107 0.00000000
      vertex 0.42866045 -0.03687887 0.10000000
      vertex 0.42866045 -0.03687887 0.00000000
    endloop
  endfacet
  facet normal 4.132546e-02 -9.991457e-01 0.000000e+00
    outer loop
      vertex 0.42866045 -0.03687887 0.00000000
      vertex 0.42866045 -0.03687887 0.10000000
      vertex 0.41309171 -0.03752281 0.10000000
    endloop
  endfacet
  facet normal 4.132546e-02 -9.991457e-01 0.000000e+00
    outer loop
      vertex 0.42866045 -0.03687887 0.00000000
      vertex 0.41309171 -0.03752281 0.10000000
      vertex 0.41309171 -0.03752281 0.00000000
    endloop
  endfacet
  facet normal 3.856376e-02 -9.992561e-01 0.000000e+00
    outer loop
      vertex 0.41309171 -0.03752281 0.00000000
      vertex 0.41309171 -0.03752281 0.10000000
      vertex 0.39763159 -0.03811945 0.10000000
    endloop
  endfacet
  facet normal 3.856376e-02 -9.992561e-01 0.000000e+00
    outer loop
      vertex 0.41309171 -0.03752281 0.00000000
      vertex 0.39763159 -0.03811945 0.10000000
      vertex 0.39763159 -0.03811945 0.00000000
    endloop
  endfacet
  facet normal 3.709842e-02 -9.993116e-01 0.000000e+00
    outer loop
      vertex 0.39763159 -0.03811945 0.00000000
      vertex 0.39763159 -0.03811945 0.10000000
      vertex 0.38238267 -0.03868555 0.10000000
    endloop
  endfacet
  facet normal 3.709842e-02 -9.993116e-01 0.000000e+00
    outer loop
      vertex 0.39763159 -0.03811945 0.00000000
      vertex 0.38238267 -0.03868555 0.10000000
      vertex 0.38238267 -0.03868555 0.00000000
    endloop
  endfacet
  facet normal 3.585904e-02 -9.993569e-01 0.000000e+00
    outer loop
      vertex 0.38238267 -0.03868555 0.00000000
      vertex 0.38238267 -0.03868555 0.10000000
      vertex 0.36725409 -0.03922840 0.10000000
    endloop
  endfacet
  facet normal 3.585904e-02 -9.993569e-01 0.000000e+00
    outer loop
      vertex 0.38238267 -0.03868555 0.00000000
      vertex 0.36725409 -0.03922840 0.10000000
      vertex 0.36725409 -0.03922840 0.00000000
    endloop
  endfacet
  facet normal 3.432730e-02 -9.994106e-01 0.000000e+00
    outer loop
      vertex 0.36725409 -0.03922840 0.00000000
      vertex 0.36725409 -0.03922840 0.10000000
      vertex 0.35226005 -0.03974341 0.10000000
    endloop
  endfacet
  facet normal 3.432730e-02 -9.994106e-01 0.000000e+00
    outer loop
      vertex 0.36725409 -0.03922840 0.00000000
      vertex 0.35226005 -0.03974341 0.10000000
      vertex 0.35226005 -0.03974341 0.00000000
    endloop
  endfacet
  facet normal 3.248775e-02 -9.994721e-01 0.000000e+00
    outer loop
      vertex 0.35226005 -0.03974341 0.00000000
      vertex 0.35226005 -0.03974341 0.10000000
      vertex 0.33741460 -0.04022596 0.10000000
    endloop
  endfacet
  facet normal 3.248775e-02 -9.994721e-01 0.000000e+00
    outer loop
      vertex 0.35226005 -0.03974341 0.00000000
      vertex 0.33741460 -0.04022596 0.10000000
      vertex 0.33741460 -0.04022596 0.00000000
    endloop
  endfacet
  facet normal 3.032461e-02 -9.995401e-01 0.000000e+00
    outer loop
      vertex 0.33741460 -0.04022596 0.00000000
      vertex 0.33741460 -0.04022596 0.10000000
      vertex 0.32273162 -0.04067142 0.10000000
    endloop
  endfacet
  facet normal 3.032461e-02 -9.995401e-01 0.000000e+00
    outer loop
      vertex 0.33741460 -0.04022596 0.00000000
      vertex 0.32273162 -0.04067142 0.10000000
      vertex 0.32273162 -0.04067142 0.00000000
    endloop
  endfacet
  facet normal 2.782159e-02 -9.996129e-01 0.000000e+00
    outer loop
      vertex 0.32273162 -0.04067142 0.00000000
      vertex 0.32273162 -0.04067142 0.10000000
      vertex 0.30822479 -0.04107518 0.10000000
    endloop
  endfacet
  facet normal 2.782159e-02 -9.996129e-01 0.000000e+00
    outer loop
      vertex 0.32273162 -0.04067142 0.00000000
      vertex 0.30822479 -0.04107518 0.10000000
      vertex 0.30822479 -0.04107518 0.00000000
    endloop
  endfacet
  facet normal 2.496178e-02 -9.996884e-01 0.000000e+00
    outer loop
      vertex 0.30822479 -0.04107518 0.00000000
      vertex 0.30822479 -0.04107518 0.10000000
      vertex 0.29390764 -0.04143267 0.10000000
    endloop
  endfacet
  facet normal 2.496178e-02 -9.996884e-01 0.000000e+00
    outer loop
      vertex 0.30822479 -0.04107518 0.00000000
      vertex 0.29390764 -0.04143267 0.10000000
      vertex 0.29390764 -0.04143267 0.00000000
    endloop
  endfacet
  facet normal 2.172744e-02 -9.997639e-01 0.000000e+00
    outer loop
      vertex 0.29390764 -0.04143267 0.00000000
      vertex 0.29390764 -0.04143267 0.10000000
      vertex 0.27979347 -0.04173941 0.10000000
    endloop
  endfacet
  facet normal 2.172744e-02 -9.997639e-01 0.000000e+00
    outer loop
      vertex 0.29390764 -0.04143267 0.00000000
      vertex 0.27979347 -0.04173941 0.10000000
      vertex 0.27979347 -0.04173941 0.00000000
    endloop
  endfacet
  facet normal 1.809981e-02 -9.998362e-01 0.000000e+00
    outer loop
      vertex 0.27979347 -0.04173941 0.00000000
      vertex 0.27979347 -0.04173941 0.10000000
      vertex 0.26589541 -0.04199100 0.10000000
    endloop
  endfacet
  facet normal 1.809981e-02 -9.998362e-01 0.000000e+00
    outer loop
      vertex 0.27979347 -0.04173941 0.00000000
      vertex 0.26589541 -0.04199100 0.10000000
      vertex 0.26589541 -0.04199100 0.00000000
    endloop
  endfacet
  facet normal 1.405883e-02 -9.999012e-01 0.000000e+00
    outer loop
      vertex 0.26589541 -0.04199100 0.00000000
      vertex 0.26589541 -0.04199100 0.10000000
      vertex 0.25222640 -0.04218319 0.10000000
    endloop
  endfacet
  facet normal 1.405883e-02 -9.999012e-01 0.000000e+00
    outer loop
      vertex 0.26589541 -0.04199100 0.00000000
      vertex 0.25222640 -0.04218319 0.10000000
      vertex 0.25222640 -0.04218319 0.00000000
    endloop
  endfacet
  facet normal 9.582813e-03 -9.999541e-01 0.000000e+00
    outer loop
      vertex 0.25222640 -0.04218319 0.00000000
      vertex 0.25222640 -0.04218319 0.10000000
      vertex 0.23879915 -0.04231187 0.10000000
    endloop
  endfacet
  facet normal 9.582813e-03 -9.999541e-01 0.000000e+00
    outer loop
      vertex 0.25222640 -0.04218319 0.00000000
      vertex 0.23879915 -0.04231187 0.10000000
      vertex 0.23879915 -0.04231187 0.00000000
    endloop
  endfacet
  facet normal 4.648088e-03 -9.999892e-01 0.000000e+00
    outer loop
      vertex 0.23879915 -0.04231187 0.00000000
      vertex 0.23879915 -0.04231187 0.10000000
      vertex 0.22562618 -0.04237310 0.10000000
    endloop
  endfacet
  facet normal 4.648088e-03 -9.999892e-01 0.000000e+00
    outer loop
      vertex 0.23879915 -0.04231187 0.00000000
      vertex 0.22562618 -0.04237310 0.10000000
      vertex 0.22562618 -0.04237310 0.00000000
    endloop
  endfacet
  facet normal -7.714759e-04 -9.999997e-01 0.000000e+00
    outer loop
      vertex 0.22562618 -0.04237310 0.00000000
      vertex 0.22562618 -0.04237310 0.10000000
      vertex 0.21271980 -0.04236314 0.10000000
    endloop
  endfacet
  facet normal -7.714759e-04 -9.999997e-01 0.000000e+00
    outer loop
      vertex 0.22562618 -0.04237310 0.00000000
      vertex 0.21271980 -0.04236314 0.10000000
      vertex 0.21271980 -0.04236314 0.00000000
    endloop
  endfacet
  facet normal -6.705009e-03 -9.999775e-01 0.000000e+00
    outer loop
      vertex 0.21271980 -0.04236314 0.00000000
      vertex 0.21271980 -0.04236314 0.10000000
      vertex 0.20009208 -0.04227847 0.10000000
    endloop
  endfacet
  facet normal -6.705009e-03 -9.999775e-01 0.000000e+00
    outer loop
      vertex 0.21271980 -0.04236314 0.00000000
      vertex 0.20009208 -0.04227847 0.10000000
      vertex 0.20009208 -0.04227847 0.00000000
    endloop
  endfacet
  facet normal -1.318529e-02 -9.999131e-01 0.000000e+00
    outer loop
      vertex 0.20009208 -0.04227847 0.00000000
      vertex 0.20009208 -0.04227847 0.10000000
      vertex 0.18775491 -0.04211579 0.10000000
    endloop
  endfacet
  facet normal -1.318529e-02 -9.999131e-01 0.000000e+00
    outer loop
      vertex 0.20009208 -0.04227847 0.00000000
      vertex 0.18775491 -0.04211579 0.10000000
      vertex 0.18775491 -0.04211579 0.00000000
    endloop
  endfacet
  facet normal -2.024954e-02 -9.997950e-01 0.000000e+00
    outer loop
      vertex 0.18775491 -0.04211579 0.00000000
      vertex 0.18775491 -0.04211579 0.10000000
      vertex 0.17571991 -0.04187203 0.10000000
    endloop
  endfacet
  facet normal -2.024954e-02 -9.997950e-01 0.000000e+00
    outer loop
      vertex 0.18775491 -0.04211579 0.00000000
      vertex 0.17571991 -0.04187203 0.10000000
      vertex 0.17571991 -0.04187203 0.00000000
    endloop
  endfacet
  facet normal -2.794034e-02 -9.996096e-01 0.000000e+00
    outer loop
      vertex 0.17571991 -0.04187203 0.00000000
      vertex 0.17571991 -0.04187203 0.10000000
      vertex 0.16399850 -0.04154441 0.10000000
    endloop
  endfacet
  facet normal -2.794034e-02 -9.996096e-01 0.000000e+00
    outer loop
      vertex 0.17571991 -0.04187203 0.00000000
      vertex 0.16399850 -0.04154441 0.10000000
      vertex 0.16399850 -0.04154441 0.00000000
    endloop
  endfacet
  facet normal -3.630677e-02 -9.993407e-01 0.000000e+00
    outer loop
      vertex 0.16399850 -0.04154441 0.00000000
      vertex 0.16399850 -0.04154441 0.10000000
      vertex 0.15260186 -0.04113036 0.10000000
    endloop
  endfacet
  facet normal -3.630677e-02 -9.993407e-01 0.000000e+00
    outer loop
      vertex 0.16399850 -0.04154441 0.00000000
      vertex 0.15260186 -0.04113036 0.10000000
      vertex 0.15260186 -0.04113036 0.00000000
    endloop
  endfacet
  facet normal -4.540577e-02 -9.989686e-01 0.000000e+00
    outer loop
      vertex 0.15260186 -0.04113036 0.00000000
      vertex 0.15260186 -0.04113036 0.10000000
      vertex 0.14154091 -0.04062761 0.10000000
    endloop
  endfacet
  facet normal -4.540577e-02 -9.989686e-01 0.000000e+00
    outer loop
      vertex 0.15260186 -0.04113036 0.00000000
      vertex 0.14154091 -0.04062761 0.10000000
      vertex 0.14154091 -0.04062761 0.00000000
    endloop
  endfacet
  facet normal -5.530378e-02 -9.984696e-01 0.000000e+00
    outer loop
      vertex 0.14154091 -0.04062761 0.00000000
      vertex 0.14154091 -0.04062761 0.10000000
      vertex 0.13082633 -0.04003414 0.10000000
    endloop
  endfacet
  facet normal -5.530378e-02 -9.984696e-01 0.000000e+00
    outer loop
      vertex 0.14154091 -0.04062761 0.00000000
      vertex 0.13082633 -0.04003414 0.10000000
      vertex 0.13082633 -0.04003414 0.00000000
    endloop
  endfacet
  facet normal -6.607876e-02 -9.978144e-01 0.000000e+00
    outer loop
      vertex 0.13082633 -0.04003414 0.00000000
      vertex 0.13082633 -0.04003414 0.10000000
      vertex 0.12046854 -0.03934821 0.10000000
    endloop
  endfacet
  facet normal -6.607876e-02 -9.978144e-01 0.000000e+00
    outer loop
      vertex 0.13082633 -0.04003414 0.00000000
      vertex 0.12046854 -0.03934821 0.10000000
      vertex 0.12046854 -0.03934821 0.00000000
    endloop
  endfacet
  facet normal -7.782264e-02 -9.969672e-01 0.000000e+00
    outer loop
      vertex 0.12046854 -0.03934821 0.00000000
      vertex 0.12046854 -0.03934821 0.10000000
      vertex 0.11047770 -0.03856834 0.10000000
    endloop
  endfacet
  facet normal -7.782264e-02 -9.969672e-01 0.000000e+00
    outer loop
      vertex 0.12046854 -0.03934821 0.00000000
      vertex 0.11047770 -0.03856834 0.10000000
      vertex 0.11047770 -0.03856834 0.00000000
    endloop
  endfacet
  facet normal -9.064434e-02 -9.958833e-01 0.000000e+00
    outer loop
      vertex 0.11047770 -0.03856834 0.00000000
      vertex 0.11047770 -0.03856834 0.10000000
      vertex 0.10086369 -0.03769328 0.10000000
    endloop
  endfacet
  facet normal -9.064434e-02 -9.958833e-01 0.000000e+00
    outer loop
      vertex 0.11047770 -0.03856834 0.00000000
      vertex 0.10086369 -0.03769328 0.10000000
      vertex 0.10086369 -0.03769328 0.00000000
    endloop
  endfacet
  facet normal -1.046735e-01 -9.945066e-01 0.000000e+00
    outer loop
      vertex 0.10086369 -0.03769328 0.00000000
      vertex 0.10086369 -0.03769328 0.10000000
      vertex 0.09163611 -0.03672206 0.10000000
    endloop
  endfacet
  facet normal -1.046735e-01 -9.945066e-01 0.000000e+00
    outer loop
      vertex 0.10086369 -0.03769328 0.00000000
      vertex 0.09163611 -0.03672206 0.10000000
      vertex 0.09163611 -0.03672206 0.00000000
    endloop
  endfacet
  facet normal -1.200649e-01 -9.927660e-01 0.000000e+00
    outer loop
      vertex 0.09163611 -0.03672206 0.00000000
      vertex 0.09163611 -0.03672206 0.10000000
      vertex 0.08280424 -0.03565393 0.10000000
    endloop
  endfacet
  facet normal -1.200649e-01 -9.927660e-01 0.000000e+00
    outer loop
      vertex 0.09163611 -0.03672206 0.00000000
      vertex 0.08280424 -0.03565393 0.10000000
      vertex 0.08280424 -0.03565393 0.00000000
    endloop
  endfacet
  facet normal -1.370046e-01 -9.905704e-01 0.000000e+00
    outer loop
      vertex 0.08280424 -0.03565393 0.00000000
      vertex 0.08280424 -0.03565393 0.10000000
      vertex 0.07437708 -0.03448838 0.10000000
    endloop
  endfacet
  facet normal -1.370046e-01 -9.905704e-01 0.000000e+00
    outer loop
      vertex 0.08280424 -0.03565393 0.00000000
      vertex 0.07437708 -0.03448838 0.10000000
      vertex 0.07437708 -0.03448838 0.00000000
    endloop
  endfacet
  facet normal -1.557164e-01 -9.878018e-01 0.000000e+00
    outer loop
      vertex 0.07437708 -0.03448838 0.00000000
      vertex 0.07437708 -0.03448838 0.10000000
      vertex 0.06636330 -0.03322510 0.10000000
    endloop
  endfacet
  facet normal -1.557164e-01 -9.878018e-01 0.000000e+00
    outer loop
      vertex 0.07437708 -0.03448838 0.00000000
      vertex 0.06636330 -0.03322510 0.10000000
      vertex 0.06636330 -0.03322510 0.00000000
    endloop
  endfacet
  facet normal -1.764710e-01 -9.843058e-01 0.000000e+00
    outer loop
      vertex 0.06636330 -0.03322510 0.00000000
      vertex 0.06636330 -0.03322510 0.10000000
      vertex 0.05877124 -0.03186396 0.10000000
    endloop
  endfacet
  facet normal -1.764710e-01 -9.843058e-01 0.000000e+00
    outer loop
      vertex 0.06636330 -0.03322510 0.00000000
      vertex 0.05877124 -0.03186396 0.10000000
      vertex 0.05877124 -0.03186396 0.00000000
    endloop
  endfacet
  facet normal -1.995965e-01 -9.798782e-01 0.000000e+00
    outer loop
      vertex 0.05877124 -0.03186396 0.00000000
      vertex 0.05877124 -0.03186396 0.10000000
      vertex 0.05160889 -0.03040502 0.10000000
    endloop
  endfacet
  facet normal -1.995965e-01 -9.798782e-01 0.000000e+00
    outer loop
      vertex 0.05877124 -0.03186396 0.00000000
      vertex 0.05160889 -0.03040502 0.10000000
      vertex 0.05160889 -0.03040502 0.00000000
    endloop
  endfacet
  facet normal -2.254913e-01 -9.742452e-01 0.000000e+00
    outer loop
      vertex 0.05160889 -0.03040502 0.00000000
      vertex 0.05160889 -0.03040502 0.10000000
      vertex 0.04488389 -0.02884850 0.10000000
    endloop
  endfacet
  facet normal -2.254913e-01 -9.742452e-01 0.000000e+00
    outer loop
      vertex 0.05160889 -0.03040502 0.00000000
      vertex 0.04488389 -0.02884850 0.10000000
      vertex 0.04488389 -0.02884850 0.00000000
    endloop
  endfacet
  facet normal -2.546388e-01 -9.670362e-01 0.000000e+00
    outer loop
      vertex 0.04488389 -0.02884850 0.00000000
      vertex 0.04488389 -0.02884850 0.10000000
      vertex 0.03860350 -0.02719476 0.10000000
    endloop
  endfacet
  facet normal -2.546388e-01 -9.670362e-01 0.000000e+00
    outer loop
      vertex 0.04488389 -0.02884850 0.00000000
      vertex 0.03860350 -0.02719476 0.10000000
      vertex 0.03860350 -0.02719476 0.00000000
    endloop
  endfacet
  facet normal -2.876240e-01 -9.577434e-01 0.000000e+00
    outer loop
      vertex 0.03860350 -0.02719476 0.00000000
      vertex 0.03860350 -0.02719476 0.10000000
      vertex 0.03277460 -0.02544426 0.10000000
    endloop
  endfacet
  facet normal -2.876240e-01 -9.577434e-01 0.000000e+00
    outer loop
      vertex 0.03860350 -0.02719476 0.00000000
      vertex 0.03277460 -0.02544426 0.10000000
      vertex 0.03277460 -0.02544426 0.00000000
    endloop
  endfacet
  facet normal -3.251479e-01 -9.456632e-01 0.000000e+00
    outer loop
      vertex 0.03277460 -0.02544426 0.00000000
      vertex 0.03277460 -0.02544426 0.10000000
      vertex 0.02740368 -0.02359757 0.10000000
    endloop
  endfacet
  facet normal -3.251479e-01 -9.456632e-01 0.000000e+00
    outer loop
      vertex 0.03277460 -0.02544426 0.00000000
      vertex 0.02740368 -0.02359757 0.10000000
      vertex 0.02740368 -0.02359757 0.00000000
    endloop
  endfacet
  facet normal -3.680353e-01 -9.298118e-01 0.000000e+00
    outer loop
      vertex 0.02740368 -0.02359757 0.00000000
      vertex 0.02740368 -0.02359757 0.10000000
      vertex 0.02249681 -0.02165535 0.10000000
    endloop
  endfacet
  facet normal -3.680353e-01 -9.298118e-01 0.000000e+00
    outer loop
      vertex 0.02740368 -0.02359757 0.00000000
      vertex 0.02249681 -0.02165535 0.10000000
      vertex 0.02249681 -0.02165535 0.00000000
    endloop
  endfacet
  facet normal -4.172208e-01 -9.088051e-01 0.000000e+00
    outer loop
      vertex 0.02249681 -0.02165535 0.00000000
      vertex 0.02249681 -0.02165535 0.10000000
      vertex 0.01805963 -0.01961830 0.10000000
    endloop
  endfacet
  facet normal -4.172208e-01 -9.088051e-01 0.000000e+00
    outer loop
      vertex 0.02249681 -0.02165535 0.00000000
      vertex 0.01805963 -0.01961830 0.10000000
      vertex 0.01805963 -0.01961830 0.00000000
    endloop
  endfacet
  facet normal -4.736858e-01 -8.806939e-01 0.000000e+00
    outer loop
      vertex 0.01805963 -0.01961830 0.00000000
      vertex 0.01805963 -0.01961830 0.10000000
      vertex 0.01409736 -0.01748717 0.10000000
    endloop
  endfacet
  facet normal -4.736858e-01 -8.806939e-01 0.000000e+00
    outer loop
      vertex 0.01805963 -0.01961830 0.00000000
      vertex 0.01409736 -0.01748717 0.10000000
      vertex 0.01409736 -0.01748717 0.00000000
    endloop
  endfacet
  facet normal -5.382920e-01 -8.427584e-01 0.000000e+00
    outer loop
      vertex 0.01409736 -0.01748717 0.00000000
      vertex 0.01409736 -0.01748717 0.10000000
      vertex 0.01061477 -0.01526274 0.10000000
    endloop
  endfacet
  facet normal -5.382920e-01 -8.427584e-01 0.000000e+00
    outer loop
      vertex 0.01409736 -0.01748717 0.00000000
      vertex 0.01061477 -0.01526274 0.10000000
      vertex 0.01061477 -0.01526274 0.00000000
    endloop
  endfacet
  facet normal -6.114183e-01 -7.913076e-01 0.000000e+00
    outer loop
      vertex 0.01061477 -0.01526274 0.00000000
      vertex 0.01061477 -0.01526274 0.10000000
      vertex 0.00761614 -0.01294580 0.10000000
    endloop
  endfacet
  facet normal -6.114183e-01 -7.913076e-01 0.000000e+00
    outer loop
      vertex 0.01061477 -0.01526274 0.00000000
      vertex 0.00761614 -0.01294580 0.10000000
      vertex 0.00761614 -0.01294580 0.00000000
    endloop
  endfacet
  facet normal -6.922765e-01 -7.216324e-01 0.000000e+00
    outer loop
      vertex 0.00761614 -0.01294580 0.00000000
      vertex 0.00761614 -0.01294580 0.10000000
      vertex 0.00510533 -0.01053713 0.10000000
    endloop
  endfacet
  facet normal -6.922765e-01 -7.216324e-01 0.000000e+00
    outer loop
      vertex 0.00761614 -0.01294580 0.00000000
      vertex 0.00510533 -0.01053713 0.10000000
      vertex 0.00510533 -0.01053713 0.00000000
    endloop
  endfacet
  facet normal -7.778339e-01 -6.284699e-01 0.000000e+00
    outer loop
      vertex 0.00510533 -0.01053713 0.00000000
      vertex 0.00510533 -0.01053713 0.10000000
      vertex 0.00308569 -0.00803749 0.10000000
    endloop
  endfacet
  facet normal -7.778339e-01 -6.284699e-01 0.000000e+00
    outer loop
      vertex 0.00510533 -0.01053713 0.00000000
      vertex 0.00308569 -0.00803749 0.10000000
      vertex 0.00308569 -0.00803749 0.00000000
    endloop
  endfacet
  facet normal -8.616207e-01 -5.075527e-01 0.000000e+00
    outer loop
      vertex 0.00308569 -0.00803749 0.00000000
      vertex 0.00308569 -0.00803749 0.10000000
      vertex 0.00156008 -0.00544762 0.10000000
    endloop
  endfacet
  facet normal -8.616207e-01 -5.075527e-01 0.000000e+00
    outer loop
      vertex 0.00308569 -0.00803749 0.00000000
      vertex 0.00156008 -0.00544762 0.10000000
      vertex 0.00156008 -0.00544762 0.00000000
    endloop
  endfacet
  facet normal -9.335024e-01 -3.585710e-01 0.000000e+00
    outer loop
      vertex 0.00156008 -0.00544762 0.00000000
      vertex 0.00156008 -0.00544762 0.10000000
      vertex 0.00053089 -0.00276824 0.10000000
    endloop
  endfacet
  facet normal -9.335024e-01 -3.585710e-01 0.000000e+00
    outer loop
      vertex 0.00156008 -0.00544762 0.00000000
      vertex 0.00053089 -0.00276824 0.10000000
      vertex 0.00053089 -0.00276824 0.00000000
    endloop
  endfacet
  facet normal -9.821024e-01 -1.883478e-01 0.000000e+00
    outer loop
      vertex 0.00053089 -0.00276824 0.00000000
      vertex 0.00053089 -0.00276824 0.10000000
      vertex 0.00000000 0.00000000 0.10000000
    endloop
  endfacet
  facet normal -9.821024e-01 -1.883478e-01 0.000000e+00
    outer loop
      vertex 0.00053089 -0.00276824 0.00000000
      vertex 0.00000000 0.00000000 0.10000000
      vertex 0.00000000 0.00000000 0.00000000
    endloop
  endfacet
  facet normal 0.000000e+00 0.000000e+00 0.000000e+00
    outer loop
      vertex 0.00000000 0.00000000 0.00000000
      vertex 0.00000000 0.00000000 0.10000000
      vertex 0.00000000 0.00000000 0.10000000
    endloop
  endfacet
  facet normal 0.000000e+00 0.000000e+00 0.000000e+00
    outer loop
      vertex 0.00000000 0.00000000 0.00000000
      vertex 0.00000000 0.00000000 0.10000000
      vertex 0.00000000 0.00000000 0.00000000
    endloop
  endfacet
  facet normal 0.000000e+00 0.000000e+00 1.000000e+00
    outer loop
      vertex 0.49748744 0.00998731 0.00000000
      vertex -0.00002744 0.00281857 0.00000000
      vertex 0.00000000 0.00000000 0.00000000
    endloop
  endfacet
  facet normal 0.000000e+00 0.000000e+00 1.000000e+00
    outer loop
      vertex 0.49748744 0.00998731 0.00000000
      vertex 0.00045324 0.00564870 0.00000000
      vertex -0.00002744 0.00281857 0.00000000
    endloop
  endfacet
  facet normal 0.000000e+00 0.000000e+00 1.000000e+00
    outer loop
      vertex 0.49748744 0.00998731 0.00000000
      vertex 0.00144239 0.00848902 0.00000000
      vertex 0.00045324 0.00564870 0.00000000
    endloop
  endfacet
  facet normal 0.000000e+00 0.000000e+00 1.000000e+00
    outer loop
      vertex 0.49748744 0.00998731 0.00000000
      vertex 0.00293986 0.01133760 0.00000000
      vertex 0.00144239 0.00848902 0.00000000
    endloop
  endfacet
  facet normal 0.000000e+00 0.000000e+00 1.000000e+00
    outer loop
      vertex 0.49748744 0.00998731 0.00000000
      vertex 0.00494497 0.01419205 0.00000000
      vertex 0.00293986 0.01133760 0.00000000
    endloop
  endfacet
  facet normal 0.000000e+00 0.000000e+00 1.000000e+00
    outer loop
      vertex 0.49748744 0.00998731 0.00000000
      vertex 0.00745654 0.01704946 0.00000000
      vertex 0.00494497 0.01419205 0.00000000
    endloop
  endfacet
  facet normal 0.000000e+00 0.000000e+00 1.000000e+00
    outer loop
      vertex 0.49748744 0.00998731 0.00000000
      vertex 0.01047285 0.01990646 0.00000000
      vertex 0.00745654 0.01704946 0.00000000
    endloop
  endfacet
  facet normal 0.000000e+00 0.000000e+00 1.000000e+00
    outer loop
      vertex 0.49748744 0.00998731 0.00000000
      vertex 0.01399166 0.02275922 0.00000000
      vertex 0.01047285 0.01990646 0.00000000
    endloop
  endfacet
  facet normal 0.000000e+00 0.000000e+00 1.000000e+00
    outer loop
      vertex 0.49748744 0.00998731 0.00000000
      vertex 0.01801022 0.02560350 0.00000000
      vertex 0.01399166 0.02275922 0.00000000
    endloop
  endfacet
  facet normal 0.000000e+00 0.000000e+00 1.000000e+00
    outer loop
      vertex 0.49748744 0.00998731 0.00000000
      vertex 0.02252520 0.02843465 0.00000000
      vertex 0.01801022 0.02560350 0.00000000
    endloop
  endfacet
  facet normal 0.000000e+00 0.000000e+00 1.000000e+00
    outer loop
      vertex 0.49748744 0.00998731 0.00000000
      vertex 0.02753278 0.03124768 0.00000000
      vertex 0.02252520 0.02843465 0.00000000
    endloop
  endfacet
  facet normal 0.000000e+00 0.000000e+00 1.000000e+00
    outer loop
      vertex 0.49748744 0.00998731 0.00000000
      vertex 0.03302857 0.03403727 0.00000000
      vertex 0.02753278 0.03124768 0.00000000
    endloop
  endfacet
  facet normal 0.000000e+00 0.000000e+00 1.000000e+00
    outer loop
      vertex 0.49748744 0.00998731 0.00000000
      vertex 0.03900765 0.03679779 0.00000000
      vertex 0.03302857 0.03403727 0.00000000
    endloop
  endfacet
  facet normal 0.000000e+00 0.000000e+00 1.000000e+00
    outer loop
      vertex 0.49748744 0.00998731 0.00000000
      vertex 0.04546457 0.03952341 0.00000000
      vertex 0.03900765 0.03679779 0.00000000
    endloop
  endfacet
  facet normal 0.000000e+00 0.000000e+00 1.000000e+00
    outer loop
      vertex 0.49748744 0.00998731 0.00000000
      vertex 0.05239331 0.04220806 0.00000000
      vertex 0.04546457 0.03952341 0.00000000
    endloop
  endfacet
  facet normal 0.000000e+00 0.000000e+00 1.000000e+00
    outer loop
      vertex 0.49748744 0.00998731 0.00000000
      vertex 0.05978732 0.04484554 0.00000000
      vertex 0.05239331 0.04220806 0.00000000
    endloop
  endfacet
  facet normal 0.000000e+00 0.000000e+00 1.000000e+00
    outer loop
      vertex 0.49748744 0.00998731 0.00000000
      vertex 0.06763951 0.04742950 0.00000000
      vertex 0.05978732 0.04484554 0.00000000
    endloop
  endfacet
  facet normal 0.000000e+00 0.000000e+00 1.000000e+00
    outer loop
      vertex 0.49748744 0.00998731 0.00000000
      vertex 0.07594223 0.04995355 0.00000000
      vertex 0.06763951 0.04742950 0.00000000
    endloop
  endfacet
  facet normal 0.000000e+00 0.000000e+00 1.000000e+00
    outer loop
      vertex 0.49748744 0.00998731 0.00000000
      vertex 0.08468731 0.05241128 0.00000000
      vertex 0.07594223 0.04995355 0.00000000
    endloop
  endfacet
  facet normal 0.000000e+00 0.000000e+00 1.000000e+00
    outer loop
      vertex 0.49748744 0.00998731 0.00000000
      vertex 0.09386605 0.05479627 0.00000000
      vertex 0.08468731 0.05241128 0.00000000
    endloop
  endfacet
  facet normal 0.000000e+00 0.000000e+00 1.000000e+00
    outer loop
      vertex 0.49748744 0.00998731 0.00000000
      vertex 0.10346920 0.05710220 0.00000000
      vertex 0.09386605 0.05479627 0.00000000
    endloop
  endfacet
  facet normal 0.000000e+00 0.000000e+00 1.000000e+00
    outer loop
      vertex 0.49748744 0.00998731 0.00000000
      vertex 0.11348702 0.05932282 0.00000000
      vertex 0.10346920 0.05710220 0.00000000
    endloop
  endfacet
  facet normal 0.000000e+00 0.000000e+00 1.000000e+00
    outer loop
      vertex 0.49748744 0.00998731 0.00000000
      vertex 0.12390922 0.06145206 0.00000000
      vertex 0.11348702 0.05932282 0.00000000
    endloop
  endfacet
  facet normal 0.000000e+00 0.000000e+00 1.000000e+00
    outer loop
      vertex 0.49748744 0.00998731 0.00000000
      vertex 0.13472506 0.06348402 0.00000000
      vertex 0.12390922 0.06145206 0.00000000
    endloop
  endfacet
  facet normal 0.000000e+00 0.000000e+00 1.000000e+00
    outer loop
      vertex 0.49748744 0.00998731 0.00000000
      vertex 0.14592325 0.06541304 0.00000000
      vertex 0.13472506 0.06348402 0.00000000
    endloop
  endfacet
  facet normal 0.000000e+00 0.000000e+00 1.000000e+00
    outer loop
      vertex 0.49748744 0.00998731 0.00000000
      vertex 0.15749208 0.06723370 0.00000000
      vertex 0.14592325 0.06541304 0.00000000
    endloop
  endfacet
  facet normal 0.000000e+00 0.000000e+00 1.000000e+00
    outer loop
      vertex 0.49748744 0.00998731 0.00000000
      vertex 0.16941936 0.06894089 0.00000000
      vertex 0.15749208 0.06723370 0.00000000
    endloop
  endfacet
  facet normal 0.000000e+00 0.000000e+00 1.000000e+00
    outer loop
      vertex 0.49748744 0.00998731 0.00000000
      vertex 0.18169243 0.07052981 0.00000000
      vertex 0.16941936 0.06894089 0.00000000
    endloop
  endfacet
  facet normal 0.000000e+00 0.000000e+00 1.000000e+00
    outer loop
      vertex 0.49748744 0.00998731 0.00000000
      vertex 0.19429823 0.07199602 0.00000000
      vertex 0.18169243 0.07052981 0.00000000
    endloop
  endfacet
  facet normal 0.000000e+00 0.000000e+00 1.000000e+00
    outer loop
      vertex 0.49748744 0.00998731 0.00000000
      vertex 0.20722329 0.07333544 0.00000000
      vertex 0.19429823 0.07199602 0.00000000
    endloop
  endfacet
  facet normal 0.000000e+00 0.000000e+00 1.000000e+00
    outer loop
      vertex 0.49748744 0.00998731 0.00000000
      vertex 0.22045375 0.07454438 0.00000000
      vertex 0.20722329 0.07333544 0.00000000
    endloop
  endfacet
  facet normal 0.000000e+00 0.000000e+00 1.000000e+00
    outer loop
      vertex 0.49748744 0.00998731 0.00000000
      vertex 0.23397538 0.07561959 0.00000000
      vertex 0.22045375 0.07454438 0.00000000
    endloop
  endfacet
  facet normal 0.000000e+00 0.000000e+00 1.000000e+00
    outer loop
      vertex 0.49748744 0.00998731 0.00000000
      vertex 0.24777360 0.07655819 0.00000000
      vertex 0.23397538 0.07561959 0.00000000
    endloop
  endfacet
  facet normal 0.000000e+00 0.000000e+00 1.000000e+00
    outer loop
      vertex 0.49748744 0.00998731 0.00000000
      vertex 0.26183351 0.07735778 0.00000000
      vertex 0.24777360 0.07655819 0.00000000
    endloop
  endfacet
  facet normal 0.000000e+00 0.000000e+00 1.000000e+00
    outer loop
      vertex 0.49748744 0.00998731 0.00000000
      vertex 0.27613992 0.07801638 0.00000000
      vertex 0.26183351 0.07735778 0.00000000
    endloop
  endfacet
  facet normal 0.000000e+00 0.000000e+00 1.000000e+00
    outer loop
      vertex 0.49748744 0.00998731 0.00000000
      vertex 0.29067735 0.07853244 0.00000000
      vertex 0.27613992 0.07801638 0.00000000
    endloop
  endfacet
  facet normal 0.000000e+00 0.000000e+00 1.000000e+00
    outer loop
      vertex 0.49748744 0.00998731 0.00000000
      vertex 0.30543008 0.07890490 0.00000000
      vertex 0.29067735 0.07853244 0.00000000
    endloop
  endfacet
  facet normal 0.000000e+00 0.000000e+00 1.000000e+00
    outer loop
      vertex 0.49748744 0.00998731 0.00000000
      vertex 0.32038216 0.07913309 0.00000000
      vertex 0.30543008 0.07890490 0.00000000
    endloop
  endfacet
  facet normal 0.000000e+00 0.000000e+00 1.000000e+00
    outer loop
      vertex 0.49748744 0.00998731 0.00000000
      vertex 0.33551743 0.07921682 0.00000000
      vertex 0.32038216 0.07913309 0.00000000
    endloop
  endfacet
  facet normal 0.000000e+00 0.000000e+00 1.000000e+00
    outer loop
      vertex 0.49748744 0.00998731 0.00000000
      vertex 0.35081957 0.07915631 0.00000000
      vertex 0.33551743 0.07921682 0.00000000
    endloop
  endfacet
  facet normal 0.000000e+00 0.000000e+00 1.000000e+00
    outer loop
      vertex 0.49748744 0.00998731 0.00000000
      vertex 0.36627210 0.07895223 0.00000000
      vertex 0.35081957 0.07915631 0.00000000
    endloop
  endfacet
  facet normal 0.000000e+00 0.000000e+00 1.000000e+00
    outer loop
      vertex 0.49748744 0.00998731 0.00000000
      vertex 0.38185839 0.07860564 0.00000000
      vertex 0.36627210 0.07895223 0.00000000
    endloop
  endfacet
  facet normal 0.000000e+00 0.000000e+00 1.000000e+00
    outer loop
      vertex 0.49748744 0.00998731 0.00000000
      vertex 0.39756175 0.07811801 0.00000000
      vertex 0.38185839 0.07860564 0.00000000
    endloop
  endfacet
  facet normal 0.000000e+00 0.000000e+00 1.000000e+00
    outer loop
      vertex 0.49748744 0.00998731 0.00000000
      vertex 0.41326011 0.07750352 0.00000000
      vertex 0.39756175 0.07811801 0.00000000
    endloop
  endfacet
  facet normal 0.000000e+00 0.000000e+00 1.000000e+00
    outer loop
      vertex 0.49748744 0.00998731 0.00000000
      vertex 0.42902471 0.07678644 0.00000000
      vertex 0.41326011 0.07750352 0.00000000
    endloop
  endfacet
  facet normal 0.000000e+00 0.000000e+00 1.000000e+00
    outer loop
      vertex 0.49748744 0.00998731 0.00000000
      vertex 0.44485869 0.07597024 0.00000000
      vertex 0.42902471 0.07678644 0.00000000
    endloop
  endfacet
  facet normal 0.000000e+00 0.000000e+00 1.000000e+00
    outer loop
      vertex 0.49748744 0.00998731 0.00000000
      vertex 0.46074573 0.07505816 0.00000000
      vertex 0.44485869 0.07597024 0.00000000
    endloop
  endfacet
  facet normal 0.000000e+00 0.000000e+00 1.000000e+00
    outer loop
      vertex 0.49748744 0.00998731 0.00000000
      vertex 0.47666948 0.07405363 0.00000000
      vertex 0.46074573 0.07505816 0.00000000
    endloop
  endfacet
  facet normal 0.000000e+00 0.000000e+00 1.000000e+00
    outer loop
      vertex 0.49748744 0.00998731 0.00000000
      vertex 0.49261360 0.07296026 0.00000000
      vertex 0.47666948 0.07405363 0.00000000
    endloop
  endfacet
  facet normal 0.000000e+00 -0.000000e+00 1.000000e+00
    outer loop
      vertex 0.49748744 0.00998731 0.00000000
      vertex 0.50856174 0.07178180 0.00000000
      vertex 0.49261360 0.07296026 0.00000000
    endloop
  endfacet
  facet normal 0.000000e+00 0.000000e+00 1.000000e+00
    outer loop
      vertex 0.49748744 0.00998731 0.00000000
      vertex 0.52449758 0.07052210 0.00000000
      vertex 0.50856174 0.07178180 0.00000000
    endloop
  endfacet
  facet normal 0.000000e+00 0.000000e+00 1.000000e+00
    outer loop
      vertex 0.49748744 0.00998731 0.00000000
      vertex 0.54040483 0.06918518 0.00000000
      vertex 0.52449758 0.07052210 0.00000000
    endloop
  endfacet
  facet normal 0.000000e+00 0.000000e+00 1.000000e+00
    outer loop
      vertex 0.49748744 0.00998731 0.00000000
      vertex 0.55626729 0.06777512 0.00000000
      vertex 0.54040483 0.06918518 0.00000000
    endloop
  endfacet
  facet normal 0.000000e+00 0.000000e+00 1.000000e+00
    outer loop
      vertex 0.49748744 0.00998731 0.00000000
      vertex 0.57206881 0.06629610 0.00000000
      vertex 0.55626729 0.06777512 0.00000000
    endloop
  endfacet
  facet normal 0.000000e+00 0.000000e+00 1.000000e+00
    outer loop
      vertex 0.49748744 0.00998731 0.00000000
      vertex 0.58779332 0.06475240 0.00000000
      vertex 0.57206881 0.06629610 0.00000000
    endloop
  endfacet
  facet normal 0.000000e+00 0.000000e+00 1.000000e+00
    outer loop
      vertex 0.49748744 0.00998731 0.00000000
      vertex 0.60342489 0.06314833 0.00000000
      vertex 0.58779332 0.06475240 0.00000000
    endloop
  endfacet
  facet normal 0.000000e+00 0.000000e+00 1.000000e+00
    outer loop
      vertex 0.49748744 0.00998731 0.00000000
      vertex 0.61894770 0.06148829 0.00000000
      vertex 0.60342489 0.06314833 0.00000000
    endloop
  endfacet
  facet normal 0.000000e+00 0.000000e+00 1.000000e+00
    outer loop
      vertex 0.49748744 0.00998731 0.00000000
      vertex 0.63434605 0.05977671 0.00000000
      vertex 0.61894770 0.06148829 0.00000000
    endloop
  endfacet
  facet normal 0.000000e+00 0.000000e+00 1.000000e+00
    outer loop
      vertex 0.49748744 0.00998731 0.00000000
      vertex 0.64960442 0.05801808 0.00000000
      vertex 0.63434605 0.05977671 0.00000000
    endloop
  endfacet
  facet normal 0.000000e+00 0.000000e+00 1.000000e+00
    outer loop
      vertex 0.49748744 0.00998731 0.00000000
      vertex 0.66470745 0.05621692 0.00000000
      vertex 0.64960442 0.05801808 0.00000000
    endloop
  endfacet
  facet normal 0.000000e+00 0.000000e+00 1.000000e+00
    outer loop
      vertex 0.49748744 0.00998731 0.00000000
      vertex 0.67963995 0.05437778 0.00000000
      vertex 0.66470745 0.05621692 0.00000000
    endloop
  endfacet
  facet normal 0.000000e+00 0.000000e+00 1.000000e+00
    outer loop
      vertex 0.49748744 0.00998731 0.00000000
      vertex 0.69438696 0.05250524 0.00000000
      vertex 0.67963995 0.05437778 0.00000000
    endloop
  endfacet
  facet normal 0.000000e+00 0.000000e+00 1.000000e+00
    outer loop
      vertex 0.49748744 0.00998731 0.00000000
      vertex 0.70893369 0.05060392 0.00000000
      vertex 0.69438696 0.05250524 0.00000000
    endloop
  endfacet
  facet normal 0.000000e+00 0.000000e+00 1.000000e+00
    outer loop
      vertex 0.49748744 0.00998731 0.00000000
      vertex 0.72326562 0.04867844 0.00000000
      vertex 0.70893369 0.05060392 0.00000000
    endloop
  endfacet
  facet normal 0.000000e+00 0.000000e+00 1.000000e+00
    outer loop
      vertex 0.49748744 0.00998731 0.00000000
      vertex 0.73736843 0.04673345 0.00000000
      vertex 0.72326562 0.04867844 0.00000000
    endloop
  endfacet
  facet normal 0.000000e+00 0.000000e+00 1.000000e+00
    outer loop
      vertex 0.49748744 0.00998731 0.00000000
      vertex 0.75122808 0.04477364 0.00000000
      vertex 0.73736843 0.04673345 0.00000000
    endloop
  endfacet
  facet normal 0.000000e+00 0.000000e+00 1.000000e+00
    outer loop
      vertex 0.49748744 0.00998731 0.00000000
      vertex 0.76483079 0.04280368 0.00000000
      vertex 0.75122808 0.04477364 0.00000000
    endloop
  endfacet
  facet normal 0.000000e+00 0.000000e+00 1.000000e+00
    outer loop
      vertex 0.49748744 0.00998731 0.00000000
      vertex 0.77816307 0.04082829 0.00000000
      vertex 0.76483079 0.04280368 0.00000000
    endloop
  endfacet
  facet normal 0.000000e+00 0.000000e+00 1.000000e+00
    outer loop
      vertex 0.49748744 0.00998731 0.00000000
      vertex 0.79121169 0.03885218 0.00000000
      vertex 0.77816307 0.04082829 0.00000000
    endloop
  endfacet
  facet normal 0.000000e+00 0.000000e+00 1.000000e+00
    outer loop
      vertex 0.49748744 0.00998731 0.00000000
      vertex 0.80396376 0.03688008 0.00000000
      vertex 0.79121169 0.03885218 0.00000000
    endloop
  endfacet
  facet normal 0.000000e+00 0.000000e+00 1.000000e+00
    outer loop
      vertex 0.49748744 0.00998731 0.00000000
      vertex 0.81640669 0.03491672 0.00000000
      vertex 0.80396376 0.03688008 0.00000000
    endloop
  endfacet
  facet normal 0.000000e+00 0.000000e+00 1.000000e+00
    outer loop
      vertex 0.49748744 0.00998731 0.00000000
      vertex 0.82852823 0.03296684 0.00000000
      vertex 0.81640669 0.03491672 0.00000000
    endloop
  endfacet
  facet normal 0.000000e+00 0.000000e+00 1.000000e+00
    outer loop
      vertex 0.49748744 0.00998731 0.00000000
      vertex 0.84031645 0.03103518 0.00000000
      vertex 0.82852823 0.03296684 0.00000000
    endloop
  endfacet
  facet normal 0.000000e+00 0.000000e+00 1.000000e+00
    outer loop
      vertex 0.49748744 0.00998731 0.00000000
      vertex 0.85175978 0.02912646 0.00000000
      vertex 0.84031645 0.03103518 0.00000000
    endloop
  endfacet
  facet normal 0.000000e+00 0.000000e+00 1.000000e+00
    outer loop
      vertex 0.49748744 0.00998731 0.00000000
      vertex 0.86284703 0.02724539 0.00000000
      vertex 0.85175978 0.02912646 0.00000000
    endloop
  endfacet
  facet normal 0.000000e+00 0.000000e+00 1.000000e+00
    outer loop
      vertex 0.49748744 0.00998731 0.00000000
      vertex 0.87356734 0.02539666 0.00000000
      vertex 0.86284703 0.02724539 0.00000000
    endloop
  endfacet
  facet normal 0.000000e+00 0.000000e+00 1.000000e+00
    outer loop
      vertex 0.49748744 0.00998731 0.00000000
      vertex 0.88391026 0.02358493 0.00000000
      vertex 0.87356734 0.02539666 0.00000000
    endloop
  endfacet
  facet normal 0.000000e+00 0.000000e+00 1.000000e+00
    outer loop
      vertex 0.49748744 0.00998731 0.00000000
      vertex 0.89386573 0.02181482 0.00000000
      vertex 0.88391026 0.02358493 0.00000000
    endloop
  endfacet
  facet normal 0.000000e+00 0.000000e+00 1.000000e+00
    outer loop
      vertex 0.49748744 0.00998731 0.00000000
      vertex 0.90342407 0.02009087 0.00000000
      vertex 0.89386573 0.02181482 0.00000000
    endloop
  endfacet
  facet normal 0.000000e+00 0.000000e+00 1.000000e+00
    outer loop
      vertex 0.49748744 0.00998731 0.00000000
      vertex 0.91257602 0.01841760 0.00000000
      vertex 0.90342407 0.02009087 0.00000000
    endloop
  endfacet
  facet normal 0.000000e+00 0.000000e+00 1.000000e+00
    outer loop
      vertex 0.49748744 0.00998731 0.00000000
      vertex 0.92131271 0.01679941 0.00000000
      vertex 0.91257602 0.01841760 0.00000000
    endloop
  endfacet
  facet normal 0.000000e+00 0.000000e+00 1.000000e+00
    outer loop
      vertex 0.49748744 0.00998731 0.00000000
      vertex 0.92962573 0.01524064 0.00000000
      vertex 0.92131271 0.01679941 0.00000000
    endloop
  endfacet
  facet normal 0.000000e+00 0.000000e+00 1.000000e+00
    outer loop
      vertex 0.49748744 0.00998731 0.00000000
      vertex 0.93750704 0.01374550 0.00000000
      vertex 0.92962573 0.01524064 0.00000000
    endloop
  endfacet
  facet normal 0.000000e+00 0.000000e+00 1.000000e+00
    outer loop
      vertex 0.49748744 0.00998731 0.00000000
      vertex 0.94494909 0.01231809 0.00000000
      vertex 0.93750704 0.01374550 0.00000000
    endloop
  endfacet
  facet normal 0.000000e+00 0.000000e+00 1.000000e+00
    outer loop
      vertex 0.49748744 0.00998731 0.00000000
      vertex 0.95194472 0.01096236 0.00000000
      vertex 0.94494909 0.01231809 0.00000000
    endloop
  endfacet
  facet normal -0.000000e+00 0.000000e+00 1.000000e+00
    outer loop
      vertex 0.49748744 0.00998731 0.00000000
      vertex 0.95848725 0.00968212 0.00000000
      vertex 0.95194472 0.01096236 0.00000000
    endloop
  endfacet
  facet normal 0.000000e+00 0.000000e+00 1.000000e+00
    outer loop
      vertex 0.49748744 0.00998731 0.00000000
      vertex 0.96457040 0.00848099 0.00000000
      vertex 0.95848725 0.00968212 0.00000000
    endloop
  endfacet
  facet normal 0.000000e+00 0.000000e+00 1.000000e+00
    outer loop
      vertex 0.49748744 0.00998731 0.00000000
      vertex 0.97018839 0.00736242 0.00000000
      vertex 0.96457040 0.00848099 0.00000000
    endloop
  endfacet
  facet normal 0.000000e+00 0.000000e+00 1.000000e+00
    outer loop
      vertex 0.49748744 0.00998731 0.00000000
      vertex 0.97533585 0.00632964 0.00000000
      vertex 0.97018839 0.00736242 0.00000000
    endloop
  endfacet
  facet normal 0.000000e+00 0.000000e+00 1.000000e+00
    outer loop
      vertex 0.49748744 0.00998731 0.00000000
      vertex 0.98000790 0.00538567 0.00000000
      vertex 0.97533585 0.00632964 0.00000000
    endloop
  endfacet
  facet normal 0.000000e+00 0.000000e+00 1.000000e+00
    outer loop
      vertex 0.49748744 0.00998731 0.00000000
      vertex 0.98420010 0.00453329 0.00000000
      vertex 0.98000790 0.00538567 0.00000000
    endloop
  endfacet
  facet normal 0.000000e+00 0.000000e+00 1.000000e+00
    outer loop
      vertex 0.49748744 0.00998731 0.00000000
      vertex 0.98790847 0.00377503 0.00000000
      vertex 0.98420010 0.00453329 0.00000000
    endloop
  endfacet
  facet normal 0.000000e+00 0.000000e+00 1.000000e+00
    outer loop
      vertex 0.49748744 0.00998731 0.00000000
      vertex 0.99112951 0.00311317 0.00000000
      vertex 0.98790847 0.00377503 0.00000000
    endloop
  endfacet
  facet normal 0.000000e+00 0.000000e+00 1.000000e+00
    outer loop
      vertex 0.49748744 0.00998731 0.00000000
      vertex 0.99386017 0.00254969 0.00000000
      vertex 0.99112951 0.00311317 0.00000000
    endloop
  endfacet
  facet normal 0.000000e+00 0.000000e+00 1.000000e+00
    outer loop
      vertex 0.49748744 0.00998731 0.00000000
      vertex 0.99609786 0.00208630 0.00000000
      vertex 0.99386017 0.00254969 0.00000000
    endloop
  endfacet
  facet normal 0.000000e+00 0.000000e+00 1.000000e+00
    outer loop
      vertex 0.49748744 0.00998731 0.00000000
      vertex 0.99784048 0.00172441 0.00000000
      vertex 0.99609786 0.00208630 0.00000000
    endloop
  endfacet
  facet normal 0.000000e+00 0.000000e+00 1.000000e+00
    outer loop
      vertex 0.49748744 0.00998731 0.00000000
      vertex 0.99908639 0.00146512 0.00000000
      vertex 0.99784048 0.00172441 0.00000000
    endloop
  endfacet
  facet normal 0.000000e+00 0.000000e+00 1.000000e+00
    outer loop
      vertex 0.49748744 0.00998731 0.00000000
      vertex 0.99983440 0.00130923 0.00000000
      vertex 0.99908639 0.00146512 0.00000000
    endloop
  endfacet
  facet normal 0.000000e+00 0.000000e+00 1.000000e+00
    outer loop
      vertex 0.49748744 0.00998731 0.00000000
      vertex 1.00000000 0.00000000 0.00000000
      vertex 0.99983440 0.00130923 0.00000000
    endloop
  endfacet
  facet normal 0.000000e+00 0.000000e+00 1.000000e+00
    outer loop
      vertex 0.49748744 0.00998731 0.00000000
      vertex 0.99966214 -0.00127567 0.00000000
      vertex 1.00000000 0.00000000 0.00000000
    endloop
  endfacet
  facet normal 0.000000e+00 0.000000e+00 1.000000e+00
    outer loop
      vertex 0.49748744 0.00998731 0.00000000
      vertex 0.99890029 -0.00133101 0.00000000
      vertex 0.99966214 -0.00127567 0.00000000
    endloop
  endfacet
  facet normal 0.000000e+00 0.000000e+00 1.000000e+00
    outer loop
      vertex 0.49748744 0.00998731 0.00000000
      vertex 0.99763144 -0.00142310 0.00000000
      vertex 0.99890029 -0.00133101 0.00000000
    endloop
  endfacet
  facet normal 0.000000e+00 0.000000e+00 1.000000e+00
    outer loop
      vertex 0.49748744 0.00998731 0.00000000
      vertex 0.99585695 -0.00155175 0.00000000
      vertex 0.99763144 -0.00142310 0.00000000
    endloop
  endfacet
  facet normal 0.000000e+00 0.000000e+00 1.000000e+00
    outer loop
      vertex 0.49748744 0.00998731 0.00000000
      vertex 0.99357872 -0.00171666 0.00000000
      vertex 0.99585695 -0.00155175 0.00000000
    endloop
  endfacet
  facet normal 0.000000e+00 0.000000e+00 1.000000e+00
    outer loop
      vertex 0.49748744 0.00998731 0.00000000
      vertex 0.99079919 -0.00191749 0.00000000
      vertex 0.99357872 -0.00171666 0.00000000
    endloop
  endfacet
  facet normal 0.000000e+00 0.000000e+00 1.000000e+00
    outer loop
      vertex 0.49748744 0.00998731 0.00000000
      vertex 0.98752131 -0.00215379 0.00000000
      vertex 0.99079919 -0.00191749 0.00000000
    endloop
  endfacet
  facet normal 0.000000e+00 0.000000e+00 1.000000e+00
    outer loop
      vertex 0.49748744 0.00998731 0.00000000
      vertex 0.98374860 -0.00242507 0.00000000
      vertex 0.98752131 -0.00215379 0.00000000
    endloop
  endfacet
  facet normal 0.000000e+00 0.000000e+00 1.000000e+00
    outer loop
      vertex 0.49748744 0.00998731 0.00000000
      vertex 0.97948507 -0.00273078 0.00000000
      vertex 0.98374860 -0.00242507 0.00000000
    endloop
  endfacet
  facet normal 0.000000e+00 0.000000e+00 1.000000e+00
    outer loop
      vertex 0.49748744 0.00998731 0.00000000
      vertex 0.97473526 -0.00307029 0.00000000
      vertex 0.97948507 -0.00273078 0.00000000
    endloop
  endfacet
  facet normal 0.000000e+00 0.000000e+00 1.000000e+00
    outer loop
      vertex 0.49748744 0.00998731 0.00000000
      vertex 0.96950423 -0.00344295 0.00000000
      vertex 0.97473526 -0.00307029 0.00000000
    endloop
  endfacet
  facet normal 0.000000e+00 0.000000e+00 1.000000e+00
    outer loop
      vertex 0.49748744 0.00998731 0.00000000
      vertex 0.96379753 -0.00384805 0.00000000
      vertex 0.96950423 -0.00344295 0.00000000
    endloop
  endfacet
  facet normal 0.000000e+00 0.000000e+00 1.000000e+00
    outer loop
      vertex 0.49748744 0.00998731 0.00000000
      vertex 0.95762121 -0.00428484 0.00000000
      vertex 0.96379753 -0.00384805 0.00000000
    endloop
  endfacet
  facet normal 0.000000e+00 0.000000e+00 1.000000e+00
    outer loop
      vertex 0.49748744 0.00998731 0.00000000
      vertex 0.95098181 -0.00475256 0.00000000
      vertex 0.95762121 -0.00428484 0.00000000
    endloop
  endfacet
  facet normal 0.000000e+00 0.000000e+00 1.000000e+00
    outer loop
      vertex 0.49748744 0.00998731 0.00000000
      vertex 0.94388636 -0.00525039 0.00000000
      vertex 0.95098181 -0.00475256 0.00000000
    endloop
  endfacet
  facet normal 0.000000e+00 0.000000e+00 1.000000e+00
    outer loop
      vertex 0.49748744 0.00998731 0.00000000
      vertex 0.93634233 -0.00577752 0.00000000
      vertex 0.94388636 -0.00525039 0.00000000
    endloop
  endfacet
  facet normal 0.000000e+00 0.000000e+00 1.000000e+00
    outer loop
      vertex 0.49748744 0.00998731 0.00000000
      vertex 0.92835769 -0.00633311 0.00000000
      vertex 0.93634233 -0.00577752 0.00000000
    endloop
  endfacet
  facet normal 0.000000e+00 0.000000e+00 1.000000e+00
    outer loop
      vertex 0.49748744 0.00998731 0.00000000
      vertex 0.91994082 -0.00691633 0.00000000
      vertex 0.92835769 -0.00633311 0.00000000
    endloop
  endfacet
  facet normal 0.000000e+00 0.000000e+00 1.000000e+00
    outer loop
      vertex 0.49748744 0.00998731 0.00000000
      vertex 0.91110056 -0.00752631 0.00000000
      vertex 0.91994082 -0.00691633 0.00000000
    endloop
  endfacet
  facet normal 0.000000e+00 0.000000e+00 1.000000e+00
    outer loop
      vertex 0.49748744 0.00998731 0.00000000
      vertex 0.90184618 -0.00816221 0.00000000
      vertex 0.91110056 -0.00752631 0.00000000
    endloop
  endfacet
  facet normal 0.000000e+00 0.000000e+00 1.000000e+00
    outer loop
      vertex 0.49748744 0.00998731 0.00000000
      vertex 0.89218736 -0.00882317 0.00000000
      vertex 0.90184618 -0.00816221 0.00000000
    endloop
  endfacet
  facet normal 0.000000e+00 0.000000e+00 1.000000e+00
    outer loop
      vertex 0.49748744 0.00998731 0.00000000
      vertex 0.88213418 -0.00950832 0.00000000
      vertex 0.89218736 -0.00882317 0.00000000
    endloop
  endfacet
  facet normal 0.000000e+00 0.000000e+00 1.000000e+00
    outer loop
      vertex 0.49748744 0.00998731 0.00000000
      vertex 0.87169711 -0.01021680 0.00000000
      vertex 0.88213418 -0.00950832 0.00000000
    endloop
  endfacet
  facet normal 0.000000e+00 0.000000e+00 1.000000e+00
    outer loop
      vertex 0.49748744 0.00998731 0.00000000
      vertex 0.86088701 -0.01094774 0.00000000
      vertex 0.87169711 -0.01021680 0.00000000
    endloop
  endfacet
  facet normal 0.000000e+00 0.000000e+00 1.000000e+00
    outer loop
      vertex 0.49748744 0.00998731 0.00000000
      vertex 0.84971510 -0.01170026 0.00000000
      vertex 0.86088701 -0.01094774 0.00000000
    endloop
  endfacet
  facet normal 0.000000e+00 0.000000e+00 1.000000e+00
    outer loop
      vertex 0.49748744 0.00998731 0.00000000
      vertex 0.83819296 -0.01247348 0.00000000
      vertex 0.84971510 -0.01170026 0.00000000
    endloop
  endfacet
  facet normal 0.000000e+00 0.000000e+00 1.000000e+00
    outer loop
      vertex 0.49748744 0.00998731 0.00000000
      vertex 0.82633250 -0.01326648 0.00000000
      vertex 0.83819296 -0.01247348 0.00000000
    endloop
  endfacet
  facet normal 0.000000e+00 0.000000e+00 1.000000e+00
    outer loop
      vertex 0.49748744 0.00998731 0.00000000
      vertex 0.81414597 -0.01407832 0.00000000
      vertex 0.82633250 -0.01326648 0.00000000
    endloop
  endfacet
  facet normal 0.000000e+00 0.000000e+00 1.000000e+00
    outer loop
      vertex 0.49748744 0.00998731 0.00000000
      vertex 0.80164593 -0.01490805 0.00000000
      vertex 0.81414597 -0.01407832 0.00000000
    endloop
  endfacet
  facet normal 0.000000e+00 0.000000e+00 1.000000e+00
    outer loop
      vertex 0.49748744 0.00998731 0.00000000
      vertex 0.78884522 -0.01575465 0.00000000
      vertex 0.80164593 -0.01490805 0.00000000
    endloop
  endfacet
  facet normal 0.000000e+00 0.000000e+00 1.000000e+00
    outer loop
      vertex 0.49748744 0.00998731 0.00000000
      vertex 0.77575700 -0.01661705 0.00000000
      vertex 0.78884522 -0.01575465 0.00000000
    endloop
  endfacet
  facet normal 0.000000e+00 0.000000e+00 1.000000e+00
    outer loop
      vertex 0.49748744 0.00998731 0.00000000
      vertex 0.76239467 -0.01749415 0.00000000
      vertex 0.77575700 -0.01661705 0.00000000
    endloop
  endfacet
  facet normal 0.000000e+00 0.000000e+00 1.000000e+00
    outer loop
      vertex 0.49748744 0.00998731 0.00000000
      vertex 0.74877192 -0.01838475 0.00000000
      vertex 0.76239467 -0.01749415 0.00000000
    endloop
  endfacet
  facet normal 0.000000e+00 0.000000e+00 1.000000e+00
    outer loop
      vertex 0.49748744 0.00998731 0.00000000
      vertex 0.73490265 -0.01928757 0.00000000
      vertex 0.74877192 -0.01838475 0.00000000
    endloop
  endfacet
  facet normal 0.000000e+00 0.000000e+00 1.000000e+00
    outer loop
      vertex 0.49748744 0.00998731 0.00000000
      vertex 0.72080100 -0.02020126 0.00000000
      vertex 0.73490265 -0.01928757 0.00000000
    endloop
  endfacet
  facet normal 0.000000e+00 0.000000e+00 1.000000e+00
    outer loop
      vertex 0.49748744 0.00998731 0.00000000
      vertex 0.70648132 -0.02112435 0.00000000
      vertex 0.72080100 -0.02020126 0.00000000
    endloop
  endfacet
  facet normal 0.000000e+00 0.000000e+00 1.000000e+00
    outer loop
      vertex 0.49748744 0.00998731 0.00000000
      vertex 0.69195817 -0.02205526 0.00000000
      vertex 0.70648132 -0.02112435 0.00000000
    endloop
  endfacet
  facet normal 0.000000e+00 0.000000e+00 1.000000e+00
    outer loop
      vertex 0.49748744 0.00998731 0.00000000
      vertex 0.67724627 -0.02299229 0.00000000
      vertex 0.69195817 -0.02205526 0.00000000
    endloop
  endfacet
  facet normal 0.000000e+00 0.000000e+00 1.000000e+00
    outer loop
      vertex 0.49748744 0.00998731 0.00000000
      vertex 0.66236052 -0.02393361 0.00000000
      vertex 0.67724627 -0.02299229 0.00000000
    endloop
  endfacet
  facet normal 0.000000e+00 0.000000e+00 1.000000e+00
    outer loop
      vertex 0.49748744 0.00998731 0.00000000
      vertex 0.64731595 -0.02487725 0.00000000
      vertex 0.66236052 -0.02393361 0.00000000
    endloop
  endfacet
  facet normal 0.000000e+00 0.000000e+00 1.000000e+00
    outer loop
      vertex 0.49748744 0.00998731 0.00000000
      vertex 0.63212776 -0.02582110 0.00000000
      vertex 0.64731595 -0.02487725 0.00000000
    endloop
  endfacet
  facet normal 0.000000e+00 0.000000e+00 1.000000e+00
    outer loop
      vertex 0.49748744 0.00998731 0.00000000
      vertex 0.61681124 -0.02676290 0.00000000
      vertex 0.63212776 -0.02582110 0.00000000
    endloop
  endfacet
  facet normal 0.000000e+00 0.000000e+00 1.000000e+00
    outer loop
      vertex 0.49748744 0.00998731 0.00000000
      vertex 0.60138178 -0.02770023 0.00000000
      vertex 0.61681124 -0.02676290 0.00000000
    endloop
  endfacet
  facet normal 0.000000e+00 0.000000e+00 1.000000e+00
    outer loop
      vertex 0.49748744 0.00998731 0.00000000
      vertex 0.58585486 -0.02863053 0.00000000
      vertex 0.60138178 -0.02770023 0.00000000
    endloop
  endfacet
  facet normal 0.000000e+00 0.000000e+00 1.000000e+00
    outer loop
      vertex 0.49748744 0.00998731 0.00000000
      vertex 0.57024603 -0.02955109 0.00000000
      vertex 0.58585486 -0.02863053 0.00000000
    endloop
  endfacet
  facet normal 0.000000e+00 0.000000e+00 1.000000e+00
    outer loop
      vertex 0.49748744 0.00998731 0.00000000
      vertex 0.55457091 -0.03045902 0.00000000
      vertex 0.57024603 -0.02955109 0.00000000
    endloop
  endfacet
  facet normal 0.000000e+00 0.000000e+00 1.000000e+00
    outer loop
      vertex 0.49748744 0.00998731 0.00000000
      vertex 0.53884512 -0.03135131 0.00000000
      vertex 0.55457091 -0.03045902 0.00000000
    endloop
  endfacet
  facet normal 0.000000e+00 0.000000e+00 1.000000e+00
    outer loop
      vertex 0.49748744 0.00998731 0.00000000
      vertex 0.52308434 -0.03222479 0.00000000
      vertex 0.53884512 -0.03135131 0.00000000
    endloop
  endfacet
  facet normal 0.000000e+00 0.000000e+00 1.000000e+00
    outer loop
      vertex 0.49748744 0.00998731 0.00000000
      vertex 0.50730422 -0.03307619 0.00000000
      vertex 0.52308434 -0.03222479 0.00000000
    endloop
  endfacet
  facet normal 0.000000e+00 0.000000e+00 1.000000e+00
    outer loop
      vertex 0.49748744 0.00998731 0.00000000
      vertex 0.49152043 -0.03390208 0.00000000
      vertex 0.50730422 -0.03307619 0.00000000
    endloop
  endfacet
  facet normal 0.000000e+00 0.000000e+00 1.000000e+00
    outer loop
      vertex 0.49748744 0.00998731 0.00000000
      vertex 0.47574860 -0.03469895 0.00000000
      vertex 0.49152043 -0.03390208 0.00000000
    endloop
  endfacet
  facet normal 0.000000e+00 0.000000e+00 1.000000e+00
    outer loop
      vertex 0.49748744 0.00998731 0.00000000
      vertex 0.46000431 -0.03546317 0.00000000
      vertex 0.47574860 -0.03469895 0.00000000
    endloop
  endfacet
  facet normal 0.000000e+00 0.000000e+00 1.000000e+00
    outer loop
      vertex 0.49748744 0.00998731 0.00000000
      vertex 0.44430311 -0.03619107 0.00000000
      vertex 0.46000431 -0.03546317 0.00000000
    endloop
  endfacet
  facet normal 0.000000e+00 0.000000e+00 1.000000e+00
    outer loop
      vertex 0.49748744 0.00998731 0.00000000
      vertex 0.42866045 -0.03687887 0.00000000
      vertex 0.44430311 -0.03619107 0.00000000
    endloop
  endfacet
  facet normal 0.000000e+00 0.000000e+00 1.000000e+00
    outer loop
      vertex 0.49748744 0.00998731 0.00000000
      vertex 0.41309171 -0.03752281 0.00000000
      vertex 0.42866045 -0.03687887 0.00000000
    endloop
  endfacet
  facet normal 0.000000e+00 0.000000e+00 1.000000e+00
    outer loop
      vertex 0.49748744 0.00998731 0.00000000
      vertex 0.39763159 -0.03811945 0.00000000
      vertex 0.41309171 -0.03752281 0.00000000
    endloop
  endfacet
  facet normal 0.000000e+00 0.000000e+00 1.000000e+00
    outer loop
      vertex 0.49748744 0.00998731 0.00000000
      vertex 0.38238267 -0.03868555 0.00000000
      vertex 0.39763159 -0.03811945 0.00000000
    endloop
  endfacet
  facet normal 0.000000e+00 0.000000e+00 1.000000e+00
    outer loop
      vertex 0.49748744 0.00998731 0.00000000
      vertex 0.36725409 -0.03922840 0.00000000
      vertex 0.38238267 -0.03868555 0.00000000
    endloop
  endfacet
  facet normal 0.000000e+00 0.000000e+00 1.000000e+00
    outer loop
      vertex 0.49748744 0.00998731 0.00000000
      vertex 0.35226005 -0.03974341 0.00000000
      vertex 0.36725409 -0.03922840 0.00000000
    endloop
  endfacet
  facet normal 0.000000e+00 0.000000e+00 1.000000e+00
    outer loop
      vertex 0.49748744 0.00998731 0.00000000
      vertex 0.33741460 -0.04022596 0.00000000
      vertex 0.35226005 -0.03974341 0.00000000
    endloop
  endfacet
  facet normal 0.000000e+00 0.000000e+00 1.000000e+00
    outer loop
      vertex 0.49748744 0.00998731 0.00000000
      vertex 0.32273162 -0.04067142 0.00000000
      vertex 0.33741460 -0.04022596 0.00000000
    endloop
  endfacet
  facet normal 0.000000e+00 0.000000e+00 1.000000e+00
    outer loop
      vertex 0.49748744 0.00998731 0.00000000
      vertex 0.30822479 -0.04107518 0.00000000
      vertex 0.32273162 -0.04067142 0.00000000
    endloop
  endfacet
  facet normal 0.000000e+00 0.000000e+00 1.000000e+00
    outer loop
      vertex 0.49748744 0.00998731 0.00000000
      vertex 0.29390764 -0.04143267 0.00000000
      vertex 0.30822479 -0.04107518 0.00000000
    endloop
  endfacet
  facet normal 0.000000e+00 0.000000e+00 1.000000e+00
    outer loop
      vertex 0.49748744 0.00998731 0.00000000
      vertex 0.27979347 -0.04173941 0.00000000
      vertex 0.29390764 -0.04143267 0.00000000
    endloop
  endfacet
  facet normal 0.000000e+00 0.000000e+00 1.000000e+00
    outer loop
      vertex 0.49748744 0.00998731 0.00000000
      vertex 0.26589541 -0.04199100 0.00000000
      vertex 0.27979347 -0.04173941 0.00000000
    endloop
  endfacet
  facet normal 0.000000e+00 0.000000e+00 1.000000e+00
    outer loop
      vertex 0.49748744 0.00998731 0.00000000
      vertex 0.25222640 -0.04218319 0.00000000
      vertex 0.26589541 -0.04199100 0.00000000
    endloop
  endfacet
  facet normal 0.000000e+00 0.000000e+00 1.000000e+00
    outer loop
      vertex 0.49748744 0.00998731 0.00000000
      vertex 0.23879915 -0.04231187 0.00000000
      vertex 0.25222640 -0.04218319 0.00000000
    endloop
  endfacet
  facet normal 0.000000e+00 0.000000e+00 1.000000e+00
    outer loop
      vertex 0.49748744 0.00998731 0.00000000
      vertex 0.22562618 -0.04237310 0.00000000
      vertex 0.23879915 -0.04231187 0.00000000
    endloop
  endfacet
  facet normal 0.000000e+00 0.000000e+00 1.000000e+00
    outer loop
      vertex 0.49748744 0.00998731 0.00000000
      vertex 0.21271980 -0.04236314 0.00000000
      vertex 0.22562618 -0.04237310 0.00000000
    endloop
  endfacet
  facet normal 0.000000e+00 0.000000e+00 1.000000e+00
    outer loop
      vertex 0.49748744 0.00998731 0.00000000
      vertex 0.20009208 -0.04227847 0.00000000
      vertex 0.21271980 -0.04236314 0.00000000
    endloop
  endfacet
  facet normal 0.000000e+00 0.000000e+00 1.000000e+00
    outer loop
      vertex 0.49748744 0.00998731 0.00000000
      vertex 0.18775491 -0.04211579 0.00000000
      vertex 0.20009208 -0.04227847 0.00000000
    endloop
  endfacet
  facet normal 0.000000e+00 0.000000e+00 1.000000e+00
    outer loop
      vertex 0.49748744 0.00998731 0.00000000
      vertex 0.17571991 -0.04187203 0.00000000
      vertex 0.18775491 -0.04211579 0.00000000
    endloop
  endfacet
  facet normal 0.000000e+00 0.000000e+00 1.000000e+00
    outer loop
      vertex 0.49748744 0.00998731 0.00000000
      vertex 0.16399850 -0.04154441 0.00000000
      vertex 0.17571991 -0.04187203 0.00000000
    endloop
  endfacet
  facet normal 0.000000e+00 0.000000e+00 1.000000e+00
    outer loop
      vertex 0.49748744 0.00998731 0.00000000
      vertex 0.15260186 -0.04113036 0.00000000
      vertex 0.16399850 -0.04154441 0.00000000
    endloop
  endfacet
  facet normal 0.000000e+00 0.000000e+00 1.000000e+00
    outer loop
      vertex 0.49748744 0.00998731 0.00000000
      vertex 0.14154091 -0.04062761 0.00000000
      vertex 0.15260186 -0.04113036 0.00000000
    endloop
  endfacet
  facet normal 0.000000e+00 0.000000e+00 1.000000e+00
    outer loop
      vertex 0.49748744 0.00998731 0.00000000
      vertex 0.13082633 -0.04003414 0.00000000
      vertex 0.14154091 -0.04062761 0.00000000
    endloop
  endfacet
  facet normal 0.000000e+00 0.000000e+00 1.000000e+00
    outer loop
      vertex 0.49748744 0.00998731 0.00000000
      vertex 0.12046854 -0.03934821 0.00000000
      vertex 0.13082633 -0.04003414 0.00000000
    endloop
  endfacet
  facet normal 0.000000e+00 0.000000e+00 1.000000e+00
    outer loop
      vertex 0.49748744 0.00998731 0.00000000
      vertex 0.11047770 -0.03856834 0.00000000
      vertex 0.12046854 -0.03934821 0.00000000
    endloop
  endfacet
  facet normal 0.000000e+00 0.000000e+00 1.000000e+00
    outer loop
      vertex 0.49748744 0.00998731 0.00000000
      vertex 0.10086369 -0.03769328 0.00000000
      vertex 0.11047770 -0.03856834 0.00000000
    endloop
  endfacet
  facet normal 0.000000e+00 0.000000e+00 1.000000e+00
    outer loop
      vertex 0.49748744 0.00998731 0.00000000
      vertex 0.09163611 -0.03672206 0.00000000
      vertex 0.10086369 -0.03769328 0.00000000
    endloop
  endfacet
  facet normal 0.000000e+00 0.000000e+00 1.000000e+00
    outer loop
      vertex 0.49748744 0.00998731 0.00000000
      vertex 0.08280424 -0.03565393 0.00000000
      vertex 0.09163611 -0.03672206 0.00000000
    endloop
  endfacet
  facet normal 0.000000e+00 0.000000e+00 1.000000e+00
    outer loop
      vertex 0.49748744 0.00998731 0.00000000
      vertex 0.07437708 -0.03448838 0.00000000
      vertex 0.08280424 -0.03565393 0.00000000
    endloop
  endfacet
  facet normal 0.000000e+00 0.000000e+00 1.000000e+00
    outer loop
      vertex 0.49748744 0.00998731 0.00000000
      vertex 0.06636330 -0.03322510 0.00000000
      vertex 0.07437708 -0.03448838 0.00000000
    endloop
  endfacet
  facet normal 0.000000e+00 0.000000e+00 1.000000e+00
    outer loop
      vertex 0.49748744 0.00998731 0.00000000
      vertex 0.05877124 -0.03186396 0.00000000
      vertex 0.06636330 -0.03322510 0.00000000
    endloop
  endfacet
  facet normal 0.000000e+00 0.000000e+00 1.000000e+00
    outer loop
      vertex 0.49748744 0.00998731 0.00000000
      vertex 0.05160889 -0.03040502 0.00000000
      vertex 0.05877124 -0.03186396 0.00000000
    endloop
  endfacet
  facet normal 0.000000e+00 0.000000e+00 1.000000e+00
    outer loop
      vertex 0.49748744 0.00998731 0.00000000
      vertex 0.04488389 -0.02884850 0.00000000
      vertex 0.05160889 -0.03040502 0.00000000
    endloop
  endfacet
  facet normal 0.000000e+00 0.000000e+00 1.000000e+00
    outer loop
      vertex 0.49748744 0.00998731 0.00000000
      vertex 0.03860350 -0.02719476 0.00000000
      vertex 0.04488389 -0.02884850 0.00000000
    endloop
  endfacet
  facet normal 0.000000e+00 0.000000e+00 1.000000e+00
    outer loop
      vertex 0.49748744 0.00998731 0.00000000
      vertex 0.03277460 -0.02544426 0.00000000
      vertex 0.03860350 -0.02719476 0.00000000
    endloop
  endfacet
  facet normal 0.000000e+00 0.000000e+00 1.000000e+00
    outer loop
      vertex 0.49748744 0.00998731 0.00000000
      vertex 0.02740368 -0.02359757 0.00000000
      vertex 0.03277460 -0.02544426 0.00000000
    endloop
  endfacet
  facet normal 0.000000e+00 0.000000e+00 1.000000e+00
    outer loop
      vertex 0.49748744 0.00998731 0.00000000
      vertex 0.02249681 -0.02165535 0.00000000
      vertex 0.02740368 -0.02359757 0.00000000
    endloop
  endfacet
  facet normal 0.000000e+00 0.000000e+00 1.000000e+00
    outer loop
      vertex 0.49748744 0.00998731 0.00000000
      vertex 0.01805963 -0.01961830 0.00000000
      vertex 0.02249681 -0.02165535 0.00000000
    endloop
  endfacet
  facet normal 0.000000e+00 0.000000e+00 1.000000e+00
    outer loop
      vertex 0.49748744 0.00998731 0.00000000
      vertex 0.01409736 -0.01748717 0.00000000
      vertex 0.01805963 -0.01961830 0.00000000
    endloop
  endfacet
  facet normal 0.000000e+00 0.000000e+00 1.000000e+00
    outer loop
      vertex 0.49748744 0.00998731 0.00000000
      vertex 0.01061477 -0.01526274 0.00000000
      vertex 0.01409736 -0.01748717 0.00000000
    endloop
  endfacet
  facet normal 0.000000e+00 0.000000e+00 1.000000e+00
    outer loop
      vertex 0.49748744 0.00998731 0.00000000
      vertex 0.00761614 -0.01294580 0.00000000
      vertex 0.01061477 -0.01526274 0.00000000
    endloop
  endfacet
  facet normal 0.000000e+00 0.000000e+00 1.000000e+00
    outer loop
      vertex 0.49748744 0.00998731 0.00000000
      vertex 0.00510533 -0.01053713 0.00000000
      vertex 0.00761614 -0.01294580 0.00000000
    endloop
  endfacet
  facet normal 0.000000e+00 0.000000e+00 1.000000e+00
    outer loop
      vertex 0.49748744 0.00998731 0.00000000
      vertex 0.00308569 -0.00803749 0.00000000
      vertex 0.00510533 -0.01053713 0.00000000
    endloop
  endfacet
  facet normal 0.000000e+00 0.000000e+00 1.000000e+00
    outer loop
      vertex 0.49748744 0.00998731 0.00000000
      vertex 0.00156008 -0.00544762 0.00000000
      vertex 0.00308569 -0.00803749 0.00000000
    endloop
  endfacet
  facet normal 0.000000e+00 0.000000e+00 1.000000e+00
    outer loop
      vertex 0.49748744 0.00998731 0.00000000
      vertex 0.00053089 -0.00276824 0.00000000
      vertex 0.00156008 -0.00544762 0.00000000
    endloop
  endfacet
  facet normal 0.000000e+00 0.000000e+00 1.000000e+00
    outer loop
      vertex 0.49748744 0.00998731 0.00000000
      vertex 0.00000000 0.00000000 0.00000000
      vertex 0.00053089 -0.00276824 0.00000000
    endloop
  endfacet
  facet normal 0.000000e+00 0.000000e+00 0.000000e+00
    outer loop
      vertex 0.49748744 0.00998731 0.00000000
      vertex 0.00000000 0.00000000 0.00000000
      vertex 0.00000000 0.00000000 0.00000000
    endloop
  endfacet
  facet normal 0.000000e+00 0.000000e+00 -1.000000e+00
    outer loop
      vertex 0.49748744 0.00998731 0.10000000
      vertex 0.00000000 0.00000000 0.10000000
      vertex -0.00002744 0.00281857 0.10000000
    endloop
  endfacet
  facet normal 0.000000e+00 0.000000e+00 -1.000000e+00
    outer loop
      vertex 0.49748744 0.00998731 0.10000000
      vertex -0.00002744 0.00281857 0.10000000
      vertex 0.00045324 0.00564870 0.10000000
    endloop
  endfacet
  facet normal 0.000000e+00 0.000000e+00 -1.000000e+00
    outer loop
      vertex 0.49748744 0.00998731 0.10000000
      vertex 0.00045324 0.00564870 0.10000000
      vertex 0.00144239 0.00848902 0.10000000
    endloop
  endfacet
  facet normal -0.000000e+00 0.000000e+00 -1.000000e+00
    outer loop
      vertex 0.49748744 0.00998731 0.10000000
      vertex 0.00144239 0.00848902 0.10000000
      vertex 0.00293986 0.01133760 0.10000000
    endloop
  endfacet
  facet normal 0.000000e+00 0.000000e+00 -1.000000e+00
    outer loop
      vertex 0.49748744 0.00998731 0.10000000
      vertex 0.00293986 0.01133760 0.10000000
      vertex 0.00494497 0.01419205 0.10000000
    endloop
  endfacet
  facet normal 0.000000e+00 0.000000e+00 -1.000000e+00
    outer loop
      vertex 0.49748744 0.00998731 0.10000000
      vertex 0.00494497 0.01419205 0.10000000
      vertex 0.00745654 0.01704946 0.10000000
    endloop
  endfacet
  facet normal 0.000000e+00 0.000000e+00 -1.000000e+00
    outer loop
      vertex 0.49748744 0.00998731 0.10000000
      vertex 0.00745654 0.01704946 0.10000000
      vertex 0.01047285 0.01990646 0.10000000
    endloop
  endfacet
  facet normal 0.000000e+00 0.000000e+00 -1.000000e+00
    outer loop
      vertex 0.49748744 0.00998731 0.10000000
      vertex 0.01047285 0.01990646 0.10000000
      vertex 0.01399166 0.02275922 0.10000000
    endloop
  endfacet
  facet normal 0.000000e+00 0.000000e+00 -1.000000e+00
    outer loop
      vertex 0.49748744 0.00998731 0.10000000
      vertex 0.01399166 0.02275922 0.10000000
      vertex 0.01801022 0.02560350 0.10000000
    endloop
  endfacet
  facet normal 0.000000e+00 0.000000e+00 -1.000000e+00
    outer loop
      vertex 0.49748744 0.00998731 0.10000000
      vertex 0.01801022 0.02560350 0.10000000
      vertex 0.02252520 0.02843465 0.10000000
    endloop
  endfacet
  facet normal 0.000000e+00 0.000000e+00 -1.000000e+00
    outer loop
      vertex 0.49748744 0.00998731 0.10000000
      vertex 0.02252520 0.02843465 0.10000000
      vertex 0.02753278 0.03124768 0.10000000
    endloop
  endfacet
  facet normal 0.000000e+00 0.000000e+00 -1.000000e+00
    outer loop
      vertex 0.49748744 0.00998731 0.10000000
      vertex 0.02753278 0.03124768 0.10000000
      vertex 0.03302857 0.03403727 0.10000000
    endloop
  endfacet
  facet normal 0.000000e+00 0.000000e+00 -1.000000e+00
    outer loop
      vertex 0.49748744 0.00998731 0.10000000
      vertex 0.03302857 0.03403727 0.10000000
      vertex 0.03900765 0.03679779 0.10000000
    endloop
  endfacet
  facet normal 0.000000e+00 0.000000e+00 -1.000000e+00
    outer loop
      vertex 0.49748744 0.00998731 0.10000000
      vertex 0.03900765 0.03679779 0.10000000
      vertex 0.04546457 0.03952341 0.10000000
    endloop
  endfacet
  facet normal 0.000000e+00 0.000000e+00 -1.000000e+00
    outer loop
      vertex 0.49748744 0.00998731 0.10000000
      vertex 0.04546457 0.03952341 0.10000000
      vertex 0.05239331 0.04220806 0.10000000
    endloop
  endfacet
  facet normal 0.000000e+00 0.000000e+00 -1.000000e+00
    outer loop
      vertex 0.49748744 0.00998731 0.10000000
      vertex 0.05239331 0.04220806 0.10000000
      vertex 0.05978732 0.04484554 0.10000000
    endloop
  endfacet
  facet normal 0.000000e+00 0.000000e+00 -1.000000e+00
    outer loop
      vertex 0.49748744 0.00998731 0.10000000
      vertex 0.05978732 0.04484554 0.10000000
      vertex 0.06763951 0.04742950 0.10000000
    endloop
  endfacet
  facet normal 0.000000e+00 0.000000e+00 -1.000000e+00
    outer loop
      vertex 0.49748744 0.00998731 0.10000000
      vertex 0.06763951 0.04742950 0.10000000
      vertex 0.07594223 0.04995355 0.10000000
    endloop
  endfacet
  facet normal 0.000000e+00 0.000000e+00 -1.000000e+00
    outer loop
      vertex 0.49748744 0.00998731 0.10000000
      vertex 0.07594223 0.04995355 0.10000000
      vertex 0.08468731 0.05241128 0.10000000
    endloop
  endfacet
  facet normal 0.000000e+00 0.000000e+00 -1.000000e+00
    outer loop
      vertex 0.49748744 0.00998731 0.10000000
      vertex 0.08468731 0.05241128 0.10000000
      vertex 0.09386605 0.05479627 0.10000000
    endloop
  endfacet
  facet normal 0.000000e+00 0.000000e+00 -1.000000e+00
    outer loop
      vertex 0.49748744 0.00998731 0.10000000
      vertex 0.09386605 0.05479627 0.10000000
      vertex 0.10346920 0.05710220 0.10000000
    endloop
  endfacet
  facet normal 0.000000e+00 0.000000e+00 -1.000000e+00
    outer loop
      vertex 0.49748744 0.00998731 0.10000000
      vertex 0.10346920 0.05710220 0.10000000
      vertex 0.11348702 0.05932282 0.10000000
    endloop
  endfacet
  facet normal 0.000000e+00 0.000000e+00 -1.000000e+00
    outer loop
      vertex 0.49748744 0.00998731 0.10000000
      vertex 0.11348702 0.05932282 0.10000000
      vertex 0.12390922 0.06145206 0.10000000
    endloop
  endfacet
  facet normal 0.000000e+00 0.000000e+00 -1.000000e+00
    outer loop
      vertex 0.49748744 0.00998731 0.10000000
      vertex 0.12390922 0.06145206 0.10000000
      vertex 0.13472506 0.06348402 0.10000000
    endloop
  endfacet
  facet normal 0.000000e+00 0.000000e+00 -1.000000e+00
    outer loop
      vertex 0.49748744 0.00998731 0.10000000
      vertex 0.13472506 0.06348402 0.10000000
      vertex 0.14592325 0.06541304 0.10000000
    endloop
  endfacet
  facet normal 0.000000e+00 0.000000e+00 -1.000000e+00
    outer loop
      vertex 0.49748744 0.00998731 0.10000000
      vertex 0.14592325 0.06541304 0.10000000
      vertex 0.15749208 0.06723370 0.10000000
    endloop
  endfacet
  facet normal 0.000000e+00 0.000000e+00 -1.000000e+00
    outer loop
      vertex 0.49748744 0.00998731 0.10000000
      vertex 0.15749208 0.06723370 0.10000000
      vertex 0.16941936 0.06894089 0.10000000
    endloop
  endfacet
  facet normal 0.000000e+00 0.000000e+00 -1.000000e+00
    outer loop
      vertex 0.49748744 0.00998731 0.10000000
      vertex 0.16941936 0.06894089 0.10000000
      vertex 0.18169243 0.07052981 0.10000000
    endloop
  endfacet
  facet normal 0.000000e+00 0.000000e+00 -1.000000e+00
    outer loop
      vertex 0.49748744 0.00998731 0.10000000
      vertex 0.18169243 0.07052981 0.10000000
      vertex 0.19429823 0.07199602 0.10000000
    endloop
  endfacet
  facet normal 0.000000e+00 0.000000e+00 -1.000000e+00
    outer loop
      vertex 0.49748744 0.00998731 0.10000000
      vertex 0.19429823 0.07199602 0.10000000
      vertex 0.20722329 0.07333544 0.10000000
    endloop
  endfacet
  facet normal 0.000000e+00 0.000000e+00 -1.000000e+00
    outer loop
      vertex 0.49748744 0.00998731 0.10000000
      vertex 0.20722329 0.07333544 0.10000000
      vertex 0.22045375 0.07454438 0.10000000
    endloop
  endfacet
  facet normal 0.000000e+00 0.000000e+00 -1.000000e+00
    outer loop
      vertex 0.49748744 0.00998731 0.10000000
      vertex 0.22045375 0.07454438 0.10000000
      vertex 0.23397538 0.07561959 0.10000000
    endloop
  endfacet
  facet normal 0.000000e+00 0.000000e+00 -1.000000e+00
    outer loop
      vertex 0.49748744 0.00998731 0.10000000
      vertex 0.23397538 0.07561959 0.10000000
      vertex 0.24777360 0.07655819 0.10000000
    endloop
  endfacet
  facet normal 0.000000e+00 0.000000e+00 -1.000000e+00
    outer loop
      vertex 0.49748744 0.00998731 0.10000000
      vertex 0.24777360 0.07655819 0.10000000
      vertex 0.26183351 0.07735778 0.10000000
    endloop
  endfacet
  facet normal 0.000000e+00 0.000000e+00 -1.000000e+00
    outer loop
      vertex 0.49748744 0.00998731 0.10000000
      vertex 0.26183351 0.07735778 0.10000000
      vertex 0.27613992 0.07801638 0.10000000
    endloop
  endfacet
  facet normal 0.000000e+00 0.000000e+00 -1.000000e+00
    outer loop
      vertex 0.49748744 0.00998731 0.10000000
      vertex 0.27613992 0.07801638 0.10000000
      vertex 0.29067735 0.07853244 0.10000000
    endloop
  endfacet
  facet normal 0.000000e+00 0.000000e+00 -1.000000e+00
    outer loop
      vertex 0.49748744 0.00998731 0.10000000
      vertex 0.29067735 0.07853244 0.10000000
      vertex 0.30543008 0.07890490 0.10000000
    endloop
  endfacet
  facet normal 0.000000e+00 0.000000e+00 -1.000000e+00
    outer loop
      vertex 0.49748744 0.00998731 0.10000000
      vertex 0.30543008 0.07890490 0.10000000
      vertex 0.32038216 0.07913309 0.10000000
    endloop
  endfacet
  facet normal 0.000000e+00 0.000000e+00 -1.000000e+00
    outer loop
      vertex 0.49748744 0.00998731 0.10000000
      vertex 0.32038216 0.07913309 0.10000000
      vertex 0.33551743 0.07921682 0.10000000
    endloop
  endfacet
  facet normal 0.000000e+00 0.000000e+00 -1.000000e+00
    outer loop
      vertex 0.49748744 0.00998731 0.10000000
      vertex 0.33551743 0.07921682 0.10000000
      vertex 0.35081957 0.07915631 0.10000000
    endloop
  endfacet
  facet normal 0.000000e+00 0.000000e+00 -1.000000e+00
    outer loop
      vertex 0.49748744 0.00998731 0.10000000
      vertex 0.35081957 0.07915631 0.10000000
      vertex 0.36627210 0.07895223 0.10000000
    endloop
  endfacet
  facet normal 0.000000e+00 0.000000e+00 -1.000000e+00
    outer loop
      vertex 0.49748744 0.00998731 0.10000000
      vertex 0.36627210 0.07895223 0.10000000
      vertex 0.38185839 0.07860564 0.10000000
    endloop
  endfacet
  facet normal 0.000000e+00 0.000000e+00 -1.000000e+00
    outer loop
      vertex 0.49748744 0.00998731 0.10000000
      vertex 0.38185839 0.07860564 0.10000000
      vertex 0.39756175 0.07811801 0.10000000
    endloop
  endfacet
  facet normal 0.000000e+00 0.000000e+00 -1.000000e+00
    outer loop
      vertex 0.49748744 0.00998731 0.10000000
      vertex 0.39756175 0.07811801 0.10000000
      vertex 0.41326011 0.07750352 0.10000000
    endloop
  endfacet
  facet normal 0.000000e+00 0.000000e+00 -1.000000e+00
    outer loop
      vertex 0.49748744 0.00998731 0.10000000
      vertex 0.41326011 0.07750352 0.10000000
      vertex 0.42902471 0.07678644 0.10000000
    endloop
  endfacet
  facet normal 0.000000e+00 0.000000e+00 -1.000000e+00
    outer loop
      vertex 0.49748744 0.00998731 0.10000000
      vertex 0.42902471 0.07678644 0.10000000
      vertex 0.44485869 0.07597024 0.10000000
    endloop
  endfacet
  facet normal 0.000000e+00 0.000000e+00 -1.000000e+00
    outer loop
      vertex 0.49748744 0.00998731 0.10000000
      vertex 0.44485869 0.07597024 0.10000000
      vertex 0.46074573 0.07505816 0.10000000
    endloop
  endfacet
  facet normal 0.000000e+00 0.000000e+00 -1.000000e+00
    outer loop
      vertex 0.49748744 0.00998731 0.10000000
      vertex 0.46074573 0.07505816 0.10000000
      vertex 0.47666948 0.07405363 0.10000000
    endloop
  endfacet
  facet normal 0.000000e+00 0.000000e+00 -1.000000e+00
    outer loop
      vertex 0.49748744 0.00998731 0.10000000
      vertex 0.47666948 0.07405363 0.10000000
      vertex 0.49261360 0.07296026 0.10000000
    endloop
  endfacet
  facet normal 0.000000e+00 0.000000e+00 -1.000000e+00
    outer loop
      vertex 0.49748744 0.00998731 0.10000000
      vertex 0.49261360 0.07296026 0.10000000
      vertex 0.50856174 0.07178180 0.10000000
    endloop
  endfacet
  facet normal 0.000000e+00 0.000000e+00 -1.000000e+00
    outer loop
      vertex 0.49748744 0.00998731 0.10000000
      vertex 0.50856174 0.07178180 0.10000000
      vertex 0.52449758 0.07052210 0.10000000
    endloop
  endfacet
  facet normal 0.000000e+00 0.000000e+00 -1.000000e+00
    outer loop
      vertex 0.49748744 0.00998731 0.10000000
      vertex 0.52449758 0.07052210 0.10000000
      vertex 0.54040483 0.06918518 0.10000000
    endloop
  endfacet
  facet normal 0.000000e+00 0.000000e+00 -1.000000e+00
    outer loop
      vertex 0.49748744 0.00998731 0.10000000
      vertex 0.54040483 0.06918518 0.10000000
      vertex 0.55626729 0.06777512 0.10000000
    endloop
  endfacet
  facet normal 0.000000e+00 0.000000e+00 -1.000000e+00
    outer loop
      vertex 0.49748744 0.00998731 0.10000000
      vertex 0.55626729 0.06777512 0.10000000
      vertex 0.57206881 0.06629610 0.10000000
    endloop
  endfacet
  facet normal 0.000000e+00 0.000000e+00 -1.000000e+00
    outer loop
      vertex 0.49748744 0.00998731 0.10000000
      vertex 0.57206881 0.06629610 0.10000000
      vertex 0.58779332 0.06475240 0.10000000
    endloop
  endfacet
  facet normal 0.000000e+00 0.000000e+00 -1.000000e+00
    outer loop
      vertex 0.49748744 0.00998731 0.10000000
      vertex 0.58779332 0.06475240 0.10000000
      vertex 0.60342489 0.06314833 0.10000000
    endloop
  endfacet
  facet normal 0.000000e+00 0.000000e+00 -1.000000e+00
    outer loop
      vertex 0.49748744 0.00998731 0.10000000
      vertex 0.60342489 0.06314833 0.10000000
      vertex 0.61894770 0.06148829 0.10000000
    endloop
  endfacet
  facet normal 0.000000e+00 0.000000e+00 -1.000000e+00
    outer loop
      vertex 0.49748744 0.00998731 0.10000000
      vertex 0.61894770 0.06148829 0.10000000
      vertex 0.63434605 0.05977671 0.10000000
    endloop
  endfacet
  facet normal 0.000000e+00 0.000000e+00 -1.000000e+00
    outer loop
      vertex 0.49748744 0.00998731 0.10000000
      vertex 0.63434605 0.05977671 0.10000000
      vertex 0.64960442 0.05801808 0.10000000
    endloop
  endfacet
  facet normal 0.000000e+00 0.000000e+00 -1.000000e+00
    outer loop
      vertex 0.49748744 0.00998731 0.10000000
      vertex 0.64960442 0.05801808 0.10000000
      vertex 0.66470745 0.05621692 0.10000000
    endloop
  endfacet
  facet normal 0.000000e+00 0.000000e+00 -1.000000e+00
    outer loop
      vertex 0.49748744 0.00998731 0.10000000
      vertex 0.66470745 0.05621692 0.10000000
      vertex 0.67963995 0.05437778 0.10000000
    endloop
  endfacet
  facet normal 0.000000e+00 0.000000e+00 -1.000000e+00
    outer loop
      vertex 0.49748744 0.00998731 0.10000000
      vertex 0.67963995 0.05437778 0.10000000
      vertex 0.69438696 0.05250524 0.10000000
    endloop
  endfacet
  facet normal 0.000000e+00 0.000000e+00 -1.000000e+00
    outer loop
      vertex 0.49748744 0.00998731 0.10000000
      vertex 0.69438696 0.05250524 0.10000000
      vertex 0.70893369 0.05060392 0.10000000
    endloop
  endfacet
  facet normal 0.000000e+00 0.000000e+00 -1.000000e+00
    outer loop
      vertex 0.49748744 0.00998731 0.10000000
      vertex 0.70893369 0.05060392 0.10000000
      vertex 0.72326562 0.04867844 0.10000000
    endloop
  endfacet
  facet normal 0.000000e+00 0.000000e+00 -1.000000e+00
    outer loop
      vertex 0.49748744 0.00998731 0.10000000
      vertex 0.72326562 0.04867844 0.10000000
      vertex 0.73736843 0.04673345 0.10000000
    endloop
  endfacet
  facet normal 0.000000e+00 0.000000e+00 -1.000000e+00
    outer loop
      vertex 0.49748744 0.00998731 0.10000000
      vertex 0.73736843 0.04673345 0.10000000
      vertex 0.75122808 0.04477364 0.10000000
    endloop
  endfacet
  facet normal 0.000000e+00 0.000000e+00 -1.000000e+00
    outer loop
      vertex 0.49748744 0.00998731 0.10000000
      vertex 0.75122808 0.04477364 0.10000000
      vertex 0.76483079 0.04280368 0.10000000
    endloop
  endfacet
  facet normal 0.000000e+00 0.000000e+00 -1.000000e+00
    outer loop
      vertex 0.49748744 0.00998731 0.10000000
      vertex 0.76483079 0.04280368 0.10000000
      vertex 0.77816307 0.04082829 0.10000000
    endloop
  endfacet
  facet normal 0.000000e+00 0.000000e+00 -1.000000e+00
    outer loop
      vertex 0.49748744 0.00998731 0.10000000
      vertex 0.77816307 0.04082829 0.10000000
      vertex 0.79121169 0.03885218 0.10000000
    endloop
  endfacet
  facet normal 0.000000e+00 0.000000e+00 -1.000000e+00
    outer loop
      vertex 0.49748744 0.00998731 0.10000000
      vertex 0.79121169 0.03885218 0.10000000
      vertex 0.80396376 0.03688008 0.10000000
    endloop
  endfacet
  facet normal 0.000000e+00 0.000000e+00 -1.000000e+00
    outer loop
      vertex 0.49748744 0.00998731 0.10000000
      vertex 0.80396376 0.03688008 0.10000000
      vertex 0.81640669 0.03491672 0.10000000
    endloop
  endfacet
  facet normal 0.000000e+00 0.000000e+00 -1.000000e+00
    outer loop
      vertex 0.49748744 0.00998731 0.10000000
      vertex 0.81640669 0.03491672 0.10000000
      vertex 0.82852823 0.03296684 0.10000000
    endloop
  endfacet
  facet normal 0.000000e+00 0.000000e+00 -1.000000e+00
    outer loop
      vertex 0.49748744 0.00998731 0.10000000
      vertex 0.82852823 0.03296684 0.10000000
      vertex 0.84031645 0.03103518 0.10000000
    endloop
  endfacet
  facet normal 0.000000e+00 0.000000e+00 -1.000000e+00
    outer loop
      vertex 0.49748744 0.00998731 0.10000000
      vertex 0.84031645 0.03103518 0.10000000
      vertex 0.85175978 0.02912646 0.10000000
    endloop
  endfacet
  facet normal 0.000000e+00 0.000000e+00 -1.000000e+00
    outer loop
      vertex 0.49748744 0.00998731 0.10000000
      vertex 0.85175978 0.02912646 0.10000000
      vertex 0.86284703 0.02724539 0.10000000
    endloop
  endfacet
  facet normal 0.000000e+00 0.000000e+00 -1.000000e+00
    outer loop
      vertex 0.49748744 0.00998731 0.10000000
      vertex 0.86284703 0.02724539 0.10000000
      vertex 0.87356734 0.02539666 0.10000000
    endloop
  endfacet
  facet normal 0.000000e+00 0.000000e+00 -1.000000e+00
    outer loop
      vertex 0.49748744 0.00998731 0.10000000
      vertex 0.87356734 0.02539666 0.10000000
      vertex 0.88391026 0.02358493 0.10000000
    endloop
  endfacet
  facet normal 0.000000e+00 0.000000e+00 -1.000000e+00
    outer loop
      vertex 0.49748744 0.00998731 0.10000000
      vertex 0.88391026 0.02358493 0.10000000
      vertex 0.89386573 0.02181482 0.10000000
    endloop
  endfacet
  facet normal 0.000000e+00 0.000000e+00 -1.000000e+00
    outer loop
      vertex 0.49748744 0.00998731 0.10000000
      vertex 0.89386573 0.02181482 0.10000000
      vertex 0.90342407 0.02009087 0.10000000
    endloop
  endfacet
  facet normal 0.000000e+00 0.000000e+00 -1.000000e+00
    outer loop
      vertex 0.49748744 0.00998731 0.10000000
      vertex 0.90342407 0.02009087 0.10000000
      vertex 0.91257602 0.01841760 0.10000000
    endloop
  endfacet
  facet normal 0.000000e+00 0.000000e+00 -1.000000e+00
    outer loop
      vertex 0.49748744 0.00998731 0.10000000
      vertex 0.91257602 0.01841760 0.10000000
      vertex 0.92131271 0.01679941 0.10000000
    endloop
  endfacet
  facet normal 0.000000e+00 0.000000e+00 -1.000000e+00
    outer loop
      vertex 0.49748744 0.00998731 0.10000000
      vertex 0.92131271 0.01679941 0.10000000
      vertex 0.92962573 0.01524064 0.10000000
    endloop
  endfacet
  facet normal 0.000000e+00 0.000000e+00 -1.000000e+00
    outer loop
      vertex 0.49748744 0.00998731 0.10000000
      vertex 0.92962573 0.01524064 0.10000000
      vertex 0.93750704 0.01374550 0.10000000
    endloop
  endfacet
  facet normal 0.000000e+00 0.000000e+00 -1.000000e+00
    outer loop
      vertex 0.49748744 0.00998731 0.10000000
      vertex 0.93750704 0.01374550 0.10000000
      vertex 0.94494909 0.01231809 0.10000000
    endloop
  endfacet
  facet normal 0.000000e+00 0.000000e+00 -1.000000e+00
    outer loop
      vertex 0.49748744 0.00998731 0.10000000
      vertex 0.94494909 0.01231809 0.10000000
      vertex 0.95194472 0.01096236 0.10000000
    endloop
  endfacet
  facet normal 0.000000e+00 0.000000e+00 -1.000000e+00
    outer loop
      vertex 0.49748744 0.00998731 0.10000000
      vertex 0.95194472 0.01096236 0.10000000
      vertex 0.95848725 0.00968212 0.10000000
    endloop
  endfacet
  facet normal 0.000000e+00 0.000000e+00 -1.000000e+00
    outer loop
      vertex 0.49748744 0.00998731 0.10000000
      vertex 0.95848725 0.00968212 0.10000000
      vertex 0.96457040 0.00848099 0.10000000
    endloop
  endfacet
  facet normal 0.000000e+00 0.000000e+00 -1.000000e+00
    outer loop
      vertex 0.49748744 0.00998731 0.10000000
      vertex 0.96457040 0.00848099 0.10000000
      vertex 0.97018839 0.00736242 0.10000000
    endloop
  endfacet
  facet normal 0.000000e+00 0.000000e+00 -1.000000e+00
    outer loop
      vertex 0.49748744 0.00998731 0.10000000
      vertex 0.97018839 0.00736242 0.10000000
      vertex 0.97533585 0.00632964 0.10000000
    endloop
  endfacet
  facet normal 0.000000e+00 0.000000e+00 -1.000000e+00
    outer loop
      vertex 0.49748744 0.00998731 0.10000000
      vertex 0.97533585 0.00632964 0.10000000
      vertex 0.98000790 0.00538567 0.10000000
    endloop
  endfacet
  facet normal 0.000000e+00 0.000000e+00 -1.000000e+00
    outer loop
      vertex 0.49748744 0.00998731 0.10000000
      vertex 0.98000790 0.00538567 0.10000000
      vertex 0.98420010 0.00453329 0.10000000
    endloop
  endfacet
  facet normal 0.000000e+00 0.000000e+00 -1.000000e+00
    outer loop
      vertex 0.49748744 0.00998731 0.10000000
      vertex 0.98420010 0.00453329 0.10000000
      vertex 0.98790847 0.00377503 0.10000000
    endloop
  endfacet
  facet normal 0.000000e+00 0.000000e+00 -1.000000e+00
    outer loop
      vertex 0.49748744 0.00998731 0.10000000
      vertex 0.98790847 0.00377503 0.10000000
      vertex 0.99112951 0.00311317 0.10000000
    endloop
  endfacet
  facet normal 0.000000e+00 0.000000e+00 -1.000000e+00
    outer loop
      vertex 0.49748744 0.00998731 0.10000000
      vertex 0.99112951 0.00311317 0.10000000
      vertex 0.99386017 0.00254969 0.10000000
    endloop
  endfacet
  facet normal 0.000000e+00 0.000000e+00 -1.000000e+00
    outer loop
      vertex 0.49748744 0.00998731 0.10000000
      vertex 0.99386017 0.00254969 0.10000000
      vertex 0.99609786 0.00208630 0.10000000
    endloop
  endfacet
  facet normal 0.000000e+00 0.000000e+00 -1.000000e+00
    outer loop
      vertex 0.49748744 0.00998731 0.10000000
      vertex 0.99609786 0.00208630 0.10000000
      vertex 0.99784048 0.00172441 0.10000000
    endloop
  endfacet
  facet normal 0.000000e+00 0.000000e+00 -1.000000e+00
    outer loop
      vertex 0.49748744 0.00998731 0.10000000
      vertex 0.99784048 0.00172441 0.10000000
      vertex 0.99908639 0.00146512 0.10000000
    endloop
  endfacet
  facet normal 0.000000e+00 0.000000e+00 -1.000000e+00
    outer loop
      vertex 0.49748744 0.00998731 0.10000000
      vertex 0.99908639 0.00146512 0.10000000
      vertex 0.99983440 0.00130923 0.10000000
    endloop
  endfacet
  facet normal 0.000000e+00 0.000000e+00 -1.000000e+00
    outer loop
      vertex 0.49748744 0.00998731 0.10000000
      vertex 0.99983440 0.00130923 0.10000000
      vertex 1.00000000 0.00000000 0.10000000
    endloop
  endfacet
  facet normal 0.000000e+00 0.000000e+00 -1.000000e+00
    outer loop
      vertex 0.49748744 0.00998731 0.10000000
      vertex 1.00000000 0.00000000 0.10000000
      vertex 0.99966214 -0.00127567 0.10000000
    endloop
  endfacet
  facet normal 0.000000e+00 0.000000e+00 -1.000000e+00
    outer loop
      vertex 0.49748744 0.00998731 0.10000000
      vertex 0.99966214 -0.00127567 0.10000000
      vertex 0.99890029 -0.00133101 0.10000000
    endloop
  endfacet
  facet normal 0.000000e+00 0.000000e+00 -1.000000e+00
    outer loop
      vertex 0.49748744 0.00998731 0.10000000
      vertex 0.99890029 -0.00133101 0.10000000
      vertex 0.99763144 -0.00142310 0.10000000
    endloop
  endfacet
  facet normal 0.000000e+00 0.000000e+00 -1.000000e+00
    outer loop
      vertex 0.49748744 0.00998731 0.10000000
      vertex 0.99763144 -0.00142310 0.10000000
      vertex 0.99585695 -0.00155175 0.10000000
    endloop
  endfacet
  facet normal 0.000000e+00 0.000000e+00 -1.000000e+00
    outer loop
      vertex 0.49748744 0.00998731 0.10000000
      vertex 0.99585695 -0.00155175 0.10000000
      vertex 0.99357872 -0.00171666 0.10000000
    endloop
  endfacet
  facet normal 0.000000e+00 0.000000e+00 -1.000000e+00
    outer loop
      vertex 0.49748744 0.00998731 0.10000000
      vertex 0.99357872 -0.00171666 0.10000000
      vertex 0.99079919 -0.00191749 0.10000000
    endloop
  endfacet
  facet normal 0.000000e+00 0.000000e+00 -1.000000e+00
    outer loop
      vertex 0.49748744 0.00998731 0.10000000
      vertex 0.99079919 -0.00191749 0.10000000
      vertex 0.98752131 -0.00215379 0.10000000
    endloop
  endfacet
  facet normal 0.000000e+00 0.000000e+00 -1.000000e+00
    outer loop
      vertex 0.49748744 0.00998731 0.10000000
      vertex 0.98752131 -0.00215379 0.10000000
      vertex 0.98374860 -0.00242507 0.10000000
    endloop
  endfacet
  facet normal 0.000000e+00 0.000000e+00 -1.000000e+00
    outer loop
      vertex 0.49748744 0.00998731 0.10000000
      vertex 0.98374860 -0.00242507 0.10000000
      vertex 0.97948507 -0.00273078 0.10000000
    endloop
  endfacet
  facet normal 0.000000e+00 0.000000e+00 -1.000000e+00
    outer loop
      vertex 0.49748744 0.00998731 0.10000000
      vertex 0.97948507 -0.00273078 0.10000000
      vertex 0.97473526 -0.00307029 0.10000000
    endloop
  endfacet
  facet normal 0.000000e+00 0.000000e+00 -1.000000e+00
    outer loop
      vertex 0.49748744 0.00998731 0.10000000
      vertex 0.97473526 -0.00307029 0.10000000
      vertex 0.96950423 -0.00344295 0.10000000
    endloop
  endfacet
  facet normal 0.000000e+00 0.000000e+00 -1.000000e+00
    outer loop
      vertex 0.49748744 0.00998731 0.10000000
      vertex 0.96950423 -0.00344295 0.10000000
      vertex 0.96379753 -0.00384805 0.10000000
    endloop
  endfacet
  facet normal 0.000000e+00 0.000000e+00 -1.000000e+00
    outer loop
      vertex 0.49748744 0.00998731 0.10000000
      vertex 0.96379753 -0.00384805 0.10000000
      vertex 0.95762121 -0.00428484 0.10000000
    endloop
  endfacet
  facet normal 0.000000e+00 0.000000e+00 -1.000000e+00
    outer loop
      vertex 0.49748744 0.00998731 0.10000000
      vertex 0.95762121 -0.00428484 0.10000000
      vertex 0.95098181 -0.00475256 0.10000000
    endloop
  endfacet
  facet normal 0.000000e+00 0.000000e+00 -1.000000e+00
    outer loop
      vertex 0.49748744 0.00998731 0.10000000
      vertex 0.95098181 -0.00475256 0.10000000
      vertex 0.94388636 -0.00525039 0.10000000
    endloop
  endfacet
  facet normal 0.000000e+00 0.000000e+00 -1.000000e+00
    outer loop
      vertex 0.49748744 0.00998731 0.10000000
      vertex 0.94388636 -0.00525039 0.10000000
      vertex 0.93634233 -0.00577752 0.10000000
    endloop
  endfacet
  facet normal 0.000000e+00 0.000000e+00 -1.000000e+00
    outer loop
      vertex 0.49748744 0.00998731 0.10000000
      vertex 0.93634233 -0.00577752 0.10000000
      vertex 0.92835769 -0.00633311 0.10000000
    endloop
  endfacet
  facet normal 0.000000e+00 0.000000e+00 -1.000000e+00
    outer loop
      vertex 0.49748744 0.00998731 0.10000000
      vertex 0.92835769 -0.00633311 0.10000000
      vertex 0.91994082 -0.00691633 0.10000000
    endloop
  endfacet
  facet normal 0.000000e+00 0.000000e+00 -1.000000e+00
    outer loop
      vertex 0.49748744 0.00998731 0.10000000
      vertex 0.91994082 -0.00691633 0.10000000
      vertex 0.91110056 -0.00752631 0.10000000
    endloop
  endfacet
  facet normal 0.000000e+00 0.000000e+00 -1.000000e+00
    outer loop
      vertex 0.49748744 0.00998731 0.10000000
      vertex 0.91110056 -0.00752631 0.10000000
      vertex 0.90184618 -0.00816221 0.10000000
    endloop
  endfacet
  facet normal 0.000000e+00 0.000000e+00 -1.000000e+00
    outer loop
      vertex 0.49748744 0.00998731 0.10000000
      vertex 0.90184618 -0.00816221 0.10000000
      vertex 0.89218736 -0.00882317 0.10000000
    endloop
  endfacet
  facet normal 0.000000e+00 0.000000e+00 -1.000000e+00
    outer loop
      vertex 0.49748744 0.00998731 0.10000000
      vertex 0.89218736 -0.00882317 0.10000000
      vertex 0.88213418 -0.00950832 0.10000000
    endloop
  endfacet
  facet normal 0.000000e+00 0.000000e+00 -1.000000e+00
    outer loop
      vertex 0.49748744 0.00998731 0.10000000
      vertex 0.88213418 -0.00950832 0.10000000
      vertex 0.87169711 -0.01021680 0.10000000
    endloop
  endfacet
  facet normal 0.000000e+00 0.000000e+00 -1.000000e+00
    outer loop
      vertex 0.49748744 0.00998731 0.10000000
      vertex 0.87169711 -0.01021680 0.10000000
      vertex 0.86088701 -0.01094774 0.10000000
    endloop
  endfacet
  facet normal 0.000000e+00 0.000000e+00 -1.000000e+00
    outer loop
      vertex 0.49748744 0.00998731 0.10000000
      vertex 0.86088701 -0.01094774 0.10000000
      vertex 0.84971510 -0.01170026 0.10000000
    endloop
  endfacet
  facet normal 0.000000e+00 0.000000e+00 -1.000000e+00
    outer loop
      vertex 0.49748744 0.00998731 0.10000000
      vertex 0.84971510 -0.01170026 0.10000000
      vertex 0.83819296 -0.01247348 0.10000000
    endloop
  endfacet
  facet normal 0.000000e+00 0.000000e+00 -1.000000e+00
    outer loop
      vertex 0.49748744 0.00998731 0.10000000
      vertex 0.83819296 -0.01247348 0.10000000
      vertex 0.82633250 -0.01326648 0.10000000
    endloop
  endfacet
  facet normal 0.000000e+00 0.000000e+00 -1.000000e+00
    outer loop
      vertex 0.49748744 0.00998731 0.10000000
      vertex 0.82633250 -0.01326648 0.10000000
      vertex 0.81414597 -0.01407832 0.10000000
    endloop
  endfacet
  facet normal 0.000000e+00 0.000000e+00 -1.000000e+00
    outer loop
      vertex 0.49748744 0.00998731 0.10000000
      vertex 0.81414597 -0.01407832 0.10000000
      vertex 0.80164593 -0.01490805 0.10000000
    endloop
  endfacet
  facet normal 0.000000e+00 0.000000e+00 -1.000000e+00
    outer loop
      vertex 0.49748744 0.00998731 0.10000000
      vertex 0.80164593 -0.01490805 0.10000000
      vertex 0.78884522 -0.01575465 0.10000000
    endloop
  endfacet
  facet normal 0.000000e+00 0.000000e+00 -1.000000e+00
    outer loop
      vertex 0.49748744 0.00998731 0.10000000
      vertex 0.78884522 -0.01575465 0.10000000
      vertex 0.77575700 -0.01661705 0.10000000
    endloop
  endfacet
  facet normal 0.000000e+00 0.000000e+00 -1.000000e+00
    outer loop
      vertex 0.49748744 0.00998731 0.10000000
      vertex 0.77575700 -0.01661705 0.10000000
      vertex 0.76239467 -0.01749415 0.10000000
    endloop
  endfacet
  facet normal 0.000000e+00 0.000000e+00 -1.000000e+00
    outer loop
      vertex 0.49748744 0.00998731 0.10000000
      vertex 0.76239467 -0.01749415 0.10000000
      vertex 0.74877192 -0.01838475 0.10000000
    endloop
  endfacet
  facet normal 0.000000e+00 0.000000e+00 -1.000000e+00
    outer loop
      vertex 0.49748744 0.00998731 0.10000000
      vertex 0.74877192 -0.01838475 0.10000000
      vertex 0.73490265 -0.01928757 0.10000000
    endloop
  endfacet
  facet normal 0.000000e+00 0.000000e+00 -1.000000e+00
    outer loop
      vertex 0.49748744 0.00998731 0.10000000
      vertex 0.73490265 -0.01928757 0.10000000
      vertex 0.72080100 -0.02020126 0.10000000
    endloop
  endfacet
  facet normal 0.000000e+00 0.000000e+00 -1.000000e+00
    outer loop
      vertex 0.49748744 0.00998731 0.10000000
      vertex 0.72080100 -0.02020126 0.10000000
      vertex 0.70648132 -0.02112435 0.10000000
    endloop
  endfacet
  facet normal 0.000000e+00 0.000000e+00 -1.000000e+00
    outer loop
      vertex 0.49748744 0.00998731 0.10000000
      vertex 0.70648132 -0.02112435 0.10000000
      vertex 0.69195817 -0.02205526 0.10000000
    endloop
  endfacet
  facet normal 0.000000e+00 0.000000e+00 -1.000000e+00
    outer loop
      vertex 0.49748744 0.00998731 0.10000000
      vertex 0.69195817 -0.02205526 0.10000000
      vertex 0.67724627 -0.02299229 0.10000000
    endloop
  endfacet
  facet normal 0.000000e+00 0.000000e+00 -1.000000e+00
    outer loop
      vertex 0.49748744 0.00998731 0.10000000
      vertex 0.67724627 -0.02299229 0.10000000
      vertex 0.66236052 -0.02393361 0.10000000
    endloop
  endfacet
  facet normal 0.000000e+00 0.000000e+00 -1.000000e+00
    outer loop
      vertex 0.49748744 0.00998731 0.10000000
      vertex 0.66236052 -0.02393361 0.10000000
      vertex 0.64731595 -0.02487725 0.10000000
    endloop
  endfacet
  facet normal 0.000000e+00 0.000000e+00 -1.000000e+00
    outer loop
      vertex 0.49748744 0.00998731 0.10000000
      vertex 0.64731595 -0.02487725 0.10000000
      vertex 0.63212776 -0.02582110 0.10000000
    endloop
  endfacet
  facet normal 0.000000e+00 0.000000e+00 -1.000000e+00
    outer loop
      vertex 0.49748744 0.00998731 0.10000000
      vertex 0.63212776 -0.02582110 0.10000000
      vertex 0.61681124 -0.02676290 0.10000000
    endloop
  endfacet
  facet normal 0.000000e+00 0.000000e+00 -1.000000e+00
    outer loop
      vertex 0.49748744 0.00998731 0.10000000
      vertex 0.61681124 -0.02676290 0.10000000
      vertex 0.60138178 -0.02770023 0.10000000
    endloop
  endfacet
  facet normal 0.000000e+00 0.000000e+00 -1.000000e+00
    outer loop
      vertex 0.49748744 0.00998731 0.10000000
      vertex 0.60138178 -0.02770023 0.10000000
      vertex 0.58585486 -0.02863053 0.10000000
    endloop
  endfacet
  facet normal 0.000000e+00 0.000000e+00 -1.000000e+00
    outer loop
      vertex 0.49748744 0.00998731 0.10000000
      vertex 0.58585486 -0.02863053 0.10000000
      vertex 0.57024603 -0.02955109 0.10000000
    endloop
  endfacet
  facet normal 0.000000e+00 0.000000e+00 -1.000000e+00
    outer loop
      vertex 0.49748744 0.00998731 0.10000000
      vertex 0.57024603 -0.02955109 0.10000000
      vertex 0.55457091 -0.03045902 0.10000000
    endloop
  endfacet
  facet normal 0.000000e+00 0.000000e+00 -1.000000e+00
    outer loop
      vertex 0.49748744 0.00998731 0.10000000
      vertex 0.55457091 -0.03045902 0.10000000
      vertex 0.53884512 -0.03135131 0.10000000
    endloop
  endfacet
  facet normal 0.000000e+00 0.000000e+00 -1.000000e+00
    outer loop
      vertex 0.49748744 0.00998731 0.10000000
      vertex 0.53884512 -0.03135131 0.10000000
      vertex 0.52308434 -0.03222479 0.10000000
    endloop
  endfacet
  facet normal 0.000000e+00 0.000000e+00 -1.000000e+00
    outer loop
      vertex 0.49748744 0.00998731 0.10000000
      vertex 0.52308434 -0.03222479 0.10000000
      vertex 0.50730422 -0.03307619 0.10000000
    endloop
  endfacet
  facet normal 0.000000e+00 -0.000000e+00 -1.000000e+00
    outer loop
      vertex 0.49748744 0.00998731 0.10000000
      vertex 0.50730422 -0.03307619 0.10000000
      vertex 0.49152043 -0.03390208 0.10000000
    endloop
  endfacet
  facet normal 0.000000e+00 0.000000e+00 -1.000000e+00
    outer loop
      vertex 0.49748744 0.00998731 0.10000000
      vertex 0.49152043 -0.03390208 0.10000000
      vertex 0.47574860 -0.03469895 0.10000000
    endloop
  endfacet
  facet normal 0.000000e+00 0.000000e+00 -1.000000e+00
    outer loop
      vertex 0.49748744 0.00998731 0.10000000
      vertex 0.47574860 -0.03469895 0.10000000
      vertex 0.46000431 -0.03546317 0.10000000
    endloop
  endfacet
  facet normal 0.000000e+00 0.000000e+00 -1.000000e+00
    outer loop
      vertex 0.49748744 0.00998731 0.10000000
      vertex 0.46000431 -0.03546317 0.10000000
      vertex 0.44430311 -0.03619107 0.10000000
    endloop
  endfacet
  facet normal 0.000000e+00 0.000000e+00 -1.000000e+00
    outer loop
      vertex 0.49748744 0.00998731 0.10000000
      vertex 0.44430311 -0.03619107 0.10000000
      vertex 0.42866045 -0.03687887 0.10000000
    endloop
  endfacet
  facet normal 0.000000e+00 0.000000e+00 -1.000000e+00
    outer loop
      vertex 0.49748744 0.00998731 0.10000000
      vertex 0.42866045 -0.03687887 0.10000000
      vertex 0.41309171 -0.03752281 0.10000000
    endloop
  endfacet
  facet normal 0.000000e+00 0.000000e+00 -1.000000e+00
    outer loop
      vertex 0.49748744 0.00998731 0.10000000
      vertex 0.41309171 -0.03752281 0.10000000
      vertex 0.39763159 -0.03811945 0.10000000
    endloop
  endfacet
  facet normal 0.000000e+00 0.000000e+00 -1.000000e+00
    outer loop
      vertex 0.49748744 0.00998731 0.10000000
      vertex 0.39763159 -0.03811945 0.10000000
      vertex 0.38238267 -0.03868555 0.10000000
    endloop
  endfacet
  facet normal 0.000000e+00 0.000000e+00 -1.000000e+00
    outer loop
      vertex 0.49748744 0.00998731 0.10000000
      vertex 0.38238267 -0.03868555 0.10000000
      vertex 0.36725409 -0.03922840 0.10000000
    endloop
  endfacet
  facet normal 0.000000e+00 0.000000e+00 -1.000000e+00
    outer loop
      vertex 0.49748744 0.00998731 0.10000000
      vertex 0.36725409 -0.03922840 0.10000000
      vertex 0.35226005 -0.03974341 0.10000000
    endloop
  endfacet
  facet normal 0.000000e+00 0.000000e+00 -1.000000e+00
    outer loop
      vertex 0.49748744 0.00998731 0.10000000
      vertex 0.35226005 -0.03974341 0.10000000
      vertex 0.33741460 -0.04022596 0.10000000
    endloop
  endfacet
  facet normal 0.000000e+00 0.000000e+00 -1.000000e+00
    outer loop
      vertex 0.49748744 0.00998731 0.10000000
      vertex 0.33741460 -0.04022596 0.10000000
      vertex 0.32273162 -0.04067142 0.10000000
    endloop
  endfacet
  facet normal 0.000000e+00 0.000000e+00 -1.000000e+00
    outer loop
      vertex 0.49748744 0.00998731 0.10000000
      vertex 0.32273162 -0.04067142 0.10000000
      vertex 0.30822479 -0.04107518 0.10000000
    endloop
  endfacet
  facet normal 0.000000e+00 0.000000e+00 -1.000000e+00
    outer loop
      vertex 0.49748744 0.00998731 0.10000000
      vertex 0.30822479 -0.04107518 0.10000000
      vertex 0.29390764 -0.04143267 0.10000000
    endloop
  endfacet
  facet normal 0.000000e+00 0.000000e+00 -1.000000e+00
    outer loop
      vertex 0.49748744 0.00998731 0.10000000
      vertex 0.29390764 -0.04143267 0.10000000
      vertex 0.27979347 -0.04173941 0.10000000
    endloop
  endfacet
  facet normal 0.000000e+00 0.000000e+00 -1.000000e+00
    outer loop
      vertex 0.49748744 0.00998731 0.10000000
      vertex 0.27979347 -0.04173941 0.10000000
      vertex 0.26589541 -0.04199100 0.10000000
    endloop
  endfacet
  facet normal 0.000000e+00 0.000000e+00 -1.000000e+00
    outer loop
      vertex 0.49748744 0.00998731 0.10000000
      vertex 0.26589541 -0.04199100 0.10000000
      vertex 0.25222640 -0.04218319 0.10000000
    endloop
  endfacet
  facet normal 0.000000e+00 0.000000e+00 -1.000000e+00
    outer loop
      vertex 0.49748744 0.00998731 0.10000000
      vertex 0.25222640 -0.04218319 0.10000000
      vertex 0.23879915 -0.04231187 0.10000000
    endloop
  endfacet
  facet normal 0.000000e+00 0.000000e+00 -1.000000e+00
    outer loop
      vertex 0.49748744 0.00998731 0.10000000
      vertex 0.23879915 -0.04231187 0.10000000
      vertex 0.22562618 -0.04237310 0.10000000
    endloop
  endfacet
  facet normal 0.000000e+00 0.000000e+00 -1.000000e+00
    outer loop
      vertex 0.49748744 0.00998731 0.10000000
      vertex 0.22562618 -0.04237310 0.10000000
      vertex 0.21271980 -0.04236314 0.10000000
    endloop
  endfacet
  facet normal 0.000000e+00 0.000000e+00 -1.000000e+00
    outer loop
      vertex 0.49748744 0.00998731 0.10000000
      vertex 0.21271980 -0.04236314 0.10000000
      vertex 0.20009208 -0.04227847 0.10000000
    endloop
  endfacet
  facet normal 0.000000e+00 0.000000e+00 -1.000000e+00
    outer loop
      vertex 0.49748744 0.00998731 0.10000000
      vertex 0.20009208 -0.04227847 0.10000000
      vertex 0.18775491 -0.04211579 0.10000000
    endloop
  endfacet
  facet normal 0.000000e+00 0.000000e+00 -1.000000e+00
    outer loop
      vertex 0.49748744 0.00998731 0.10000000
      vertex 0.18775491 -0.04211579 0.10000000
      vertex 0.17571991 -0.04187203 0.10000000
    endloop
  endfacet
  facet normal 0.000000e+00 0.000000e+00 -1.000000e+00
    outer loop
      vertex 0.49748744 0.00998731 0.10000000
      vertex 0.17571991 -0.04187203 0.10000000
      vertex 0.16399850 -0.04154441 0.10000000
    endloop
  endfacet
  facet normal 0.000000e+00 0.000000e+00 -1.000000e+00
    outer loop
      vertex 0.49748744 0.00998731 0.10000000
      vertex 0.16399850 -0.04154441 0.10000000
      vertex 0.15260186 -0.04113036 0.10000000
    endloop
  endfacet
  facet normal 0.000000e+00 0.000000e+00 -1.000000e+00
    outer loop
      vertex 0.49748744 0.00998731 0.10000000
      vertex 0.15260186 -0.04113036 0.10000000
      vertex 0.14154091 -0.04062761 0.10000000
    endloop
  endfacet
  facet normal 0.000000e+00 0.000000e+00 -1.000000e+00
    outer loop
      vertex 0.49748744 0.00998731 0.10000000
      vertex 0.14154091 -0.04062761 0.10000000
      vertex 0.13082633 -0.04003414 0.10000000
    endloop
  endfacet
  facet normal 0.000000e+00 0.000000e+00 -1.000000e+00
    outer loop
      vertex 0.49748744 0.00998731 0.10000000
      vertex 0.13082633 -0.04003414 0.10000000
      vertex 0.12046854 -0.03934821 0.10000000
    endloop
  endfacet
  facet normal 0.000000e+00 0.000000e+00 -1.000000e+00
    outer loop
      vertex 0.49748744 0.00998731 0.10000000
      vertex 0.12046854 -0.03934821 0.10000000
      vertex 0.11047770 -0.03856834 0.10000000
    endloop
  endfacet
  facet normal 0.000000e+00 0.000000e+00 -1.000000e+00
    outer loop
      vertex 0.49748744 0.00998731 0.10000000
      vertex 0.11047770 -0.03856834 0.10000000
      vertex 0.10086369 -0.03769328 0.10000000
    endloop
  endfacet
  facet normal 0.000000e+00 0.000000e+00 -1.000000e+00
    outer loop
      vertex 0.49748744 0.00998731 0.10000000
      vertex 0.10086369 -0.03769328 0.10000000
      vertex 0.09163611 -0.03672206 0.10000000
    endloop
  endfacet
  facet normal 0.000000e+00 0.000000e+00 -1.000000e+00
    outer loop
      vertex 0.49748744 0.00998731 0.10000000
      vertex 0.09163611 -0.03672206 0.10000000
      vertex 0.08280424 -0.03565393 0.10000000
    endloop
  endfacet
  facet normal 0.000000e+00 0.000000e+00 -1.000000e+00
    outer loop
      vertex 0.49748744 0.00998731 0.10000000
      vertex 0.08280424 -0.03565393 0.10000000
      vertex 0.07437708 -0.03448838 0.10000000
    endloop
  endfacet
  facet normal 0.000000e+00 0.000000e+00 -1.000000e+00
    outer loop
      vertex 0.49748744 0.00998731 0.10000000
      vertex 0.07437708 -0.03448838 0.10000000
      vertex 0.06636330 -0.03322510 0.10000000
    endloop
  endfacet
  facet normal 0.000000e+00 0.000000e+00 -1.000000e+00
    outer loop
      vertex 0.49748744 0.00998731 0.10000000
      vertex 0.06636330 -0.03322510 0.10000000
      vertex 0.05877124 -0.03186396 0.10000000
    endloop
  endfacet
  facet normal 0.000000e+00 0.000000e+00 -1.000000e+00
    outer loop
      vertex 0.49748744 0.00998731 0.10000000
      vertex 0.05877124 -0.03186396 0.10000000
      vertex 0.05160889 -0.03040502 0.10000000
    endloop
  endfacet
  facet normal 0.000000e+00 0.000000e+00 -1.000000e+00
    outer loop
      vertex 0.49748744 0.00998731 0.10000000
      vertex 0.05160889 -0.03040502 0.10000000
      vertex 0.04488389 -0.02884850 0.10000000
    endloop
  endfacet
  facet normal 0.000000e+00 0.000000e+00 -1.000000e+00
    outer loop
      vertex 0.49748744 0.00998731 0.10000000
      vertex 0.04488389 -0.02884850 0.10000000
      vertex 0.03860350 -0.02719476 0.10000000
    endloop
  endfacet
  facet normal 0.000000e+00 0.000000e+00 -1.000000e+00
    outer loop
      vertex 0.49748744 0.00998731 0.10000000
      vertex 0.03860350 -0.02719476 0.10000000
      vertex 0.03277460 -0.02544426 0.10000000
    endloop
  endfacet
  facet normal 0.000000e+00 0.000000e+00 -1.000000e+00
    outer loop
      vertex 0.49748744 0.00998731 0.10000000
      vertex 0.03277460 -0.02544426 0.10000000
      vertex 0.02740368 -0.02359757 0.10000000
    endloop
  endfacet
  facet normal 0.000000e+00 0.000000e+00 -1.000000e+00
    outer loop
      vertex 0.49748744 0.00998731 0.10000000
      vertex 0.02740368 -0.02359757 0.10000000
      vertex 0.02249681 -0.02165535 0.10000000
    endloop
  endfacet
  facet normal 0.000000e+00 0.000000e+00 -1.000000e+00
    outer loop
      vertex 0.49748744 0.00998731 0.10000000
      vertex 0.02249681 -0.02165535 0.10000000
      vertex 0.01805963 -0.01961830 0.10000000
    endloop
  endfacet
  facet normal 0.000000e+00 0.000000e+00 -1.000000e+00
    outer loop
      vertex 0.49748744 0.00998731 0.10000000
      vertex 0.01805963 -0.01961830 0.10000000
      vertex 0.01409736 -0.01748717 0.10000000
    endloop
  endfacet
  facet normal 0.000000e+00 0.000000e+00 -1.000000e+00
    outer loop
      vertex 0.49748744 0.00998731 0.10000000
      vertex 0.01409736 -0.01748717 0.10000000
      vertex 0.01061477 -0.01526274 0.10000000
    endloop
  endfacet
  facet normal 0.000000e+00 0.000000e+00 -1.000000e+00
    outer loop
      vertex 0.49748744 0.00998731 0.10000000
      vertex 0.01061477 -0.01526274 0.10000000
      vertex 0.00761614 -0.01294580 0.10000000
    endloop
  endfacet
  facet normal 0.000000e+00 0.000000e+00 -1.000000e+00
    outer loop
      vertex 0.49748744 0.00998731 0.10000000
      vertex 0.00761614 -0.01294580 0.10000000
      vertex 0.00510533 -0.01053713 0.10000000
    endloop
  endfacet
  facet normal 0.000000e+00 0.000000e+00 -1.000000e+00
    outer loop
      vertex 0.49748744 0.00998731 0.10000000
      vertex 0.00510533 -0.01053713 0.10000000
      vertex 0.00308569 -0.00803749 0.10000000
    endloop
  endfacet
  facet normal 0.000000e+00 0.000000e+00 -1.000000e+00
    outer loop
      vertex 0.49748744 0.00998731 0.10000000
      vertex 0.00308569 -0.00803749 0.10000000
      vertex 0.00156008 -0.00544762 0.10000000
    endloop
  endfacet
  facet normal 0.000000e+00 0.000000e+00 -1.000000e+00
    outer loop
      vertex 0.49748744 0.00998731 0.10000000
      vertex 0.00156008 -0.00544762 0.10000000
      vertex 0.00053089 -0.00276824 0.10000000
    endloop
  endfacet
  facet normal 0.000000e+00 0.000000e+00 -1.000000e+00
    outer loop
      vertex 0.49748744 0.00998731 0.10000000
      vertex 0.00053089 -0.00276824 0.10000000
      vertex 0.00000000 0.00000000 0.10000000
    endloop
  endfacet
  facet normal 0.000000e+00 0.000000e+00 0.000000e+00
    outer loop
      vertex 0.49748744 0.00998731 0.10000000
      vertex 0.00000000 0.00000000 0.10000000
      vertex 0.00000000 0.00000000 0.10000000
    endloop
  endfacet
endsolid NACA2412
